SUMLEV,COUNTY,CTYNAME,YEAR,POPESTIMATE,POPEST_MALE,POPEST_FEM,UNDER5_TOT,UNDER5_MALE,UNDER5_FEM,AGE513_TOT,AGE513_MALE,AGE513_FEM,AGE1417_TOT,AGE1417_MALE,AGE1417_FEM,AGE1824_TOT,AGE1824_MALE,AGE1824_FEM,AGE16PLUS_TOT,AGE16PLUS_MALE,AGE16PLUS_FEM,AGE18PLUS_TOT,AGE18PLUS_MALE,AGE18PLUS_FEM,AGE1544_TOT,AGE1544_MALE,AGE1544_FEM,AGE2544_TOT,AGE2544_MALE,AGE2544_FEM,AGE4564_TOT,AGE4564_MALE,AGE4564_FEM,AGE65PLUS_TOT,AGE65PLUS_MALE,AGE65PLUS_FEM,AGE04_TOT,AGE04_MALE,AGE04_FEM,AGE59_TOT,AGE59_MALE,AGE59_FEM,AGE1014_TOT,AGE1014_MALE,AGE1014_FEM,AGE1519_TOT,AGE1519_MALE,AGE1519_FEM,AGE2024_TOT,AGE2024_MALE,AGE2024_FEM,AGE2529_TOT,AGE2529_MALE,AGE2529_FEM,AGE3034_TOT,AGE3034_MALE,AGE3034_FEM,AGE3539_TOT,AGE3539_MALE,AGE3539_FEM,AGE4044_TOT,AGE4044_MALE,AGE4044_FEM,AGE4549_TOT,AGE4549_MALE,AGE4549_FEM,AGE5054_TOT,AGE5054_MALE,AGE5054_FEM,AGE5559_TOT,AGE5559_MALE,AGE5559_FEM,AGE6064_TOT,AGE6064_MALE,AGE6064_FEM,AGE6569_TOT,AGE6569_MALE,AGE6569_FEM,AGE7074_TOT,AGE7074_MALE,AGE7074_FEM,AGE7579_TOT,AGE7579_MALE,AGE7579_FEM,AGE8084_TOT,AGE8084_MALE,AGE8084_FEM,AGE85PLUS_TOT,AGE85PLUS_MALE,AGE85PLUS_FEM,MEDIAN_AGE_TOT,MEDIAN_AGE_MALE,MEDIAN_AGE_FEM
050,001,Adjuntas Municipio,1,18020,8797,9223,604,315,289,1849,906,943,851,448,403,1585,799,786,15126,7341,7785,14716,7128,7588,6600,3259,3341,4380,2133,2247,4947,2402,2545,3804,1794,2010,604,315,289,939,467,472,1126,560,566,1097,568,529,1123,558,565,1156,602,554,1035,505,530,1088,508,580,1101,518,583,1053,509,544,1268,611,657,1349,662,687,1277,620,657,1152,551,601,1002,494,508,705,343,362,473,220,253,472,186,286,43.8,43,44.5
050,001,Adjuntas Municipio,2,18008,8790,9218,585,307,278,1832,896,936,855,449,406,1579,797,782,15150,7351,7799,14736,7138,7598,6594,3260,3334,4378,2134,2244,4934,2392,2542,3845,1815,2030,585,307,278,928,462,466,1122,554,568,1091,565,526,1125,561,564,1148,595,553,1048,515,533,1079,503,576,1103,521,582,1051,506,545,1261,608,653,1340,659,681,1282,619,663,1166,560,606,1000,490,510,721,353,368,479,221,258,479,191,288,44,43.1,44.7
050,001,Adjuntas Municipio,3,18026,8798,9228,543,284,259,1770,865,905,867,452,415,1538,782,756,15276,7418,7858,14846,7197,7649,6581,3275,3306,4398,2153,2245,4921,2375,2546,3989,1887,2102,543,284,259,892,447,445,1100,530,570,1058,555,503,1125,567,558,1121,569,552,1098,552,546,1062,496,566,1117,536,581,1060,502,558,1241,601,640,1317,653,664,1303,619,684,1214,587,627,985,480,505,768,377,391,502,232,270,520,211,309,44.5,43.7,45.3
050,001,Adjuntas Municipio,4,17896,8743,9153,526,280,246,1654,818,836,874,448,426,1473,745,728,15270,7428,7842,14842,7197,7645,6491,3232,3259,4374,2147,2227,4894,2358,2536,4101,1947,2154,526,280,246,831,417,414,1053,509,544,1031,538,493,1086,547,539,1102,556,546,1120,565,555,1033,485,548,1119,541,578,1065,498,567,1194,586,608,1307,645,662,1328,629,699,1225,598,627,991,490,501,799,383,416,527,251,276,559,225,334,45.2,44.4,46
050,001,Adjuntas Municipio,5,17887,8725,9162,512,268,244,1549,770,779,883,443,440,1442,733,709,15367,7470,7897,14943,7244,7699,6497,3231,3266,4403,2165,2238,4893,2356,2537,4205,1990,2215,512,268,244,759,373,386,1021,507,514,1056,539,517,1038,527,511,1097,544,553,1145,582,563,1033,495,538,1128,544,584,1087,502,585,1142,568,574,1306,631,675,1358,655,703,1222,600,622,1008,498,510,833,398,435,551,262,289,591,232,359,45.7,44.9,46.5
050,001,Adjuntas Municipio,6,17981,8790,9191,523,272,251,1464,742,722,888,427,461,1438,742,696,15551,7567,7984,15106,7349,7757,6547,3251,3296,4434,2181,2253,4883,2362,2521,4351,2064,2287,523,272,251,693,349,344,984,492,492,1086,550,536,1027,520,507,1091,533,558,1161,598,563,1044,507,537,1138,543,595,1116,521,595,1109,552,557,1290,618,672,1368,671,697,1232,602,630,1043,515,528,868,416,452,574,278,296,634,253,381,46.1,45.3,46.8
050,003,Aguada Municipio,1,38136,18626,19510,1181,596,585,3309,1650,1659,1686,846,840,3306,1693,1613,32793,15942,16851,31960,15534,16426,13977,7050,6927,9407,4727,4680,11147,5307,5840,8100,3807,4293,1181,596,585,1737,863,874,1994,1003,991,2156,1096,1060,2414,1227,1187,2510,1279,1231,2305,1169,1136,2165,1074,1091,2427,1205,1222,2306,1142,1164,2768,1283,1485,3076,1465,1611,2997,1417,1580,2621,1280,1341,2105,1012,1093,1501,706,795,977,465,512,896,344,552,45.4,44.1,46.6
050,003,Aguada Municipio,2,38109,18624,19485,1159,586,573,3277,1636,1641,1688,845,843,3279,1684,1595,32821,15967,16854,31985,15557,16428,13948,7042,6906,9404,4727,4677,11121,5300,5821,8181,3846,4335,1159,586,573,1718,855,863,1982,995,987,2143,1088,1055,2401,1227,1174,2505,1276,1229,2325,1182,1143,2149,1065,1084,2425,1204,1221,2300,1139,1161,2738,1270,1468,3086,1470,1616,2997,1421,1576,2647,1289,1358,2113,1017,1096,1515,712,803,988,473,515,918,355,563,45.5,44.3,46.8
050,003,Aguada Municipio,3,38004,18569,19435,1069,534,535,3145,1577,1568,1681,840,841,3175,1629,1546,32953,16042,16911,32109,15618,16491,13882,7040,6842,9441,4774,4667,10999,5239,5760,8494,3976,4518,1069,534,535,1633,818,815,1927,962,965,2087,1053,1034,2354,1213,1141,2505,1280,1225,2402,1235,1167,2115,1058,1057,2419,1201,1218,2284,1130,1154,2618,1225,1393,3092,1463,1629,3005,1421,1584,2731,1311,1420,2143,1047,1096,1595,732,863,1031,492,539,994,394,600,46,44.7,47.3
050,003,Aguada Municipio,4,37647,18387,19260,1053,537,516,2958,1481,1477,1618,809,809,3033,1540,1493,32849,15985,16864,32018,15560,16458,13629,6906,6723,9357,4742,4615,10859,5185,5674,8769,4093,4676,1053,537,516,1495,751,744,1842,915,927,2036,1015,1021,2236,1149,1087,2483,1283,1200,2403,1228,1175,2088,1056,1032,2383,1175,1208,2264,1117,1147,2519,1204,1315,3044,1437,1607,3032,1427,1605,2785,1332,1453,2172,1049,1123,1696,776,920,1063,508,555,1053,428,625,46.7,45.4,48
050,003,Aguada Municipio,5,37509,18323,19186,1024,514,510,2801,1407,1394,1576,783,793,2949,1500,1449,32925,16025,16900,32108,15619,16489,13515,6856,6659,9371,4766,4605,10751,5139,5612,9037,4214,4823,1024,514,510,1377,702,675,1805,898,907,2001,996,1005,2143,1094,1049,2463,1276,1187,2441,1255,1186,2137,1080,1057,2330,1155,1175,2310,1138,1172,2436,1183,1253,2966,1395,1571,3039,1423,1616,2845,1350,1495,2227,1070,1157,1763,813,950,1119,528,591,1083,453,630,47.2,45.8,48.5
050,003,Aguada Municipio,6,37523,18351,19172,1025,525,500,2667,1333,1334,1539,772,767,2922,1495,1427,33078,16105,16973,32292,15721,16571,13488,6862,6626,9397,4789,4608,10668,5107,5561,9305,4330,4975,1025,525,500,1274,646,628,1763,881,882,1983,997,986,2108,1076,1032,2421,1244,1177,2480,1282,1198,2251,1141,1110,2245,1122,1123,2378,1172,1206,2371,1164,1207,2868,1332,1536,3051,1439,1612,2877,1350,1527,2338,1116,1222,1790,841,949,1161,545,616,1139,478,661,47.5,46.1,48.9
050,005,Aguadilla Municipio,1,55101,26603,28498,1882,968,914,5049,2600,2449,2694,1450,1244,5127,2749,2378,46807,22313,24494,45476,21585,23891,20340,10276,10064,13195,6428,6767,14274,6531,7743,12880,5877,7003,1882,968,914,2548,1322,1226,3177,1629,1548,3455,1870,1585,3690,1978,1712,3530,1819,1711,3113,1533,1580,3145,1494,1651,3407,1582,1825,3415,1616,1799,3480,1584,1896,3648,1661,1987,3731,1670,2061,3510,1639,1871,3498,1606,1892,2561,1160,1401,1722,806,916,1589,666,923,44.4,42.2,46.4
050,005,Aguadilla Municipio,2,55046,26584,28462,1843,943,900,5006,2583,2423,2688,1441,1247,5113,2739,2374,46845,22347,24498,45509,21617,23892,20340,10283,10057,13206,6447,6759,14245,6521,7724,12945,5910,7035,1843,943,900,2527,1309,1218,3146,1618,1528,3444,1862,1582,3690,1974,1716,3541,1831,1710,3140,1553,1587,3121,1488,1633,3404,1575,1829,3405,1610,1795,3473,1587,1886,3646,1655,1991,3721,1669,2052,3519,1637,1882,3492,1601,1891,2582,1169,1413,1730,819,911,1622,684,938,44.5,42.3,46.5
050,005,Aguadilla Municipio,3,54613,26289,28324,1705,885,820,4839,2509,2330,2667,1406,1261,5028,2692,2336,46758,22223,24535,45402,21489,23913,20195,10176,10019,13138,6401,6737,14105,6430,7675,13131,5966,7165,1705,885,820,2446,1261,1185,3031,1571,1460,3403,1837,1566,3654,1938,1716,3571,1872,1699,3215,1589,1626,2977,1396,1581,3375,1544,1831,3343,1562,1781,3450,1587,1863,3643,1622,2021,3669,1659,2010,3539,1626,1913,3422,1558,1864,2696,1220,1476,1774,845,929,1700,717,983,44.9,42.6,46.9
050,005,Aguadilla Municipio,4,53877,25924,27953,1597,847,750,4564,2363,2201,2629,1365,1264,4909,2648,2261,46455,22077,24378,45087,21349,23738,19912,10043,9869,12997,6342,6655,13919,6336,7583,13262,6023,7239,1597,847,750,2290,1168,1122,2897,1507,1390,3341,1793,1548,3574,1908,1666,3576,1905,1671,3239,1598,1641,2929,1353,1576,3253,1486,1767,3267,1514,1753,3434,1589,1845,3622,1587,2035,3596,1646,1950,3561,1622,1939,3302,1502,1800,2815,1277,1538,1843,862,981,1741,760,981,45.4,43,47.4
050,005,Aguadilla Municipio,5,53592,25750,27842,1583,852,731,4310,2232,2078,2585,1334,1251,4872,2641,2231,46439,22020,24419,45114,21332,23782,19837,10007,9830,13009,6360,6649,13779,6238,7541,13454,6093,7361,1583,852,731,2134,1081,1053,2805,1479,1326,3311,1749,1562,3517,1898,1619,3584,1914,1670,3311,1647,1664,2951,1354,1597,3163,1445,1718,3238,1481,1757,3405,1580,1825,3578,1553,2025,3558,1624,1934,3588,1614,1974,3217,1461,1756,2918,1331,1587,1939,898,1041,1792,789,1003,45.7,43.2,47.8
050,005,Aguadilla Municipio,6,53557,25725,27832,1550,827,723,4091,2122,1969,2563,1342,1221,4886,2652,2234,46655,22102,24553,45353,21434,23919,19945,10108,9837,13116,6451,6665,13660,6152,7508,13691,6179,7512,1550,827,723,1989,1018,971,2722,1441,1281,3333,1753,1580,3496,1904,1592,3632,1956,1676,3393,1686,1707,2992,1399,1593,3099,1410,1689,3253,1463,1790,3360,1547,1813,3506,1543,1963,3541,1599,1942,3584,1580,2004,3222,1478,1744,2988,1356,1632,2028,921,1107,1869,844,1025,45.9,43.3,48.1
050,007,Aguas Buenas Municipio,1,24223,11711,12512,752,386,366,2222,1118,1104,1240,640,600,2299,1211,1088,20605,9872,10733,20009,9567,10442,9326,4712,4614,6098,3026,3072,6427,2988,3439,5185,2342,2843,752,386,366,1097,542,555,1436,741,695,1581,817,764,1647,869,778,1604,814,790,1429,688,741,1430,702,728,1635,822,813,1492,679,813,1565,724,841,1766,821,945,1604,764,840,1457,676,781,1339,623,716,1004,444,560,684,314,370,701,285,416,43.5,41.9,45.2
050,007,Aguas Buenas Municipio,2,24189,11689,12500,739,378,361,2193,1101,1092,1234,640,594,2291,1203,1088,20627,9879,10748,20023,9570,10453,9319,4712,4607,6097,3031,3066,6415,2984,3431,5220,2352,2868,739,378,361,1079,534,545,1417,729,688,1575,815,760,1647,866,781,1606,819,787,1442,696,746,1419,696,723,1630,820,810,1488,680,808,1557,719,838,1765,817,948,1605,768,837,1461,676,785,1335,620,715,1016,451,565,695,316,379,713,289,424,43.6,42,45.3
050,007,Aguas Buenas Municipio,3,23974,11559,12415,723,358,365,2059,1031,1028,1199,629,570,2237,1159,1078,20618,9864,10754,19993,9541,10452,9222,4680,4542,6061,3038,3023,6341,2953,3388,5354,2391,2963,723,358,365,1000,498,502,1334,679,655,1523,793,730,1638,849,789,1600,831,769,1495,733,762,1374,672,702,1592,802,790,1495,699,796,1517,696,821,1729,786,943,1600,772,828,1492,688,804,1316,602,714,1060,481,579,722,312,410,764,308,456,44.1,42.4,45.9
050,007,Aguas Buenas Municipio,4,23521,11310,12211,682,343,339,1894,952,942,1153,601,552,2143,1102,1041,20402,9737,10665,19792,9414,10378,8966,4540,4426,5945,2973,2972,6261,2919,3342,5443,2420,3023,682,343,339,905,451,454,1264,637,627,1448,756,692,1573,811,762,1576,821,755,1522,758,764,1334,639,695,1513,755,758,1527,731,796,1474,671,803,1657,746,911,1603,771,832,1496,682,814,1287,589,698,1112,505,607,739,314,425,809,330,479,44.8,43,46.6
050,007,Aguas Buenas Municipio,5,23260,11171,12089,685,347,338,1743,878,865,1103,568,535,2107,1082,1025,20284,9675,10609,19729,9378,10351,8853,4472,4381,5918,2958,2960,6200,2882,3318,5504,2456,3048,685,347,338,818,412,406,1200,602,598,1422,739,683,1513,775,738,1585,831,754,1541,776,765,1336,639,697,1456,712,744,1564,764,800,1437,644,793,1587,726,861,1612,748,864,1477,683,794,1291,582,709,1147,519,628,744,313,431,845,359,486,45.2,43.3,47
050,007,Aguas Buenas Municipio,6,23125,11094,12031,660,328,332,1618,810,808,1073,548,525,2088,1078,1010,20313,9685,10628,19774,9408,10366,8836,4462,4374,5934,2971,2963,6134,2854,3280,5618,2505,3113,660,328,332,767,389,378,1110,556,554,1408,729,679,1494,762,732,1603,849,754,1542,778,764,1355,647,708,1434,697,737,1575,782,793,1428,639,789,1511,696,815,1620,737,883,1450,675,775,1328,593,735,1182,542,640,755,316,439,903,379,524,45.6,43.7,47.4
050,009,Aibonito Municipio,1,24637,11789,12848,882,452,430,2212,1097,1115,1146,599,547,2013,1044,969,20950,9921,11029,20397,9641,10756,8695,4329,4366,5833,2849,2984,6944,3302,3642,5607,2446,3161,882,452,430,1164,606,558,1345,654,691,1420,743,677,1442,737,705,1582,771,811,1533,771,762,1351,657,694,1367,650,717,1390,686,704,1649,801,848,1964,894,1070,1941,921,1020,1681,749,932,1438,652,786,1081,474,607,681,298,383,726,273,453,45.9,43.9,47.9
050,009,Aibonito Municipio,2,24633,11785,12848,858,441,417,2197,1091,1106,1144,597,547,2005,1038,967,20993,9941,11052,20434,9656,10778,8696,4334,4362,5836,2853,2983,6935,3294,3641,5658,2471,3187,858,441,417,1153,600,553,1333,645,688,1422,745,677,1438,736,702,1572,769,803,1542,775,767,1349,657,692,1373,652,721,1377,678,699,1640,797,843,1962,893,1069,1956,926,1030,1692,756,936,1441,650,791,1091,479,612,701,310,391,733,276,457,46.1,44,48
050,009,Aibonito Municipio,3,24674,11785,12889,772,388,384,2146,1072,1074,1132,585,547,1968,1010,958,21201,10043,11158,20624,9740,10884,8713,4351,4362,5880,2885,2995,6883,3261,3622,5893,2584,3309,772,388,384,1117,576,541,1296,625,671,1405,733,672,1428,733,695,1537,766,771,1576,787,789,1352,663,689,1415,669,746,1348,659,689,1604,786,818,1930,880,1050,2001,936,1065,1746,791,955,1472,650,822,1148,511,637,756,339,417,771,293,478,46.6,44.6,48.6
050,009,Aibonito Municipio,4,24537,11687,12850,692,337,355,2061,1038,1023,1091,550,541,1923,978,945,21264,10066,11198,20693,9762,10931,8595,4279,4316,5839,2871,2968,6808,3218,3590,6123,2695,3428,692,337,355,1054,530,524,1265,628,637,1365,700,665,1391,708,683,1503,762,741,1564,771,793,1349,663,686,1423,675,748,1321,639,682,1564,762,802,1863,864,999,2060,953,1107,1785,832,953,1503,646,857,1229,550,679,789,351,438,817,316,501,47.5,45.5,49.4
050,009,Aibonito Municipio,5,24586,11705,12881,665,325,340,1973,1005,968,1056,514,542,1905,978,927,21433,10135,11298,20892,9861,11031,8577,4267,4310,5873,2895,2978,6724,3165,3559,6390,2823,3567,665,325,340,985,490,495,1245,635,610,1351,685,666,1353,687,666,1487,755,732,1576,766,810,1409,698,711,1401,676,725,1341,639,702,1525,739,786,1781,837,944,2077,950,1127,1857,880,977,1542,659,883,1301,584,717,832,367,465,858,333,525,48,46.1,49.9
050,009,Aibonito Municipio,6,24751,11772,12979,627,307,320,1898,975,923,1035,487,548,1922,1001,921,21710,10249,11461,21191,10003,11188,8632,4290,4342,5932,2922,3010,6648,3119,3529,6689,2961,3728,627,307,320,941,469,472,1214,626,588,1338,666,672,1362,702,660,1458,735,723,1589,768,821,1498,746,752,1387,673,714,1383,653,730,1474,715,759,1738,826,912,2053,925,1128,1934,917,1017,1602,700,902,1344,599,745,900,382,518,909,363,546,48.4,46.5,50.3
050,011,Añasco Municipio,1,25596,12333,13263,757,381,376,2273,1140,1133,1147,622,525,2309,1214,1095,21963,10474,11489,21419,10190,11229,9435,4782,4653,6290,3122,3168,7153,3345,3808,5667,2509,3158,757,381,376,1160,568,592,1424,748,676,1460,788,672,1685,872,813,1728,891,837,1463,727,736,1453,707,746,1646,797,849,1696,813,883,1895,875,1020,1845,869,976,1717,788,929,1542,719,823,1524,694,830,1123,490,633,811,366,445,667,240,427,45.1,43,47
050,011,Añasco Municipio,2,25569,12316,13253,744,377,367,2245,1124,1121,1153,627,526,2285,1200,1085,21974,10477,11497,21427,10188,11239,9429,4787,4642,6299,3132,3167,7135,3337,3798,5708,2519,3189,744,377,367,1139,561,578,1414,735,679,1457,787,670,1673,868,805,1738,898,840,1478,736,742,1439,700,739,1644,798,846,1682,805,877,1887,872,1015,1855,872,983,1711,788,923,1547,718,829,1526,692,834,1137,498,639,814,367,447,684,244,440,45.2,43.1,47.1
050,011,Añasco Municipio,3,25414,12237,13177,689,343,346,2130,1057,1073,1166,640,526,2188,1148,1040,21997,10510,11487,21429,10197,11232,9392,4802,4590,6330,3170,3160,7084,3321,3763,5827,2558,3269,689,343,346,1058,530,528,1364,683,681,1432,777,655,1630,855,775,1765,920,845,1550,780,770,1389,679,710,1626,791,835,1645,792,853,1871,867,1004,1894,888,1006,1674,774,900,1570,726,844,1519,684,835,1177,517,660,828,366,462,733,265,468,45.6,43.5,47.6
050,011,Añasco Municipio,4,25003,12018,12985,657,319,338,1974,972,1002,1141,622,519,2095,1108,987,21821,10435,11386,21231,10105,11126,9215,4721,4494,6243,3130,3113,7007,3288,3719,5886,2579,3307,657,319,338,955,477,478,1283,634,649,1404,766,638,1568,825,743,1720,901,819,1591,804,787,1346,663,683,1586,762,824,1613,781,832,1818,843,975,1897,889,1008,1679,775,904,1593,739,854,1481,676,805,1225,541,684,819,345,474,768,278,490,46.2,44.1,48.1
050,011,Añasco Municipio,5,24796,11912,12884,647,315,332,1849,915,934,1105,589,516,2050,1103,947,21777,10412,11365,21195,10093,11102,9144,4700,4444,6250,3140,3110,6952,3272,3680,5943,2578,3365,647,315,332,875,439,436,1235,608,627,1394,765,629,1500,795,705,1691,885,806,1667,844,823,1361,676,685,1531,735,796,1629,788,841,1745,820,925,1877,878,999,1701,786,915,1602,732,870,1419,659,760,1288,565,723,824,338,486,810,284,526,46.5,44.3,48.6
050,011,Añasco Municipio,6,24689,11851,12838,633,305,328,1733,871,862,1079,554,525,2016,1100,916,21791,10413,11378,21244,10121,11123,9127,4690,4437,6302,3165,3137,6913,3250,3663,6013,2606,3407,633,305,328,807,407,400,1196,593,603,1392,755,637,1433,770,663,1700,879,821,1720,874,846,1405,700,705,1477,712,765,1634,788,846,1694,802,892,1862,865,997,1723,795,928,1608,733,875,1386,643,743,1326,582,744,860,354,506,833,294,539,46.8,44.5,48.9
050,013,Arecibo Municipio,1,87754,41749,46005,3137,1605,1532,7732,3927,3805,4019,2078,1941,8136,4281,3855,74933,35219,39714,72866,34139,38727,32371,16173,16198,21181,10315,10866,23329,10877,12452,20220,8666,11554,3137,1605,1532,4090,2073,2017,4607,2355,2252,5306,2797,2509,5884,3061,2823,6067,3122,2945,5080,2557,2523,4657,2166,2491,5377,2470,2907,5655,2669,2986,6093,2860,3233,6025,2816,3209,5556,2532,3024,5133,2311,2822,5190,2235,2955,4041,1756,2285,2964,1253,1711,2892,1111,1781,44.7,42.4,46.8
050,013,Arecibo Municipio,2,87638,41705,45933,3046,1562,1484,7675,3906,3769,3993,2060,1933,8105,4268,3837,74968,35237,39731,72924,34177,38747,32316,16151,16165,21183,10323,10860,23308,10867,12441,20328,8719,11609,3046,1562,1484,4054,2059,1995,4586,2347,2239,5263,2770,2493,5870,3058,2812,6065,3125,2940,5152,2597,2555,4614,2147,2467,5352,2454,2898,5631,2659,2972,6074,2849,3225,6032,2823,3209,5571,2536,3035,5123,2321,2802,5166,2214,2952,4100,1783,2317,2990,1262,1728,2949,1139,1810,44.8,42.5,46.9
050,013,Arecibo Municipio,3,87122,41321,45801,2860,1455,1405,7464,3818,3646,3944,2026,1918,7902,4153,3749,74872,35056,39816,72854,34022,38832,32032,15949,16083,21141,10258,10883,23219,10794,12425,20592,8817,11775,2860,1455,1405,3912,2002,1910,4507,2304,2203,5102,2666,2436,5789,3025,2764,6037,3111,2926,5408,2718,2690,4455,2062,2393,5241,2367,2874,5520,2604,2916,5994,2792,3202,6071,2841,3230,5634,2557,3077,5103,2334,2769,4997,2105,2892,4320,1883,2437,3069,1293,1776,3103,1202,1901,45.2,42.8,47.3
050,013,Arecibo Municipio,4,86023,40701,45322,2611,1328,1283,7155,3682,3473,3846,1976,1870,7637,4005,3632,74397,34744,39653,72411,33715,38696,31534,15715,15819,20961,10195,10766,22994,10645,12349,20819,8870,11949,2611,1328,1283,3675,1902,1773,4390,2241,2149,4933,2559,2374,5640,2961,2679,5921,3055,2866,5600,2832,2768,4371,2026,2345,5069,2282,2787,5394,2522,2872,5874,2717,3157,6078,2838,3240,5648,2568,3080,5119,2344,2775,4860,2051,2809,4469,1911,2558,3108,1315,1793,3263,1249,2014,45.8,43.2,47.8
050,013,Arecibo Municipio,5,85579,40425,45154,2483,1274,1209,6893,3558,3335,3797,1955,1842,7511,3951,3560,74380,34666,39714,72406,33638,38768,31357,15637,15720,20954,10192,10762,22887,10547,12340,21054,8948,12106,2483,1274,1209,3447,1803,1644,4351,2216,2135,4873,2518,2355,5530,2927,2603,5865,3010,2855,5780,2919,2861,4437,2059,2378,4872,2204,2668,5364,2469,2895,5756,2655,3101,6043,2823,3220,5724,2600,3124,5154,2338,2816,4760,2025,2735,4551,1922,2629,3162,1329,1833,3427,1334,2093,46.1,43.4,48.2
050,013,Arecibo Municipio,6,85971,40802,45169,2322,1213,1109,6699,3457,3242,3771,1944,1827,7520,4024,3496,75133,35197,39936,73179,34188,38991,31887,16133,15754,21494,10630,10864,22835,10506,12329,21330,9028,12302,2322,1213,1109,3303,1729,1574,4294,2193,2101,4875,2530,2345,5518,2973,2545,5984,3101,2883,6020,3087,2933,4739,2267,2472,4751,2175,2576,5379,2452,2927,5660,2626,3034,5990,2782,3208,5806,2646,3160,5196,2323,2873,4709,2040,2669,4604,1917,2687,3229,1335,1894,3592,1413,2179,46.1,43.2,48.5
050,015,Arroyo Municipio,1,15843,7291,8552,566,297,269,1676,824,852,840,420,420,1395,664,731,13177,5960,7217,12761,5750,7011,6040,2797,3243,4023,1819,2204,3977,1757,2220,3366,1510,1856,566,297,269,824,402,422,1070,528,542,1047,523,524,970,455,515,1049,492,557,926,423,503,993,441,552,1055,463,592,1052,458,594,974,440,534,975,419,556,976,440,536,988,460,528,906,394,512,714,335,379,393,176,217,365,145,220,42.4,41.1,43.4
050,015,Arroyo Municipio,2,15820,7273,8547,570,295,275,1649,810,839,835,416,419,1388,662,726,13178,5960,7218,12766,5752,7014,6023,2788,3235,4016,1815,2201,3968,1753,2215,3394,1522,1872,570,295,275,810,397,413,1055,518,537,1040,519,521,967,454,513,1041,485,556,935,428,507,986,440,546,1054,462,592,1046,455,591,983,443,540,971,417,554,968,438,530,992,462,530,906,390,516,725,341,384,397,178,219,374,151,223,42.5,41.3,43.5
050,015,Arroyo Municipio,3,15606,7153,8453,544,280,264,1542,757,785,824,403,421,1368,663,705,13101,5914,7187,12696,5713,6983,5948,2752,3196,3964,1786,2178,3913,1728,2185,3451,1536,1915,544,280,264,749,371,378,1001,486,515,1017,504,513,967,462,505,1011,457,554,965,446,519,954,435,519,1034,448,586,1032,454,578,998,443,555,958,412,546,925,419,506,998,465,533,893,376,517,739,343,396,410,188,222,411,164,247,43,41.6,44
050,015,Arroyo Municipio,4,15273,6979,8294,520,267,253,1417,694,723,801,391,410,1318,646,672,12933,5821,7112,12535,5627,6908,5780,2664,3116,3863,1728,2135,3884,1723,2161,3470,1530,1940,520,267,253,680,338,342,939,457,482,977,479,498,940,457,483,988,437,551,978,454,524,917,421,496,980,416,564,1032,461,571,990,437,553,951,415,536,911,410,501,973,443,530,882,377,505,746,337,409,444,207,237,425,166,259,43.6,42.1,44.6
050,015,Arroyo Municipio,5,15062,6881,8181,518,260,258,1305,642,663,795,389,406,1305,643,662,12839,5778,7061,12444,5590,6854,5710,2628,3082,3812,1698,2114,3861,1713,2148,3466,1536,1930,518,260,258,622,318,304,885,426,459,966,470,496,932,460,472,959,425,534,1005,461,544,894,412,482,954,400,554,1029,466,563,980,429,551,933,412,521,919,406,513,941,420,521,868,377,491,750,341,409,460,206,254,447,192,255,43.9,42.5,44.9
050,015,Arroyo Municipio,6,14944,6816,8128,527,255,272,1209,606,603,774,376,398,1315,642,673,12822,5768,7054,12434,5579,6855,5713,2643,3070,3811,1712,2099,3833,1682,2151,3475,1543,1932,527,255,272,577,304,273,819,389,430,964,471,493,938,460,478,935,420,515,1032,470,562,892,410,482,952,412,540,1011,451,560,991,431,560,909,405,504,922,395,527,907,405,502,874,395,479,740,318,422,498,228,270,456,197,259,44.1,42.7,45.2
050,017,Barceloneta Municipio,1,22657,10681,11976,826,424,402,2129,1084,1045,1103,551,552,2148,1063,1085,19157,8897,10260,18599,8622,9977,9123,4309,4814,6141,2828,3313,5624,2631,2993,4686,2100,2586,826,424,402,1167,592,575,1231,625,606,1435,722,713,1547,759,788,1733,801,932,1402,657,745,1365,634,731,1641,736,905,1565,735,830,1491,693,798,1349,618,731,1219,585,634,1186,549,637,1263,562,701,970,458,512,625,269,356,642,262,380,41.9,40.8,42.8
050,017,Barceloneta Municipio,2,22669,10678,11991,827,417,410,2113,1079,1034,1095,547,548,2141,1059,1082,19190,8911,10279,18634,8635,9999,9115,4304,4811,6144,2829,3315,5635,2634,3001,4714,2113,2601,827,417,410,1158,588,570,1220,622,598,1425,715,710,1546,760,786,1730,796,934,1428,671,757,1354,630,724,1632,732,900,1568,735,833,1488,692,796,1361,622,739,1218,585,633,1185,550,635,1252,556,696,985,463,522,636,274,362,656,270,386,42,41,42.9
050,017,Barceloneta Municipio,3,22630,10651,11979,763,387,376,2039,1049,990,1064,531,533,2117,1044,1073,19309,8958,10351,18764,8684,10080,9103,4302,4801,6176,2854,3322,5678,2640,3038,4793,2146,2647,763,387,376,1116,570,546,1177,606,571,1378,683,695,1549,765,784,1717,778,939,1547,734,813,1318,619,699,1594,723,871,1584,737,847,1477,687,790,1401,639,762,1216,577,639,1182,554,628,1223,542,681,1038,479,559,655,282,373,695,289,406,42.5,41.3,43.4
050,017,Barceloneta Municipio,4,22406,10519,11887,721,374,347,1945,998,947,1023,510,513,2060,1012,1048,19246,8899,10347,18717,8637,10080,8946,4226,4720,6107,2828,3279,5718,2640,3078,4832,2157,2675,721,374,347,1047,538,509,1142,584,558,1316,649,667,1523,749,774,1676,756,920,1630,773,857,1269,590,679,1532,709,823,1579,722,857,1494,695,799,1422,653,769,1223,570,653,1184,559,625,1176,519,657,1057,473,584,692,298,394,723,308,415,43,41.8,44
050,017,Barceloneta Municipio,5,22354,10474,11880,695,368,327,1870,957,913,972,481,491,2031,996,1035,19327,8916,10411,18817,8668,10149,8905,4214,4691,6120,2847,3273,5789,2661,3128,4877,2164,2713,695,368,327,947,487,460,1141,580,561,1282,632,650,1503,735,768,1660,760,900,1715,811,904,1268,582,686,1477,694,783,1599,723,876,1522,705,817,1435,667,768,1233,566,667,1186,557,629,1127,497,630,1092,478,614,712,311,401,760,321,439,43.4,42.1,44.4
050,017,Barceloneta Municipio,6,22413,10516,11897,700,381,319,1785,914,871,937,472,465,2015,980,1035,19488,8995,10493,18991,8749,10242,8918,4222,4696,6187,2886,3301,5866,2694,3172,4923,2189,2734,700,381,319,848,442,406,1158,588,570,1242,614,628,1489,722,767,1655,773,882,1785,831,954,1335,618,717,1412,664,748,1629,730,899,1542,719,823,1440,673,767,1255,572,683,1159,542,617,1093,484,609,1119,491,628,745,329,416,807,343,464,43.6,42.3,44.7
050,019,Barranquitas Municipio,1,28983,14218,14765,1272,653,619,3223,1654,1569,1483,763,720,2810,1463,1347,23720,11521,12199,23005,11148,11857,11481,5814,5667,7558,3777,3781,7530,3606,3924,5107,2302,2805,1272,653,619,1741,914,827,1852,929,923,1839,948,891,2084,1089,995,2113,1063,1050,1955,996,959,1769,895,874,1721,823,898,1559,734,825,1919,906,1013,2130,1024,1106,1922,942,980,1600,776,824,1311,626,685,930,409,521,635,268,367,631,223,408,39.6,37.9,41.3
050,019,Barranquitas Municipio,2,28981,14221,14760,1239,639,600,3209,1648,1561,1487,763,724,2779,1446,1333,23774,11549,12225,23046,11171,11875,11485,5821,5664,7587,3799,3788,7505,3591,3914,5175,2335,2840,1239,639,600,1726,908,818,1851,927,924,1834,945,889,2064,1077,987,2113,1066,1047,1969,1006,963,1774,895,879,1731,832,899,1551,729,822,1897,898,999,2128,1021,1107,1929,943,986,1614,783,831,1314,626,688,954,421,533,641,271,370,652,234,418,39.8,38.1,41.4
050,019,Barranquitas Municipio,3,29076,14250,14826,1144,576,568,3165,1633,1532,1502,762,740,2677,1391,1286,24032,11672,12360,23265,11279,11986,11549,5875,5674,7737,3905,3832,7458,3557,3901,5393,2426,2967,1144,576,568,1674,886,788,1858,930,928,1819,935,884,1993,1035,958,2119,1080,1039,2023,1040,983,1815,910,905,1780,875,905,1533,721,812,1830,876,954,2122,1006,1116,1973,954,1019,1684,809,875,1335,635,700,1028,457,571,643,264,379,703,261,442,40.3,38.6,42
050,019,Barranquitas Municipio,4,28927,14178,14749,1079,538,541,3034,1568,1466,1492,752,740,2544,1324,1220,24072,11700,12372,23322,11320,12002,11429,5812,5617,7772,3928,3844,7388,3528,3860,5618,2540,3078,1079,538,541,1580,828,752,1833,932,901,1813,924,889,1844,960,884,2113,1084,1029,2020,1026,994,1835,917,918,1804,901,903,1540,732,808,1758,842,916,2091,983,1108,1999,971,1028,1741,833,908,1372,651,721,1081,488,593,671,281,390,753,287,466,41,39.3,42.7
050,019,Barranquitas Municipio,5,29006,14211,14795,1023,517,506,2930,1517,1413,1489,749,740,2510,1305,1205,24291,11793,12498,23564,11428,12136,11468,5846,5622,7850,3984,3866,7365,3506,3859,5839,2633,3206,1023,517,506,1485,770,715,1826,939,887,1847,936,911,1771,926,845,2096,1085,1011,2047,1034,1013,1886,943,943,1821,922,899,1589,756,833,1693,812,881,2038,943,1095,2045,995,1050,1796,861,935,1406,667,739,1144,512,632,685,281,404,808,312,496,41.4,39.7,43.3
050,019,Barranquitas Municipio,6,29281,14375,14906,983,496,487,2827,1480,1347,1516,758,758,2515,1302,1213,24709,12020,12689,23955,11641,12314,11589,5927,5662,7935,4052,3883,7386,3512,3874,6119,2775,3344,983,496,487,1389,721,668,1815,944,871,1880,950,930,1774,925,849,2058,1080,978,2103,1054,1049,1950,986,964,1824,932,892,1677,800,877,1633,784,849,1981,918,1063,2095,1010,1085,1834,887,947,1488,702,786,1188,538,650,749,311,438,860,337,523,41.9,40.2,43.7
050,021,Bayamón Municipio,1,185187,86693,98494,6643,3412,3231,15614,7965,7649,8262,4300,3962,17390,9154,8236,158827,73156,85671,154668,71016,83652,71232,35974,35258,47602,23597,24005,46950,20965,25985,42726,17300,25426,6643,3412,3231,8204,4153,4051,9432,4889,4543,10884,5608,5276,12746,6769,5977,13907,7454,6453,11908,5959,5949,10807,5079,5728,10980,5105,5875,10663,4935,5728,11322,5258,6064,12882,5601,7281,12083,5171,6912,10701,4454,6247,9931,4163,5768,8407,3472,4935,6790,2716,4074,6897,2495,4402,43.6,40,47
050,021,Bayamón Municipio,2,184952,86563,98389,6515,3345,3170,15495,7897,7598,8225,4290,3935,17301,9091,8210,158875,73177,85698,154717,71031,83686,71205,35993,35212,47676,23672,24004,46778,20887,25891,42962,17381,25581,6515,3345,3170,8118,4107,4011,9374,4850,4524,10818,5586,5232,12711,6735,5976,13823,7397,6426,12059,6089,5970,10784,5072,5712,11010,5114,5896,10586,4888,5698,11250,5223,6027,12844,5591,7253,12098,5185,6913,10770,4485,6285,9916,4151,5765,8467,3496,4971,6823,2723,4100,6986,2526,4460,43.7,40.1,47.1
050,021,Bayamón Municipio,3,183983,85954,98029,6128,3170,2958,15035,7637,7398,8085,4265,3820,16972,8895,8077,158890,73063,85827,154735,70882,83853,71014,35981,35033,47877,23834,24043,46028,20496,25532,43858,17657,26201,6128,3170,2958,7771,3930,3841,9184,4720,4464,10506,5494,5012,12631,6653,5978,13819,7469,6350,12413,6333,6080,10605,4954,5651,11040,5078,5962,10342,4752,5590,10961,5060,5901,12603,5501,7102,12122,5183,6939,11037,4601,6436,9838,4064,5774,8687,3590,5097,6898,2723,4175,7398,2679,4719,44,40.3,47.5
050,021,Bayamón Municipio,4,181509,84491,97018,5845,2995,2850,14350,7284,7066,7808,4130,3678,16342,8584,7758,157582,72252,85330,153506,70082,83424,69708,35303,34405,47381,23539,23842,45184,20078,25106,44599,17881,26718,5845,2995,2850,7281,3706,3575,8892,4528,4364,10115,5350,4765,12212,6414,5798,13578,7320,6258,12620,6460,6160,10410,4847,5563,10773,4912,5861,10211,4678,5533,10690,4891,5799,12149,5332,6817,12134,5177,6957,11244,4713,6531,9761,3996,5765,8886,3660,5226,6926,2711,4215,7782,2801,4981,44.5,40.7,48
050,021,Bayamón Municipio,5,180751,83992,96759,5664,2876,2788,13803,7020,6783,7619,4008,3611,16045,8483,7562,157610,72200,85410,153665,70088,83577,69497,35333,34164,47669,23776,23893,44633,19758,24875,45318,18071,27247,5664,2876,2788,6951,3563,3388,8688,4391,4297,9920,5284,4636,11908,6273,5635,13569,7346,6223,13023,6719,6304,10446,4852,5594,10631,4859,5772,10261,4669,5592,10492,4747,5745,11676,5169,6507,12204,5173,7031,11349,4759,6590,9824,3985,5839,9059,3704,5355,6922,2692,4230,8164,2931,5233,44.8,40.7,48.3
050,021,Bayamón Municipio,6,181152,84422,96730,5532,2867,2665,13281,6777,6504,7566,3942,3624,15920,8483,7437,158608,72877,85731,154773,70836,83937,70169,35948,34221,48549,24470,24079,44207,19558,24649,46097,18325,27772,5532,2867,2665,6678,3430,3248,8469,4294,4175,9866,5257,4609,11754,6221,5533,13805,7574,6231,13338,6926,6412,10929,5209,5720,10477,4761,5716,10464,4790,5674,10340,4647,5693,11169,4986,6183,12234,5135,7099,11430,4792,6638,9957,4009,5948,9181,3713,5468,7013,2757,4256,8516,3054,5462,44.9,40.5,48.5
050,023,Cabo Rojo Municipio,1,47158,22279,24879,1329,664,665,4217,2102,2115,2165,1107,1058,4196,2083,2113,40520,18939,21581,39447,18406,21041,16896,8120,8776,11082,5222,5860,12804,6066,6738,11365,5035,6330,1329,664,665,2040,983,1057,2724,1411,1313,2756,1377,1379,3058,1521,1537,3043,1448,1595,2557,1202,1355,2481,1166,1315,3001,1406,1595,3499,1647,1852,3417,1663,1754,3077,1447,1630,2811,1309,1502,2872,1300,1572,2944,1343,1601,2304,1065,1239,1629,711,918,1616,616,1000,45.9,44.9,46.8
050,023,Cabo Rojo Municipio,2,47122,22272,24850,1307,660,647,4161,2069,2092,2174,1117,1057,4179,2076,2103,40556,18963,21593,39480,18426,21054,16882,8116,8766,11081,5218,5863,12828,6085,6743,11392,5047,6345,1307,660,647,2013,971,1042,2700,1393,1307,2743,1375,1368,3058,1523,1535,3047,1447,1600,2596,1219,1377,2467,1161,1306,2971,1391,1580,3487,1644,1843,3425,1664,1761,3110,1470,1640,2806,1307,1499,2852,1295,1557,2951,1344,1607,2320,1068,1252,1644,721,923,1625,619,1006,46,45,46.9
050,023,Cabo Rojo Municipio,3,47098,22262,24836,1207,620,587,3952,1948,2004,2202,1148,1054,4114,2043,2071,40822,19101,21721,39737,18546,21191,16890,8143,8747,11138,5250,5888,12942,6143,6799,11543,5110,6433,1207,620,587,1913,929,984,2603,1317,1286,2694,1370,1324,3058,1523,1535,3090,1474,1616,2756,1294,1462,2426,1144,1282,2866,1338,1528,3438,1628,1810,3467,1670,1797,3245,1548,1697,2792,1297,1495,2798,1285,1513,2942,1335,1607,2399,1095,1304,1690,744,946,1714,651,1063,46.4,45.4,47.3
050,023,Cabo Rojo Municipio,4,46695,22038,24657,1156,593,563,3649,1790,1859,2189,1148,1041,3983,1970,2013,40787,19079,21708,39701,18507,21194,16726,8063,8663,11099,5227,5872,12967,6159,6808,11652,5151,6501,1156,593,563,1747,863,884,2447,1209,1238,2685,1383,1302,2942,1453,1489,3107,1496,1611,2862,1331,1531,2381,1122,1259,2749,1278,1471,3328,1578,1750,3468,1667,1801,3346,1600,1746,2825,1314,1511,2762,1283,1479,2840,1278,1562,2464,1115,1349,1763,772,991,1823,703,1120,47,46,47.9
050,023,Cabo Rojo Municipio,5,46646,21997,24649,1133,585,548,3383,1654,1729,2186,1132,1054,3912,1938,1974,41049,19210,21839,39944,18626,21318,16829,8122,8707,11265,5318,5947,13018,6177,6841,11749,5193,6556,1133,585,548,1596,791,805,2321,1129,1192,2703,1402,1301,2861,1402,1459,3162,1542,1620,2995,1377,1618,2417,1142,1275,2691,1257,1434,3214,1530,1684,3500,1679,1821,3408,1643,1765,2896,1325,1571,2757,1295,1462,2721,1219,1502,2546,1151,1395,1808,792,1016,1917,736,1181,47.4,46.3,48.3
050,023,Cabo Rojo Municipio,6,46820,22082,24738,1121,569,552,3155,1542,1613,2160,1100,1060,3887,1933,1954,41502,19454,22048,40384,18871,21513,17076,8253,8823,11532,5469,6063,13059,6200,6859,11906,5269,6637,1121,569,552,1469,733,736,2189,1058,1131,2733,1416,1317,2811,1368,1443,3198,1564,1634,3140,1452,1688,2549,1202,1347,2645,1251,1394,3117,1479,1638,3543,1680,1863,3422,1669,1753,2977,1372,1605,2747,1285,1462,2684,1202,1482,2606,1173,1433,1830,808,1022,2039,801,1238,47.7,46.6,48.5
050,025,Caguas Municipio,1,127244,58950,68294,4175,2082,2093,11515,5846,5669,6203,3112,3091,11716,5949,5767,108507,49486,59021,105351,47910,57441,48988,23675,25313,32591,15380,17211,33886,15531,18355,27158,11050,16108,4175,2082,2093,5872,2957,2915,7165,3655,3510,8006,4051,3955,8391,4244,4147,8860,4247,4613,7827,3689,4138,7660,3580,4080,8244,3864,4380,8473,4033,4440,8558,3984,4574,8717,3916,4801,8138,3598,4540,7249,3168,4081,6770,2845,3925,5315,2181,3134,3975,1575,2400,3849,1281,2568,43.5,41.3,45.4
050,025,Caguas Municipio,2,127069,58838,68231,4110,2052,2058,11380,5770,5610,6176,3104,3072,11678,5928,5750,108542,49480,59062,105403,47912,57491,48938,23652,25286,32597,15388,17209,33840,15512,18328,27288,11084,16204,4110,2052,2058,5778,2906,2872,7115,3632,3483,7953,4017,3936,8388,4247,4141,8853,4249,4604,7902,3723,4179,7619,3563,4056,8223,3853,4370,8449,4017,4432,8538,3981,4557,8711,3915,4796,8142,3599,4543,7256,3167,4089,6781,2847,3934,5362,2199,3163,3983,1573,2410,3906,1298,2608,43.6,41.3,45.5
050,025,Caguas Municipio,3,126610,58567,68043,3973,2009,1964,10834,5468,5366,6058,3072,2986,11540,5839,5701,108825,49563,59262,105745,48018,57727,48887,23691,25196,32756,15542,17214,33630,15425,18205,27819,11212,16607,3973,2009,1964,5398,2703,2695,6903,3527,3376,7730,3889,3841,8401,4260,4141,8849,4271,4578,8244,3912,4332,7497,3521,3976,8166,3838,4328,8360,3958,4402,8434,3957,4477,8684,3900,4784,8152,3610,4542,7284,3157,4127,6800,2843,3957,5543,2270,3273,4022,1563,2459,4170,1379,2791,43.9,41.6,45.9
050,025,Caguas Municipio,4,125085,57750,67335,3812,1948,1864,10162,5121,5041,5824,2957,2867,11217,5634,5583,108279,49230,59049,105287,47724,57563,48182,23354,24828,32525,15465,17060,33292,15280,18012,28253,11345,16908,3812,1948,1864,4971,2483,2488,6575,3340,3235,7468,3760,3708,8189,4129,4060,8725,4221,4504,8390,3997,4393,7367,3467,3900,8043,3780,4263,8231,3860,4371,8328,3951,4377,8593,3868,4725,8140,3601,4539,7329,3156,4173,6724,2826,3898,5687,2329,3358,4079,1573,2506,4434,1461,2973,44.4,42.1,46.4
050,025,Caguas Municipio,5,124539,57405,67134,3725,1911,1814,9626,4857,4769,5672,2875,2797,11066,5528,5538,108457,49263,59194,105516,47762,57754,48069,23320,24749,32678,15592,17086,33116,15206,17910,28656,11436,17220,3725,1911,1814,4652,2332,2320,6321,3200,3121,7298,3682,3616,8093,4046,4047,8647,4213,4434,8683,4160,4523,7406,3489,3917,7942,3730,4212,8177,3834,4343,8277,3935,4342,8422,3814,4608,8240,3623,4617,7384,3182,4202,6667,2798,3869,5832,2372,3460,4145,1579,2566,4628,1505,3123,44.7,42.3,46.8
050,025,Caguas Municipio,6,124628,57411,67217,3723,1932,1791,9071,4576,4495,5589,2842,2747,11045,5500,5545,109106,49524,59582,106245,48061,58184,48289,23449,24840,33027,15808,17219,32990,15160,17830,29183,11593,17590,3723,1932,1791,4352,2184,2168,6091,3093,2998,7178,3627,3551,8084,4014,4070,8615,4233,4382,8932,4266,4666,7645,3617,4028,7835,3692,4143,8160,3839,4321,8252,3902,4350,8312,3812,4500,8266,3607,4659,7465,3213,4252,6650,2808,3842,5929,2377,3552,4264,1608,2656,4875,1587,3288,44.9,42.4,47.1
050,027,Camuy Municipio,1,32827,15619,17208,1117,569,548,2899,1401,1498,1509,778,731,3014,1517,1497,28037,13262,14775,27302,12871,14431,12259,6078,6181,8117,3969,4148,9079,4231,4848,7092,3154,3938,1117,569,548,1531,731,800,1749,856,893,1937,1010,927,2205,1099,1106,2299,1145,1154,1866,925,941,1818,889,929,2134,1010,1124,2186,1048,1138,2361,1089,1272,2332,1060,1272,2200,1034,1166,2066,935,1131,1948,906,1042,1435,659,776,861,375,486,782,279,503,44.4,43,45.8
050,027,Camuy Municipio,2,32819,15608,17211,1108,563,545,2869,1388,1481,1510,774,736,2990,1509,1481,28074,13275,14799,27332,12883,14449,12243,6070,6173,8121,3972,4149,9078,4233,4845,7143,3169,3974,1108,563,545,1510,724,786,1737,849,888,1928,1004,924,2194,1094,1100,2305,1153,1152,1895,935,960,1799,879,920,2122,1005,1117,2175,1043,1132,2354,1086,1268,2343,1066,1277,2206,1038,1168,2067,930,1137,1944,904,1040,1457,666,791,878,385,493,797,284,513,44.6,43.1,46
050,027,Camuy Municipio,3,32883,15619,17264,1068,541,527,2751,1331,1420,1504,754,750,2889,1469,1420,28324,13386,14938,27560,12993,14567,12224,6069,6155,8194,4023,4171,9109,4256,4853,7368,3245,4123,1068,541,527,1427,689,738,1687,819,868,1880,972,908,2150,1074,1076,2345,1192,1153,2025,989,1036,1739,852,887,2085,990,1095,2147,1032,1115,2342,1084,1258,2379,1088,1291,2241,1052,1189,2078,928,1150,1948,900,1048,1562,700,862,936,422,514,844,295,549,45.1,43.5,46.5
050,027,Camuy Municipio,4,32599,15451,17148,1016,540,476,2601,1248,1353,1451,713,738,2758,1401,1357,28285,13324,14961,27531,12950,14581,12018,5953,6065,8148,4004,4144,9110,4259,4851,7515,3286,4229,1016,540,476,1315,628,687,1625,785,840,1825,925,900,2045,1024,1021,2326,1186,1140,2130,1036,1094,1688,830,858,2004,952,1052,2128,1023,1105,2301,1076,1225,2396,1095,1301,2285,1065,1220,2090,929,1161,1924,880,1044,1640,735,905,966,426,540,895,316,579,45.7,44.1,47.2
050,027,Camuy Municipio,5,32603,15440,17163,992,525,467,2497,1194,1303,1387,678,709,2707,1375,1332,28455,13398,15057,27727,13043,14684,11983,5937,6046,8209,4042,4167,9139,4247,4892,7672,3379,4293,992,525,467,1223,591,632,1594,761,833,1804,898,906,1970,997,973,2308,1167,1141,2229,1085,1144,1729,866,863,1943,924,1019,2139,1018,1121,2258,1067,1191,2402,1098,1304,2340,1064,1276,2107,956,1151,1901,862,1039,1694,761,933,1036,448,588,934,352,582,46.2,44.5,47.7
050,027,Camuy Municipio,6,32765,15500,17265,946,504,442,2407,1168,1239,1349,659,690,2698,1373,1325,28765,13511,15254,28063,13169,14894,12029,5970,6059,8307,4096,4211,9146,4229,4917,7912,3471,4441,946,504,442,1166,579,587,1566,747,819,1770,871,899,1952,1003,949,2279,1138,1141,2304,1127,1177,1831,920,911,1893,911,982,2158,1017,1141,2244,1070,1174,2404,1100,1304,2340,1042,1298,2145,995,1150,1909,849,1060,1737,780,957,1123,478,645,998,369,629,46.6,44.7,48.2
050,029,Canóvanas Municipio,1,42337,20289,22048,1474,809,665,4316,2258,2058,2094,1081,1013,3887,2135,1752,35479,16681,18798,34453,16141,18312,16529,8152,8377,11086,5212,5874,11748,5343,6405,7732,3451,4281,1474,809,665,2282,1205,1077,2572,1329,1243,2630,1376,1254,2813,1564,1249,2987,1626,1361,2661,1283,1378,2468,1059,1409,2970,1244,1726,3083,1398,1685,3116,1439,1677,2979,1340,1639,2570,1166,1404,2174,974,1200,2074,921,1153,1540,722,818,924,450,474,1020,384,636,42.3,39.5,44.1
050,029,Canóvanas Municipio,2,42326,20284,22042,1461,798,663,4260,2235,2025,2099,1085,1014,3860,2115,1745,35535,16705,18830,34506,16166,18340,16505,8149,8356,11085,5227,5858,11765,5344,6421,7796,3480,4316,1461,798,663,2243,1190,1053,2556,1323,1233,2620,1371,1249,2800,1551,1249,2986,1639,1347,2698,1303,1395,2454,1053,1401,2947,1232,1715,3082,1395,1687,3111,1437,1674,2998,1347,1651,2574,1165,1409,2185,981,1204,2068,919,1149,1559,728,831,938,455,483,1046,397,649,42.4,39.6,44.2
050,029,Canóvanas Municipio,3,42140,20138,22002,1395,742,653,4032,2137,1895,2099,1090,1009,3746,2033,1713,35649,16704,18945,34614,16169,18445,16414,8145,8269,11100,5301,5799,11787,5307,6480,7981,3528,4453,1395,742,653,2062,1117,945,2501,1299,1202,2569,1344,1225,2745,1500,1245,2979,1683,1296,2853,1393,1460,2413,1042,1371,2855,1183,1672,3067,1371,1696,3074,1409,1665,3058,1367,1691,2588,1160,1428,2229,1002,1227,2015,891,1124,1626,749,877,980,460,520,1131,426,705,42.8,39.8,44.8
050,029,Canóvanas Municipio,4,41613,19843,21770,1355,704,651,3763,2015,1748,2046,1061,985,3613,1955,1658,35479,16594,18885,34449,16063,18386,16130,8038,8092,10967,5278,5689,11752,5257,6495,8117,3573,4544,1355,704,651,1831,1010,821,2428,1261,1167,2519,1320,1199,2644,1440,1204,2896,1648,1248,2924,1449,1475,2403,1052,1351,2744,1129,1615,3039,1334,1705,3038,1387,1651,3055,1372,1683,2620,1164,1456,2271,1019,1252,1933,848,1085,1683,761,922,1040,496,544,1190,449,741,43.3,40.2,45.4
050,029,Canóvanas Municipio,5,41488,19742,21746,1396,718,678,3534,1911,1623,1992,1044,948,3554,1913,1641,35595,16612,18983,34566,16069,18497,16092,8075,8017,11017,5364,5653,11737,5186,6551,8258,3606,4652,1396,718,678,1659,931,728,2346,1226,1120,2502,1312,1190,2573,1399,1174,2846,1616,1230,3019,1530,1489,2486,1114,1372,2666,1104,1562,3023,1285,1738,3012,1363,1649,3030,1366,1664,2672,1172,1500,2311,1040,1271,1895,824,1071,1712,762,950,1110,506,604,1230,474,756,43.7,40.1,46
050,029,Canóvanas Municipio,6,41512,19734,21778,1399,732,667,3327,1809,1518,1939,1024,915,3530,1896,1634,35850,16699,19151,34847,16169,18678,16162,8163,7999,11159,5490,5669,11747,5138,6609,8411,3645,4766,1399,732,667,1514,849,665,2279,1207,1072,2475,1303,1172,2528,1370,1158,2839,1597,1242,3091,1605,1486,2638,1213,1425,2591,1075,1516,2977,1230,1747,3014,1354,1660,2993,1345,1648,2763,1209,1554,2324,1031,1293,1897,829,1068,1729,754,975,1166,521,645,1295,510,785,43.9,40,46.4
050,031,Carolina Municipio,1,154815,70475,84340,5250,2659,2591,13420,6670,6750,7046,3561,3485,14428,7170,7258,132663,59407,73256,129099,57585,71514,58201,28098,30103,38471,18239,20232,39629,17694,21935,36571,14482,22089,5250,2659,2591,7006,3431,3575,8158,4111,4047,9327,4707,4620,10403,5152,5251,11100,5397,5703,8923,4283,4640,8652,4042,4610,9796,4517,5279,9879,4498,5381,10304,4703,5601,10373,4626,5747,9073,3867,5206,8740,3563,5177,9042,3655,5387,7516,2986,4530,5495,2236,3259,5778,2042,3736,44.4,41.5,46.7
050,031,Carolina Municipio,2,154559,70333,84226,5137,2604,2533,13297,6607,6690,7022,3540,3482,14336,7126,7210,132651,59389,73262,129103,57582,71521,58085,28054,30031,38461,18253,20208,39577,17678,21899,36729,14525,22204,5137,2604,2533,6928,3398,3530,8103,4074,4029,9246,4664,4582,10378,5137,5241,11081,5402,5679,9073,4349,4724,8539,3987,4552,9768,4515,5253,9837,4479,5358,10285,4692,5593,10364,4623,5741,9091,3884,5207,8703,3535,5168,9005,3649,5356,7582,2999,4583,5543,2260,3283,5896,2082,3814,44.5,41.7,46.8
050,031,Carolina Municipio,3,153508,69788,83720,4757,2422,2335,12803,6357,6446,6912,3454,3458,13979,6948,7031,132536,59313,73223,129036,57555,71481,57760,27988,29772,38542,18417,20125,39327,17581,21746,37188,14609,22579,4757,2422,2335,6606,3262,3344,7870,3926,3944,8904,4482,4422,10314,5089,5225,11020,5433,5587,9719,4657,5062,8152,3818,4334,9651,4509,5142,9689,4397,5292,10155,4630,5525,10321,4620,5701,9162,3934,5228,8580,3455,5125,8820,3573,5247,7804,3061,4743,5715,2333,3382,6269,2187,4082,44.9,42,47.3
050,031,Carolina Municipio,4,151495,68722,82773,4613,2342,2271,12117,6000,6117,6669,3314,3355,13449,6675,6774,131544,58777,72767,128096,57066,71030,56623,27442,29181,38068,18236,19832,39004,17464,21540,37575,14691,22884,4613,2342,2271,6131,3033,3098,7549,3750,3799,8548,4276,4272,10007,4930,5077,10759,5321,5438,10104,4830,5274,7866,3696,4170,9339,4389,4950,9558,4317,5241,9953,4536,5417,10204,4598,5606,9289,4013,5276,8454,3408,5046,8581,3468,5113,7984,3127,4857,5908,2366,3542,6648,2322,4326,45.4,42.5,47.9
050,031,Carolina Municipio,5,150777,68322,82455,4557,2301,2256,11534,5685,5849,6529,3256,3273,13161,6529,6632,131554,58761,72793,128157,57080,71077,56252,27306,28946,38125,18313,19812,38799,17363,21436,38072,14875,23197,4557,2301,2256,5735,2841,2894,7362,3636,3726,8364,4160,4204,9763,4833,4930,10606,5237,5369,10472,5036,5436,7974,3780,4194,9073,4260,4813,9516,4274,5242,9787,4467,5320,10026,4527,5499,9470,4095,5375,8377,3425,4952,8392,3371,5021,8083,3149,4934,6131,2406,3725,7089,2524,4565,45.8,42.9,48.3
050,031,Carolina Municipio,6,150679,68233,82446,4450,2260,2190,11010,5429,5581,6420,3209,3211,13036,6465,6571,132076,58963,73113,128799,57335,71464,56291,27374,28917,38396,18480,19916,38640,17299,21341,38727,15091,23636,4450,2260,2190,5386,2694,2692,7185,3515,3670,8299,4131,4168,9596,4763,4833,10551,5192,5359,10753,5203,5550,8324,3995,4329,8768,4090,4678,9498,4287,5211,9650,4385,5265,9876,4446,5430,9616,4181,5435,8382,3454,4928,8192,3266,4926,8171,3192,4979,6345,2431,3914,7637,2748,4889,46.1,43.1,48.7
050,033,Cataño Municipio,1,23155,10886,12269,826,415,411,2264,1190,1074,1107,546,561,2133,1039,1094,19526,9007,10519,18958,8735,10223,8865,4300,4565,5887,2853,3034,5836,2656,3180,5102,2187,2915,826,415,411,1215,651,564,1311,677,634,1450,709,741,1528,738,790,1565,755,810,1547,755,792,1418,682,736,1357,661,696,1255,605,650,1341,620,721,1624,722,902,1616,709,907,1453,671,782,1233,538,695,885,380,505,642,279,363,889,319,570,42.5,40.4,44.7
050,033,Cataño Municipio,2,23110,10865,12245,812,408,404,2234,1173,1061,1100,545,555,2110,1027,1083,19527,9010,10517,18964,8739,10225,8830,4283,4547,5886,2850,3036,5807,2648,3159,5161,2214,2947,812,408,404,1197,640,557,1303,672,631,1429,700,729,1515,733,782,1550,745,805,1552,762,790,1419,679,740,1365,664,701,1252,601,651,1337,625,712,1604,714,890,1614,708,906,1465,678,787,1237,538,699,906,393,513,643,277,366,910,328,582,42.7,40.6,44.9
050,033,Cataño Municipio,3,22810,10698,12112,743,367,376,2116,1113,1003,1078,541,537,2041,986,1055,19416,8943,10473,18873,8677,10196,8723,4232,4491,5878,2844,3034,5609,2567,3042,5345,2280,3065,743,367,376,1113,590,523,1277,662,615,1355,666,689,1490,722,768,1516,724,792,1561,779,782,1409,667,742,1392,674,718,1220,578,642,1294,623,671,1515,670,845,1580,696,884,1490,688,802,1232,525,707,970,426,544,664,278,386,989,363,626,43.3,41.2,45.4
050,033,Cataño Municipio,4,22344,10466,11878,711,359,352,1961,1027,934,1035,526,509,1969,952,1017,19147,8812,10335,18637,8554,10083,8515,4118,4397,5768,2773,2995,5439,2509,2930,5461,2320,3141,711,359,352,998,514,484,1220,646,574,1300,642,658,1447,703,744,1460,695,765,1527,756,771,1382,654,728,1399,668,731,1208,579,629,1243,605,638,1431,635,796,1557,690,867,1494,677,817,1225,522,703,1022,453,569,680,282,398,1040,386,654,44,41.9,46.1
050,033,Cataño Municipio,5,22099,10348,11751,704,362,342,1853,968,885,1000,512,488,1899,916,983,19056,8768,10288,18542,8506,10036,8402,4077,4325,5737,2770,2967,5316,2451,2865,5590,2369,3221,704,362,342,902,461,441,1185,628,557,1270,636,634,1395,671,724,1434,684,750,1506,743,763,1406,673,733,1391,670,721,1220,579,641,1201,589,612,1357,598,759,1538,685,853,1494,667,827,1225,525,700,1050,456,594,698,286,412,1123,435,688,44.5,42.4,46.6
050,033,Cataño Municipio,6,21971,10291,11680,694,365,329,1759,921,838,970,493,477,1840,895,945,19061,8772,10289,18548,8512,10036,8337,4063,4274,5752,2788,2964,5212,2402,2810,5744,2427,3317,694,365,329,822,418,404,1162,616,546,1234,627,607,1351,648,703,1441,688,753,1490,724,766,1445,703,742,1376,673,703,1249,596,653,1182,574,608,1279,565,714,1502,667,835,1475,648,827,1269,559,710,1067,444,623,726,293,433,1207,483,724,44.9,42.8,47
050,035,Cayey Municipio,1,41652,19913,21739,1415,692,723,3570,1726,1844,1991,1018,973,3816,1921,1895,35669,16983,18686,34676,16477,18199,15522,7527,7995,10220,4840,5380,11358,5442,5916,9282,4274,5008,1415,692,723,1839,909,930,2236,1069,1167,2562,1306,1256,2740,1381,1359,2766,1381,1385,2508,1155,1353,2376,1133,1243,2570,1171,1399,2594,1265,1329,2898,1361,1537,3022,1471,1551,2844,1345,1499,2606,1217,1389,2516,1197,1319,1803,828,975,1181,575,606,1176,457,719,44.6,44,45.2
050,035,Cayey Municipio,2,41593,19876,21717,1393,683,710,3538,1711,1827,1974,1006,968,3799,1914,1885,35674,16980,18694,34688,16476,18212,15497,7512,7985,10216,4836,5380,11334,5428,5906,9339,4298,5041,1393,683,710,1819,902,917,2211,1053,1158,2549,1298,1251,2732,1378,1354,2750,1375,1375,2539,1166,1373,2349,1124,1225,2578,1171,1407,2577,1255,1322,2886,1358,1528,3017,1464,1553,2854,1351,1503,2605,1212,1393,2522,1203,1319,1836,844,992,1194,580,614,1182,459,723,44.8,44.1,45.3
050,035,Cayey Municipio,3,41316,19731,21585,1285,628,657,3400,1643,1757,1903,955,948,3733,1885,1848,35697,17005,18692,34728,16505,18223,15396,7462,7934,10203,4835,5368,11236,5387,5849,9556,4398,5158,1285,628,657,1731,866,865,2112,990,1122,2472,1255,1217,2721,1372,1349,2700,1357,1343,2661,1228,1433,2255,1084,1171,2587,1166,1421,2527,1225,1302,2835,1346,1489,2980,1438,1542,2894,1378,1516,2595,1198,1397,2524,1217,1307,1936,886,1050,1247,603,644,1254,494,760,45.3,44.7,45.8
050,035,Cayey Municipio,4,40774,19470,21304,1245,618,627,3210,1552,1658,1820,890,930,3592,1807,1785,35464,16897,18567,34499,16410,18089,15049,7282,7767,10056,4780,5276,11104,5314,5790,9747,4509,5238,1245,618,627,1601,800,801,2028,947,1081,2340,1173,1167,2653,1329,1324,2620,1310,1310,2689,1274,1415,2210,1045,1165,2537,1151,1386,2482,1189,1293,2761,1330,1431,2932,1397,1535,2929,1398,1531,2595,1207,1388,2488,1205,1283,2017,930,1087,1340,642,698,1307,525,782,45.9,45.4,46.4
050,035,Cayey Municipio,5,40513,19334,21179,1183,583,600,3049,1482,1567,1745,823,922,3507,1759,1748,35450,16887,18563,34536,16446,18090,14901,7203,7698,10061,4809,5252,10989,5247,5742,9979,4631,5348,1183,583,600,1497,739,758,1964,931,1033,2256,1109,1147,2584,1285,1299,2620,1307,1313,2690,1307,1383,2266,1049,1217,2485,1146,1339,2477,1166,1311,2693,1313,1380,2870,1344,1526,2949,1424,1525,2619,1228,1391,2476,1185,1291,2091,977,1114,1430,675,755,1363,566,797,46.4,46,46.8
050,035,Cayey Municipio,6,40389,19276,21113,1112,568,544,2889,1410,1479,1698,788,910,3469,1733,1736,35547,16912,18635,34690,16510,18180,14849,7169,7680,10109,4846,5263,10901,5195,5706,10211,4736,5475,1112,568,544,1431,695,736,1885,913,972,2219,1068,1151,2521,1255,1266,2637,1310,1327,2692,1322,1370,2372,1087,1285,2408,1127,1281,2500,1158,1342,2633,1289,1344,2831,1321,1510,2937,1427,1510,2655,1245,1410,2456,1154,1302,2191,1037,1154,1479,692,787,1430,608,822,46.8,46.3,47.3
050,037,Ceiba Municipio,1,11307,5262,6045,323,162,161,996,490,506,502,263,239,1054,547,507,9731,4475,5256,9486,4347,5139,4114,2006,2108,2680,1259,1421,2906,1307,1599,2846,1234,1612,323,162,161,525,257,268,593,296,297,664,344,320,770,403,367,819,406,413,661,300,361,560,260,300,640,293,347,767,349,418,762,338,424,732,336,396,645,284,361,617,254,363,777,339,438,601,263,338,409,182,227,442,196,246,45.7,43.4,47.3
050,037,Ceiba Municipio,2,11284,5251,6033,309,157,152,990,488,502,499,260,239,1045,542,503,9734,4476,5258,9486,4346,5140,4111,2007,2104,2686,1265,1421,2900,1303,1597,2855,1236,1619,309,157,152,520,257,263,589,291,298,658,342,316,767,400,367,817,407,410,673,307,366,561,258,303,635,293,342,757,343,414,759,336,423,741,340,401,643,284,359,616,253,363,767,332,435,607,266,341,412,181,231,453,204,249,45.8,43.4,47.5
050,037,Ceiba Municipio,3,11147,5170,5977,281,136,145,942,470,472,482,245,237,1003,519,484,9697,4454,5243,9442,4319,5123,4058,1989,2069,2683,1276,1407,2877,1295,1582,2879,1229,1650,281,136,145,480,246,234,572,275,297,621,323,298,754,390,364,801,404,397,703,327,376,561,252,309,618,293,325,723,327,396,750,332,418,767,349,418,637,287,350,612,249,363,708,299,409,651,290,361,421,176,245,487,215,272,46.4,43.9,48.1
050,037,Ceiba Municipio,4,10923,5049,5874,273,130,143,873,439,434,461,226,235,960,498,462,9557,4378,5179,9316,4254,5062,3958,1939,2019,2650,1268,1382,2821,1270,1551,2885,1218,1667,273,130,143,424,217,207,562,275,287,584,297,287,724,374,350,774,391,383,715,341,374,566,250,316,595,286,309,677,302,375,753,341,412,765,345,420,626,282,344,609,251,358,636,255,381,682,306,376,434,175,259,524,231,293,47,44.3,48.8
050,037,Ceiba Municipio,5,10840,4996,5844,286,139,147,805,402,403,442,216,226,933,486,447,9524,4343,5181,9307,4239,5068,3914,1915,1999,2651,1272,1379,2792,1247,1545,2931,1234,1697,286,139,147,370,189,181,547,272,275,575,287,288,688,356,332,761,385,376,745,360,385,567,252,315,578,275,303,646,286,360,756,344,412,760,334,426,630,283,347,604,252,352,600,238,362,700,306,394,449,187,262,578,251,327,47.5,44.7,49.5
050,037,Ceiba Municipio,6,10783,4954,5829,301,140,161,732,367,365,448,219,229,896,459,437,9520,4329,5191,9302,4228,5074,3902,1916,1986,2676,1297,1379,2770,1231,1539,2960,1241,1719,301,140,161,333,171,162,517,255,262,565,282,283,661,337,324,763,397,366,762,367,395,593,270,323,558,263,295,628,281,347,745,334,411,752,331,421,645,285,360,601,256,345,567,224,343,695,299,396,464,195,269,633,267,366,47.8,44.9,50
050,039,Ciales Municipio,1,16984,8205,8779,649,312,337,1663,803,860,769,366,403,1397,700,697,14288,6911,7377,13903,6724,7179,6021,2935,3086,4044,1957,2087,4739,2280,2459,3723,1787,1936,649,312,337,904,428,476,948,463,485,954,468,486,1023,510,513,1113,543,570,1020,478,542,960,468,492,951,468,483,931,441,490,1114,557,557,1282,606,676,1412,676,736,1092,535,557,989,508,481,673,330,343,454,221,233,515,193,322,44.8,44.6,45.1
050,039,Ciales Municipio,2,16975,8197,8778,629,302,327,1657,800,857,768,366,402,1385,692,693,14309,6917,7392,13921,6729,7192,6019,2929,3090,4053,1959,2094,4714,2268,2446,3769,1810,1959,629,302,327,899,427,472,945,461,484,951,464,487,1015,506,509,1111,543,568,1028,480,548,960,468,492,954,468,486,924,441,483,1103,546,557,1274,605,669,1413,676,737,1106,543,563,997,511,486,686,337,349,457,221,236,523,198,325,45,44.8,45.2
050,039,Ciales Municipio,3,16939,8166,8773,582,285,297,1607,772,835,754,361,393,1332,662,670,14381,6932,7449,13996,6748,7248,5977,2893,3084,4076,1961,2115,4636,2229,2407,3952,1896,2056,582,285,297,868,417,451,924,446,478,926,444,482,975,488,487,1092,532,560,1057,491,566,959,471,488,968,467,501,898,443,455,1070,507,563,1252,607,645,1416,672,744,1158,573,585,1012,511,501,730,362,368,492,236,256,560,214,346,45.7,45.4,45.9
050,039,Ciales Municipio,4,16729,8064,8665,536,265,271,1518,726,792,731,351,380,1283,644,639,14306,6890,7416,13944,6722,7222,5848,2823,3025,4023,1923,2100,4539,2188,2351,4099,1967,2132,536,265,271,805,396,409,902,425,477,905,431,474,920,469,451,1043,492,551,1059,496,563,952,471,481,969,464,505,885,443,442,1044,482,562,1224,607,617,1386,656,730,1236,618,618,1003,504,499,765,373,392,517,250,267,578,222,356,46.5,46.3,46.7
050,039,Ciales Municipio,5,16684,8043,8641,503,257,246,1447,690,757,721,350,371,1268,627,641,14366,6915,7451,14013,6746,7267,5814,2808,3006,4006,1918,2088,4449,2143,2306,4290,2058,2232,503,257,246,733,359,374,895,418,477,900,434,466,908,456,452,989,461,528,1079,521,558,957,462,495,981,474,507,896,450,446,1014,468,546,1192,598,594,1347,627,720,1327,656,671,1003,502,501,795,392,403,545,267,278,620,241,379,47.1,47,47.3
050,039,Ciales Municipio,6,16698,8055,8643,474,254,220,1383,656,727,716,350,366,1238,596,642,14488,6976,7512,14125,6795,7330,5812,2807,3005,4031,1944,2087,4385,2120,2265,4471,2135,2336,474,254,220,669,323,346,887,416,471,888,426,462,893,437,456,983,475,508,1085,525,560,988,469,519,975,475,500,935,466,469,968,457,511,1157,585,572,1325,612,713,1401,685,716,1015,499,516,848,429,419,549,258,291,658,264,394,47.6,47.5,47.8
050,041,Cidra Municipio,1,39970,19298,20672,1499,783,716,3833,1932,1901,1946,985,961,3620,1837,1783,33632,16056,17576,32692,15598,17094,15233,7467,7766,10177,4917,5260,11155,5300,5855,7740,3544,4196,1499,783,716,2033,1023,1010,2310,1181,1129,2452,1233,1219,2604,1317,1287,2662,1325,1337,2500,1239,1261,2430,1139,1291,2585,1214,1371,2559,1158,1401,2718,1348,1370,3021,1385,1636,2857,1409,1448,2486,1204,1282,2095,1005,1090,1479,664,815,849,343,506,831,328,503,42.9,41.7,44
050,041,Cidra Municipio,2,39960,19281,20679,1471,768,703,3807,1919,1888,1942,987,955,3604,1824,1780,33686,16073,17613,32740,15607,17133,15225,7468,7757,10176,4919,5257,11140,5288,5852,7820,3576,4244,1471,768,703,2009,1010,999,2295,1171,1124,2450,1234,1216,2599,1315,1284,2661,1325,1336,2517,1248,1269,2411,1131,1280,2587,1215,1372,2545,1152,1393,2710,1341,1369,3010,1379,1631,2875,1416,1459,2498,1207,1291,2096,1005,1091,1508,678,830,872,355,517,846,331,515,43,41.8,44.1
050,041,Cidra Municipio,3,39905,19234,20671,1358,699,659,3722,1874,1848,1908,984,924,3537,1780,1757,33880,16170,17710,32917,15677,17240,15206,7489,7717,10208,4953,5255,11112,5259,5853,8060,3685,4375,1358,699,659,1924,967,957,2245,1135,1110,2412,1220,1192,2586,1316,1270,2668,1331,1337,2591,1291,1300,2362,1111,1251,2587,1220,1367,2512,1142,1370,2703,1326,1377,2959,1361,1598,2938,1430,1508,2562,1225,1337,2101,1016,1085,1575,715,860,944,389,555,878,340,538,43.5,42.3,44.6
050,041,Cidra Municipio,4,39482,19006,20476,1228,639,589,3566,1796,1770,1851,956,895,3411,1701,1710,33811,16124,17687,32837,15615,17222,14915,7336,7579,10088,4900,5188,11027,5201,5826,8311,3813,4498,1228,639,589,1799,914,885,2202,1103,1099,2320,1178,1142,2507,1258,1249,2619,1307,1312,2606,1302,1304,2335,1097,1238,2528,1194,1334,2501,1137,1364,2694,1299,1395,2858,1345,1513,2974,1420,1554,2602,1251,1351,2127,1025,1102,1691,775,916,969,396,573,922,366,556,44.2,43,45.3
050,041,Cidra Municipio,5,39390,18947,20443,1178,612,566,3404,1726,1678,1815,927,888,3355,1675,1680,33916,16161,17755,32993,15682,17311,14835,7297,7538,10121,4920,5201,10944,5154,5790,8573,3933,4640,1178,612,566,1674,859,815,2186,1092,1094,2283,1173,1110,2431,1204,1227,2617,1321,1296,2638,1301,1337,2362,1118,1244,2504,1180,1324,2527,1160,1367,2657,1259,1398,2772,1338,1434,2988,1397,1591,2655,1270,1385,2175,1049,1126,1776,807,969,1008,422,586,959,385,574,44.6,43.4,45.8
050,041,Cidra Municipio,6,39478,18976,20502,1150,599,551,3253,1667,1586,1788,901,887,3346,1685,1661,34163,16257,17906,33287,15809,17478,14906,7332,7574,10223,4971,5252,10868,5096,5772,8850,4057,4793,1150,599,551,1588,831,757,2116,1061,1055,2298,1178,1120,2385,1183,1202,2614,1312,1302,2677,1308,1369,2444,1189,1255,2488,1162,1326,2551,1183,1368,2605,1207,1398,2727,1340,1387,2985,1366,1619,2726,1319,1407,2251,1070,1181,1802,826,976,1115,471,644,956,371,585,45,43.6,46.2
050,043,Coamo Municipio,1,34668,16797,17871,1165,621,544,3469,1757,1712,1557,805,752,2630,1349,1281,29192,13991,15201,28477,13614,14863,12567,6075,6492,8807,4135,4672,10303,4965,5338,6737,3165,3572,1165,621,544,1708,874,834,2188,1097,1091,1884,988,896,1876,952,924,2011,1018,993,2075,974,1101,2277,1015,1262,2444,1128,1316,2539,1215,1324,2489,1221,1268,2552,1225,1327,2723,1304,1419,2203,1094,1109,1939,943,996,1152,510,642,706,302,404,737,316,421,44.4,43.8,44.9
050,043,Coamo Municipio,2,34604,16772,17832,1161,622,539,3413,1729,1684,1561,804,757,2602,1334,1268,29191,13997,15194,28469,13617,14852,12515,6048,6467,8777,4122,4655,10296,4965,5331,6794,3196,3598,1161,622,539,1672,855,817,2166,1086,1080,1876,981,895,1862,945,917,1991,1007,984,2082,985,1097,2252,1006,1246,2452,1124,1328,2528,1213,1315,2491,1222,1269,2557,1228,1329,2720,1302,1418,2221,1101,1120,1947,946,1001,1175,526,649,709,300,409,742,323,419,44.5,44,45.1
050,043,Coamo Municipio,3,34351,16650,17701,1094,588,506,3179,1615,1564,1592,808,784,2494,1274,1220,29244,14034,15210,28486,13639,14847,12354,5968,6386,8690,4094,4596,10277,4964,5313,7025,3307,3718,1094,588,506,1529,784,745,2072,1039,1033,1852,955,897,1812,919,893,1921,971,950,2115,1027,1088,2174,983,1191,2480,1113,1367,2486,1205,1281,2504,1222,1282,2579,1242,1337,2708,1295,1413,2309,1135,1174,1966,950,1016,1273,580,693,716,306,410,761,336,425,45.3,44.8,45.8
050,043,Coamo Municipio,4,33875,16396,17479,1059,565,494,2899,1489,1410,1604,799,805,2383,1220,1163,29089,13933,15156,28313,13543,14770,12049,5794,6255,8486,3985,4501,10217,4942,5275,7227,3396,3831,1059,565,494,1392,725,667,1931,974,957,1833,933,900,1730,876,854,1838,926,912,2109,1026,1083,2093,950,1143,2446,1083,1363,2425,1177,1248,2534,1227,1307,2588,1253,1335,2670,1285,1385,2424,1180,1244,1950,945,1005,1337,608,729,738,318,420,778,345,433,46.1,45.6,46.5
050,043,Coamo Municipio,5,33644,16276,17368,1020,528,492,2662,1383,1279,1589,791,798,2347,1205,1142,29142,13954,15188,28373,13574,14799,11903,5730,6173,8375,3941,4434,10207,4930,5277,7444,3498,3946,1020,528,492,1277,669,608,1793,921,872,1874,942,932,1654,847,807,1790,897,893,2082,1013,1069,2102,962,1140,2401,1069,1332,2428,1163,1265,2570,1234,1336,2565,1254,1311,2644,1279,1365,2552,1230,1322,1930,939,991,1417,651,766,750,315,435,795,363,432,46.7,46.3,47.1
050,043,Coamo Municipio,6,33514,16213,17301,988,507,481,2477,1296,1181,1546,777,769,2330,1194,1136,29286,14021,15265,28503,13633,14870,11828,5710,6118,8317,3926,4391,10226,4926,5300,7630,3587,4043,988,507,481,1188,628,560,1654,855,799,1910,955,955,1601,829,772,1785,884,901,2035,996,1039,2118,976,1142,2379,1070,1309,2452,1159,1293,2595,1246,1349,2548,1255,1293,2631,1266,1365,2639,1265,1374,1931,948,983,1479,684,795,774,327,447,807,363,444,47.2,46.8,47.6
050,045,Comerío Municipio,1,18883,9326,9557,653,334,319,1892,976,916,904,467,437,1728,888,840,15877,7781,8096,15434,7549,7885,7394,3814,3580,4999,2581,2418,4945,2377,2568,3762,1703,2059,653,334,319,947,509,438,1182,589,593,1158,610,548,1237,623,614,1356,716,640,1272,648,624,1217,610,607,1154,607,547,1065,511,554,1197,596,601,1421,689,732,1262,581,681,1078,493,585,984,464,520,731,319,412,482,239,243,487,188,299,41.6,40.2,43.6
050,045,Comerío Municipio,2,18868,9317,9551,629,321,308,1870,964,906,908,468,440,1714,881,833,15904,7794,8110,15461,7564,7897,7400,3818,3582,5016,2592,2424,4936,2377,2559,3795,1714,2081,629,321,308,936,501,435,1172,586,586,1155,607,548,1229,619,610,1355,718,637,1288,655,633,1203,603,600,1170,616,554,1057,508,549,1185,590,595,1422,692,730,1272,587,685,1083,493,590,982,460,522,743,327,416,493,244,249,494,190,304,41.8,40.3,43.7
050,045,Comerío Municipio,3,18861,9306,9555,592,304,288,1785,923,862,922,470,452,1661,854,807,16006,7835,8171,15562,7609,7953,7429,3842,3587,5086,2639,2447,4896,2360,2536,3919,1756,2163,592,304,288,895,476,419,1130,568,562,1135,591,544,1208,612,596,1347,719,628,1351,689,662,1156,582,574,1232,649,583,1034,503,531,1153,569,584,1402,691,711,1307,597,710,1103,494,609,973,446,527,775,350,425,530,256,274,538,210,328,42.3,40.8,44.2
050,045,Comerío Municipio,4,18618,9181,9437,527,276,251,1680,878,802,927,463,464,1591,817,774,15941,7798,8143,15484,7564,7920,7359,3788,3571,5074,2618,2456,4790,2321,2469,4029,1808,2221,527,276,251,845,451,394,1068,537,531,1118,573,545,1167,597,570,1317,693,624,1370,704,666,1127,574,553,1260,647,613,1022,512,510,1107,538,569,1329,659,670,1332,612,720,1161,524,637,954,428,526,797,367,430,541,246,295,576,243,333,42.9,41.4,44.7
050,045,Comerío Municipio,5,18595,9182,9413,517,278,239,1575,826,749,937,467,470,1566,808,758,16037,7851,8186,15566,7611,7955,7392,3799,3593,5122,2641,2481,4731,2304,2427,4147,1858,2289,517,278,239,782,413,369,1026,530,496,1131,568,563,1139,590,549,1305,672,633,1381,718,663,1160,606,554,1276,645,631,1053,542,511,1075,517,558,1256,620,636,1347,625,722,1186,532,654,978,439,539,813,374,439,554,246,308,616,267,349,43.4,41.8,45.1
050,045,Comerío Municipio,6,18613,9196,9417,504,269,235,1479,783,696,929,459,470,1600,838,762,16174,7916,8258,15701,7685,8016,7456,3835,3621,5148,2648,2500,4704,2298,2406,4249,1901,2348,504,269,235,712,370,342,988,523,465,1161,583,578,1147,604,543,1280,641,639,1384,729,655,1226,646,580,1258,632,626,1098,571,527,1055,508,547,1189,585,604,1362,634,728,1213,547,666,997,447,550,832,372,460,571,249,322,636,286,350,43.7,42.1,45.4
050,047,Corozal Municipio,1,34571,16683,17888,1335,688,647,3613,1838,1775,1688,888,800,3171,1611,1560,28750,13694,15056,27935,13269,14666,13330,6617,6713,8898,4340,4558,9167,4307,4860,6699,3011,3688,1335,688,647,1850,956,894,2190,1104,1086,2142,1092,1050,2290,1185,1105,2419,1204,1215,2173,1072,1101,2123,1017,1106,2183,1047,1136,2039,994,1045,2248,1049,1199,2529,1160,1369,2351,1104,1247,2012,927,1085,1708,762,946,1289,624,665,869,389,480,821,309,512,41.7,40.1,43.2
050,047,Corozal Municipio,2,34551,16654,17897,1313,676,637,3579,1822,1757,1697,889,808,3153,1606,1547,28786,13698,15088,27962,13267,14695,13332,6627,6705,8914,4354,4560,9143,4287,4856,6752,3020,3732,1313,676,637,1823,944,879,2188,1100,1088,2134,1093,1041,2284,1180,1104,2412,1201,1211,2195,1082,1113,2110,1012,1098,2197,1059,1138,2031,985,1046,2230,1044,1186,2521,1152,1369,2361,1106,1255,2023,933,1090,1705,756,949,1307,628,679,877,392,485,840,311,529,41.8,40.2,43.4
050,047,Corozal Municipio,3,34580,16649,17931,1254,653,601,3443,1756,1687,1729,893,836,3055,1566,1489,29008,13799,15209,28154,13347,14807,13365,6672,6693,9026,4434,4592,9078,4235,4843,6995,3112,3883,1254,653,601,1723,896,827,2165,1081,1084,2094,1089,1005,2245,1149,1096,2390,1187,1203,2300,1142,1158,2080,1004,1076,2256,1101,1155,2025,971,1054,2160,1021,1139,2501,1131,1370,2392,1112,1280,2072,956,1116,1705,750,955,1389,657,732,916,414,502,913,335,578,42.3,40.5,43.9
050,047,Corozal Municipio,4,34293,16467,17826,1192,619,573,3243,1656,1587,1729,881,848,2916,1493,1423,28983,13758,15225,28129,13311,14818,13205,6586,6619,8996,4429,4567,9016,4200,4816,7201,3189,4012,1192,619,573,1602,829,773,2077,1044,1033,2079,1076,1003,2130,1081,1049,2376,1186,1190,2353,1178,1175,2036,986,1050,2231,1079,1152,2052,987,1065,2111,998,1113,2449,1102,1347,2404,1113,1291,2097,959,1138,1751,776,975,1427,658,769,957,432,525,969,364,605,42.9,41.1,44.6
050,047,Corozal Municipio,5,34318,16465,17853,1156,608,548,3083,1584,1499,1724,860,864,2886,1475,1411,29214,13844,15370,28355,13413,14942,13216,6597,6619,9035,4474,4561,9031,4204,4827,7403,3260,4143,1156,608,548,1510,777,733,2002,1019,983,2111,1080,1031,2070,1043,1027,2375,1209,1166,2410,1203,1207,2057,1017,1040,2193,1045,1148,2128,1024,1104,2097,994,1103,2368,1075,1293,2438,1111,1327,2116,970,1146,1788,791,997,1478,661,817,998,454,544,1023,384,639,43.4,41.4,45.2
050,047,Corozal Municipio,6,34476,16539,17937,1103,572,531,2928,1516,1412,1746,872,874,2908,1477,1431,29579,14016,15563,28699,13579,15120,13314,6658,6656,9095,4531,4564,9008,4185,4823,7688,3386,4302,1103,572,531,1429,738,691,1934,1000,934,2147,1088,1059,2072,1039,1033,2356,1217,1139,2423,1203,1220,2134,1066,1068,2182,1045,1137,2173,1034,1139,2086,996,1090,2289,1046,1243,2460,1109,1351,2186,1009,1177,1842,823,1019,1518,660,858,1017,464,553,1125,430,695,43.8,41.8,45.7
050,049,Culebra Municipio,1,1792,887,905,69,45,24,169,78,91,66,30,36,135,56,79,1525,751,774,1488,734,754,625,298,327,440,218,222,494,253,241,419,207,212,69,45,24,93,47,46,92,37,55,91,39,52,94,41,53,123,58,65,96,51,45,109,61,48,112,48,64,124,65,59,119,57,62,131,76,55,120,55,65,130,63,67,108,57,51,74,39,35,54,26,28,53,22,31,45.6,46,45
050,049,Culebra Municipio,2,1790,885,905,65,41,24,169,79,90,65,30,35,136,56,80,1527,752,775,1491,735,756,622,296,326,437,216,221,494,254,240,424,209,215,65,41,24,93,48,45,92,37,55,90,39,51,95,41,54,121,57,64,98,51,47,105,60,45,113,48,65,125,67,58,120,56,64,129,75,54,120,56,64,130,63,67,110,57,53,77,41,36,53,25,28,54,23,31,45.8,46.3,45.2
050,049,Culebra Municipio,3,1783,876,907,58,32,26,168,83,85,63,29,34,137,56,81,1523,747,776,1494,732,762,609,287,322,427,210,217,488,251,237,442,215,227,58,32,26,93,51,42,93,40,53,87,39,48,95,38,57,115,53,62,108,55,53,92,54,38,112,48,64,127,71,56,119,50,69,121,72,49,121,58,63,129,61,68,116,60,56,83,43,40,58,27,31,56,24,32,46.4,46.9,45.8
050,049,Culebra Municipio,4,1769,865,904,51,26,25,163,83,80,66,29,37,131,54,77,1518,740,778,1489,727,762,603,284,319,425,209,216,481,245,236,452,219,233,51,26,25,88,50,38,94,41,53,83,38,45,95,37,58,110,49,61,116,58,58,86,51,35,113,51,62,124,67,57,115,49,66,120,70,50,122,59,63,119,55,64,129,69,60,80,38,42,62,29,33,62,28,34,47.1,47.5,46.5
050,049,Culebra Municipio,5,1762,865,897,56,27,29,157,84,73,72,29,43,124,51,73,1511,739,772,1477,725,752,603,282,321,426,209,217,473,240,233,454,225,229,56,27,29,81,49,32,95,42,53,82,37,45,95,36,59,104,48,56,121,60,61,83,45,38,118,56,62,115,59,56,112,50,62,121,69,52,125,62,63,113,52,61,124,66,58,87,41,46,62,31,31,68,35,33,47.4,48.2,46.5
050,049,Culebra Municipio,6,1759,866,893,56,28,28,147,82,65,76,31,45,125,51,74,1517,741,776,1480,725,755,601,281,320,420,207,213,470,236,234,465,231,234,56,28,28,73,46,27,94,44,50,85,36,49,96,38,58,94,43,51,124,59,65,87,45,42,115,60,55,112,52,60,112,55,57,119,61,58,127,68,59,113,52,61,124,63,61,90,44,46,61,31,30,77,41,36,47.9,48.8,46.8
050,051,Dorado Municipio,1,35879,17021,18858,1298,662,636,3677,1819,1858,1997,972,1025,3391,1750,1641,29910,14068,15842,28907,13568,15339,13971,6746,7225,9082,4261,4821,9805,4639,5166,6629,2918,3711,1298,662,636,1880,930,950,2296,1126,1170,2541,1300,1241,2348,1185,1163,2236,1076,1160,1942,932,1010,2232,1038,1194,2672,1215,1457,2830,1365,1465,2557,1223,1334,2329,1119,1210,2089,932,1157,1888,853,1035,1883,857,1026,1298,580,718,806,350,456,754,278,476,42.3,41.1,43.2
050,051,Dorado Municipio,2,35902,17035,18867,1280,657,623,3632,1797,1835,1992,966,1026,3398,1754,1644,30000,14110,15890,28998,13615,15383,13982,6751,7231,9087,4267,4820,9836,4656,5180,6677,2938,3739,1280,657,623,1849,914,935,2278,1119,1159,2532,1288,1244,2363,1196,1167,2245,1085,1160,1970,943,1027,2212,1032,1180,2660,1207,1453,2823,1361,1462,2581,1233,1348,2334,1124,1210,2098,938,1160,1888,850,1038,1885,858,1027,1318,587,731,816,359,457,770,284,486,42.4,41.2,43.3
050,051,Dorado Municipio,3,35936,17046,18890,1209,629,580,3471,1718,1753,1969,955,1014,3410,1751,1659,30285,14227,16058,29287,13744,15543,14012,6771,7241,9108,4299,4809,9926,4704,5222,6843,2990,3853,1209,629,580,1749,861,888,2197,1091,1106,2479,1233,1246,2425,1239,1186,2287,1126,1161,2078,984,1094,2132,1006,1126,2611,1183,1428,2804,1350,1454,2678,1274,1404,2346,1132,1214,2098,948,1150,1893,842,1051,1879,851,1028,1405,630,775,838,368,470,828,299,529,42.7,41.5,43.8
050,051,Dorado Municipio,4,35646,16861,18785,1163,593,570,3268,1624,1644,1900,932,968,3390,1725,1665,30299,14189,16110,29315,13712,15603,13874,6718,7156,9029,4283,4746,9950,4712,5238,6946,2992,3954,1163,593,570,1634,806,828,2079,1040,1039,2407,1176,1231,2438,1259,1179,2299,1141,1158,2158,1013,1145,2041,965,1076,2531,1164,1367,2756,1301,1455,2745,1308,1437,2374,1146,1228,2075,957,1118,1903,841,1062,1835,810,1025,1479,657,822,879,380,499,850,304,546,43.2,41.9,44.3
050,051,Dorado Municipio,5,35699,16873,18826,1174,602,572,3110,1548,1562,1843,914,929,3410,1716,1694,30540,14289,16251,29572,13809,15763,13917,6750,7167,9092,4330,4762,10003,4740,5263,7067,3023,4044,1174,602,572,1534,754,780,2004,1004,1000,2364,1158,1206,2461,1262,1199,2346,1172,1174,2252,1057,1195,2018,956,1062,2476,1145,1331,2715,1267,1448,2797,1329,1468,2402,1160,1242,2089,984,1105,1912,840,1072,1796,794,1002,1553,676,877,936,404,532,870,309,561,43.5,42.1,44.6
050,051,Dorado Municipio,6,35867,16940,18927,1135,594,541,2965,1473,1492,1790,901,889,3438,1713,1725,30910,14446,16464,29977,13972,16005,14048,6818,7230,9244,4417,4827,10094,4773,5321,7201,3069,4132,1135,594,541,1430,706,724,1959,980,979,2327,1151,1176,2477,1250,1227,2414,1204,1210,2368,1116,1252,2044,977,1067,2418,1120,1298,2702,1245,1457,2812,1340,1472,2436,1169,1267,2144,1019,1125,1942,852,1090,1743,769,974,1598,693,905,1007,424,583,911,331,580,43.8,42.3,45
050,053,Fajardo Municipio,1,32124,14938,17186,1218,631,587,3047,1505,1542,1489,786,703,2990,1495,1495,27110,12417,14693,26370,12016,14354,11793,5704,6089,7696,3612,4084,8326,3776,4550,7358,3133,4225,1218,631,587,1662,817,845,1767,877,890,1905,985,920,2192,1107,1085,2383,1153,1230,1876,905,971,1596,706,890,1841,848,993,2204,1009,1195,2254,1056,1198,2026,916,1110,1842,795,1047,1611,705,906,1869,804,1065,1571,714,857,1094,464,630,1213,446,767,44.1,41.6,45.8
050,053,Fajardo Municipio,2,32087,14916,17171,1190,618,572,3026,1497,1529,1486,779,707,2971,1491,1480,27123,12422,14701,26385,12022,14363,11787,5706,6081,7708,3621,4087,8325,3772,4553,7381,3138,4243,1190,618,572,1643,808,835,1761,874,887,1899,983,916,2180,1102,1078,2382,1150,1232,1910,926,984,1587,701,886,1829,844,985,2184,999,1185,2259,1057,1202,2043,924,1119,1839,792,1047,1617,708,909,1837,786,1051,1577,710,867,1109,473,636,1241,461,780,44.2,41.7,45.9
050,053,Fajardo Municipio,3,31812,14765,17047,1072,560,512,2930,1462,1468,1461,743,718,2879,1460,1419,27080,12391,14689,26349,12000,14349,11714,5686,6028,7728,3652,4076,8320,3768,4552,7422,3120,4302,1072,560,512,1552,769,783,1732,862,870,1854,961,893,2132,1073,1059,2371,1138,1233,2042,1009,1033,1559,694,865,1756,811,945,2103,958,1145,2267,1051,1216,2111,968,1143,1839,791,1048,1610,701,909,1742,738,1004,1614,708,906,1165,497,668,1291,476,815,44.5,41.9,46.5
050,053,Fajardo Municipio,4,31352,14518,16834,1032,524,508,2776,1395,1381,1407,700,707,2754,1398,1356,26866,12266,14600,26137,11899,14238,11509,5588,5921,7679,3658,4021,8221,3716,4505,7483,3127,4356,1032,524,508,1414,715,699,1693,848,845,1786,918,868,2044,1012,1032,2316,1116,1200,2137,1055,1082,1547,704,843,1679,783,896,1979,888,1091,2237,1030,1207,2166,1010,1156,1839,788,1051,1622,694,928,1654,707,947,1647,717,930,1186,503,683,1374,506,868,45.1,42.4,47.1
050,053,Fajardo Municipio,5,31149,14384,16765,1025,501,524,2644,1324,1320,1372,684,688,2676,1358,1318,26820,12217,14603,26108,11875,14233,11462,5577,5885,7745,3710,4035,8130,3665,4465,7557,3142,4415,1025,501,524,1299,664,635,1676,835,841,1745,886,859,1972,981,991,2283,1114,1169,2229,1090,1139,1603,747,856,1630,759,871,1889,835,1054,2210,1010,1200,2161,1016,1145,1870,804,1066,1643,701,942,1574,667,907,1672,729,943,1197,504,693,1471,541,930,45.3,42.7,47.5
050,053,Fajardo Municipio,6,31043,14324,16719,969,481,488,2540,1282,1258,1337,665,672,2628,1325,1303,26872,12228,14644,26197,11896,14301,11493,5599,5894,7859,3767,4092,8067,3645,4422,7643,3159,4484,969,481,488,1239,636,603,1632,804,828,1728,872,856,1906,960,946,2242,1105,1137,2305,1109,1196,1726,830,896,1586,723,863,1828,817,1011,2180,988,1192,2155,1007,1148,1904,833,1071,1676,711,965,1514,637,877,1656,715,941,1253,522,731,1544,574,970,45.6,42.8,47.9
050,054,Florida Municipio,1,11692,5526,6166,438,225,213,1152,582,570,557,277,280,1154,606,548,9829,4582,5247,9545,4442,5103,4588,2219,2369,3014,1405,1609,3018,1374,1644,2359,1057,1302,438,225,213,619,311,308,670,340,330,718,370,348,856,444,412,860,396,464,747,348,399,630,307,323,777,354,423,764,362,402,803,370,433,734,316,418,717,326,391,738,333,405,612,281,331,465,208,257,292,137,155,252,98,154,41.9,40.3,43.4
050,054,Florida Municipio,2,11682,5522,6160,427,220,207,1145,578,567,555,276,279,1148,604,544,9837,4586,5251,9555,4448,5107,4580,2215,2365,3014,1405,1609,3014,1371,1643,2379,1068,1311,427,220,207,616,310,306,666,338,328,714,365,349,852,445,407,857,394,463,761,356,405,622,302,320,774,353,421,765,364,401,800,368,432,740,320,420,709,319,390,742,335,407,615,279,336,471,214,257,294,137,157,257,103,154,42.1,40.4,43.5
050,054,Florida Municipio,3,11651,5506,6145,398,205,193,1111,564,547,547,273,274,1117,586,531,9869,4598,5271,9595,4464,5131,4562,2211,2351,3034,1421,1613,2995,1362,1633,2449,1095,1354,398,205,193,597,302,295,650,331,319,695,349,346,833,441,392,862,395,467,816,391,425,603,293,310,753,342,411,763,367,396,789,359,430,760,336,424,683,300,383,754,345,409,623,269,354,491,228,263,305,137,168,276,116,160,42.5,40.7,44
050,054,Florida Municipio,4,11485,5404,6081,376,191,185,1047,537,510,532,269,263,1058,546,512,9798,4543,5255,9530,4407,5123,4485,2177,2308,3025,1427,1598,2963,1334,1629,2484,1100,1384,376,191,185,545,278,267,632,324,308,674,337,337,786,413,373,873,408,465,835,396,439,604,295,309,713,328,385,750,353,397,772,349,423,777,349,428,664,283,381,746,340,406,640,271,369,513,238,275,316,144,172,269,107,162,43.1,41,44.7
050,054,Florida Municipio,5,11418,5349,6069,382,194,188,1000,509,491,528,269,259,1020,523,497,9777,4514,5263,9508,4377,5131,4467,2172,2295,3048,1447,1601,2946,1313,1633,2494,1094,1400,382,194,188,499,251,248,630,325,305,663,331,332,756,394,362,881,428,453,848,390,458,640,310,330,679,319,360,745,336,409,765,349,416,774,349,425,662,279,383,725,325,400,642,273,369,531,242,289,338,149,189,258,105,153,43.2,40.9,45
050,054,Florida Municipio,6,11425,5347,6078,372,196,176,960,489,471,524,267,257,1007,515,492,9835,4530,5305,9569,4395,5174,4488,2196,2292,3085,1478,1607,2974,1316,1658,2503,1086,1417,372,196,176,464,240,224,624,313,311,663,339,324,740,379,361,874,439,435,868,393,475,700,335,365,643,311,332,756,333,423,765,355,410,775,348,427,678,280,398,699,312,387,654,276,378,530,236,294,350,152,198,270,110,160,43.3,40.6,45.4
050,055,Guánica Municipio,1,13787,6627,7160,534,271,263,1356,701,655,641,329,312,1159,581,578,11575,5497,6078,11256,5326,5930,4846,2351,2495,3209,1519,1690,3367,1562,1805,3521,1664,1857,534,271,263,736,380,356,783,399,384,799,415,384,838,417,421,857,412,445,739,344,395,730,340,390,883,423,460,829,383,446,847,414,433,818,348,470,873,417,456,948,451,497,985,495,490,708,326,382,440,199,241,440,193,247,45,43.8,45.9
050,055,Guánica Municipio,2,13686,6580,7106,526,261,265,1333,690,643,631,323,308,1143,578,565,11510,5472,6038,11196,5306,5890,4804,2334,2470,3189,1511,1678,3359,1557,1802,3505,1660,1845,526,261,265,725,377,348,767,391,376,789,410,379,826,413,413,853,407,446,736,346,390,718,333,385,882,425,457,826,383,443,851,413,438,813,348,465,869,413,456,934,444,490,976,487,489,708,331,377,442,202,240,445,196,249,45.1,44.1,46.1
050,055,Guánica Municipio,3,13273,6387,6886,452,217,235,1267,657,610,607,307,300,1088,562,526,11251,5359,5892,10947,5206,5741,4659,2264,2395,3113,1474,1639,3246,1502,1744,3500,1668,1832,452,217,235,685,364,321,731,372,359,757,390,367,789,400,389,845,395,450,747,360,387,670,305,365,851,414,437,806,383,423,831,394,437,780,343,437,829,382,447,896,426,470,945,464,481,728,352,376,466,216,250,465,210,255,45.7,44.7,46.5
050,055,Guánica Municipio,4,12790,6143,6647,390,194,196,1190,615,575,575,291,284,1025,530,495,10927,5186,5741,10635,5043,5592,4442,2161,2281,2983,1413,1570,3151,1452,1699,3476,1648,1828,390,194,196,624,332,292,707,356,351,718,367,351,741,381,360,804,379,425,753,363,390,627,288,339,799,383,416,789,378,411,813,374,439,778,359,419,771,341,430,866,413,453,896,434,462,754,365,389,477,219,258,483,217,266,46.4,45.4,47.4
050,055,Guánica Municipio,5,12408,5946,6462,381,193,188,1111,571,540,552,280,272,977,506,471,10644,5044,5600,10364,4902,5462,4281,2084,2197,2888,1366,1522,3089,1412,1677,3410,1618,1792,381,193,188,567,297,270,680,342,338,688,347,341,705,371,334,778,371,407,750,356,394,619,291,328,741,348,393,794,376,418,783,355,428,765,365,400,747,316,431,823,397,426,851,410,441,771,381,390,475,218,257,490,212,278,46.7,45.7,47.7
050,055,Guánica Municipio,6,12117,5790,6327,388,200,188,1038,535,503,529,271,258,951,483,468,10427,4923,5504,10162,4784,5378,4159,2024,2135,2810,1336,1474,3049,1389,1660,3352,1576,1776,388,200,188,514,266,248,655,335,320,671,338,333,678,350,328,747,364,383,749,357,392,626,291,335,688,324,364,802,376,426,760,340,420,753,367,386,734,306,428,778,372,406,809,382,427,770,384,386,489,213,276,506,225,281,47,45.9,48.1
050,057,Guayama Municipio,1,36614,18154,18460,1218,610,608,3474,1769,1705,1870,953,917,3780,2146,1634,31018,15314,15704,30052,14822,15230,14984,8017,6967,9785,5149,4636,9260,4333,4927,7227,3194,4033,1218,610,608,1747,887,860,2178,1113,1065,2425,1266,1159,2774,1602,1172,2947,1771,1176,2433,1305,1128,2157,1004,1153,2248,1069,1179,2337,1121,1216,2289,1073,1216,2297,1069,1228,2337,1070,1267,2072,922,1150,1955,893,1062,1393,656,737,890,370,520,917,353,564,40.9,37.6,43.9
050,057,Guayama Municipio,2,36472,18088,18384,1190,590,600,3428,1749,1679,1861,953,908,3745,2122,1623,30952,15286,15666,29993,14796,15197,14942,8001,6941,9786,5158,4628,9205,4302,4903,7257,3214,4043,1190,590,600,1723,881,842,2155,1100,1055,2406,1254,1152,2750,1589,1161,2950,1776,1174,2456,1321,1135,2140,998,1142,2240,1063,1177,2316,1111,1205,2276,1070,1206,2287,1059,1228,2326,1062,1264,2084,930,1154,1949,892,1057,1398,656,742,894,376,518,932,360,572,41,37.6,43.9
050,057,Guayama Municipio,3,35625,17487,18138,1119,555,564,3239,1659,1580,1813,946,867,3601,2016,1585,30382,14812,15570,29454,14327,15127,14475,7631,6844,9507,4904,4603,8966,4155,4811,7380,3252,4128,1119,555,564,1617,843,774,2068,1051,1017,2311,1200,1111,2657,1527,1130,2874,1698,1176,2442,1297,1145,2035,928,1107,2156,981,1175,2213,1047,1166,2230,1050,1180,2249,1027,1222,2274,1031,1243,2102,934,1168,1913,870,1043,1459,676,783,925,391,534,981,381,600,41.6,38,44.4
050,057,Guayama Municipio,4,35252,17484,17768,1097,534,563,2991,1531,1460,1740,924,816,3532,1999,1533,30311,14966,15345,29424,14495,14929,14532,7854,6678,9681,5156,4525,8769,4078,4691,7442,3262,4180,1097,534,563,1454,761,693,1958,995,963,2241,1181,1060,2610,1517,1093,2962,1795,1167,2573,1457,1116,2056,966,1090,2090,938,1152,2138,1007,1131,2220,1063,1157,2184,995,1189,2227,1013,1214,2135,949,1186,1831,813,1018,1540,711,829,930,407,523,1006,382,624,41.7,37.4,44.9
050,057,Guayama Municipio,5,34753,17223,17530,1112,551,561,2770,1416,1354,1711,916,795,3453,1953,1500,30037,14813,15224,29160,14340,14820,14399,7812,6587,9656,5165,4491,8574,3971,4603,7477,3251,4226,1112,551,561,1319,680,639,1872,958,914,2187,1177,1010,2556,1470,1086,2953,1799,1154,2630,1511,1119,2071,985,1086,2002,870,1132,2082,966,1116,2204,1056,1148,2129,961,1168,2159,988,1171,2148,944,1204,1775,780,995,1595,718,877,943,413,530,1016,396,620,41.8,37.2,45.3
050,057,Guayama Municipio,6,34386,17020,17366,1131,559,572,2592,1339,1253,1676,897,779,3400,1922,1478,29853,14703,15150,28987,14225,14762,14335,7795,6540,9655,5177,4478,8399,3847,4552,7533,3279,4254,1131,559,572,1234,630,604,1754,910,844,2162,1178,984,2518,1440,1078,2953,1808,1145,2666,1536,1130,2105,1015,1090,1931,818,1113,2039,940,1099,2167,1004,1163,2080,942,1138,2113,961,1152,2130,944,1186,1781,775,1006,1597,709,888,1000,450,550,1025,401,624,41.8,37,45.5
050,059,Guayanilla Municipio,1,17784,8407,9377,649,304,345,1761,842,919,906,463,443,1621,807,814,14913,7029,7884,14468,6798,7670,6569,3218,3351,4278,2065,2213,4598,2160,2438,3971,1766,2205,649,304,345,906,422,484,1091,537,554,1127,584,543,1164,569,595,1088,523,565,1054,499,555,1029,504,525,1107,539,568,1128,555,573,1115,501,614,1119,506,613,1236,598,638,1145,526,619,1073,472,601,777,375,402,513,226,287,463,167,296,43.5,42.4,44.6
050,059,Guayanilla Municipio,2,17738,8369,9369,632,295,337,1743,833,910,901,455,446,1617,806,811,14904,7014,7890,14462,6786,7676,6556,3204,3352,4270,2056,2214,4590,2154,2436,3985,1770,2215,632,295,337,895,419,476,1080,527,553,1125,579,546,1161,569,592,1083,513,570,1055,503,552,1025,501,524,1107,539,568,1125,554,571,1111,501,610,1122,508,614,1232,591,641,1138,523,615,1074,473,601,790,378,412,516,227,289,467,169,298,43.7,42.6,44.7
050,059,Guayanilla Municipio,3,17478,8230,9248,553,262,291,1652,784,868,885,437,448,1594,806,788,14826,6970,7856,14388,6747,7641,6493,3171,3322,4232,2031,2201,4522,2115,2407,4040,1795,2245,553,262,291,838,395,443,1032,492,540,1108,562,546,1153,578,575,1075,491,584,1048,513,535,1008,489,519,1101,538,563,1115,552,563,1086,501,585,1128,510,618,1193,552,641,1114,523,591,1082,484,598,829,379,450,523,224,299,492,185,307,44.2,43.1,45.3
050,059,Guayanilla Municipio,4,17060,8002,9058,513,250,263,1538,725,813,853,411,442,1519,767,752,14595,6831,7764,14156,6616,7540,6326,3070,3256,4155,1988,2167,4432,2073,2359,4050,1788,2262,513,250,263,759,353,406,980,468,512,1064,526,538,1107,556,551,1074,493,581,1029,508,521,995,476,519,1057,511,546,1090,539,551,1074,515,559,1127,499,628,1141,520,621,1099,530,569,1051,472,579,873,379,494,528,225,303,499,182,317,44.8,43.6,45.9
050,059,Guayanilla Municipio,5,16801,7872,8929,484,244,240,1447,673,774,830,400,430,1469,740,729,14469,6758,7711,14040,6555,7485,6247,3028,3219,4151,1991,2160,4333,2030,2303,4087,1794,2293,484,244,240,708,326,382,942,450,492,1036,503,533,1060,534,526,1086,506,580,1028,503,525,1005,478,527,1032,504,528,1053,515,538,1087,532,555,1113,488,625,1080,495,585,1117,539,578,1027,467,560,892,376,516,545,232,313,506,180,326,45.1,43.9,46.2
050,059,Guayanilla Municipio,6,16628,7772,8856,457,238,219,1356,629,727,804,389,415,1457,728,729,14415,6706,7709,14011,6516,7495,6203,3005,3198,4140,1984,2156,4277,2001,2276,4137,1803,2334,457,238,219,659,304,355,895,421,474,1029,498,531,1034,523,511,1091,516,575,1026,494,532,1015,477,538,1008,497,511,1046,510,536,1092,536,556,1083,478,605,1056,477,579,1123,542,581,1036,466,570,878,367,511,561,242,319,539,186,353,45.5,44.2,46.7
050,061,Guaynabo Municipio,1,89780,42009,47771,2908,1479,1429,6847,3502,3345,3662,1836,1826,7534,3989,3545,78239,36142,42097,76363,35192,41171,32853,16705,16148,22536,11310,11226,24723,11028,13695,21570,8865,12705,2908,1479,1429,3584,1822,1762,4142,2110,2032,4769,2429,2340,5548,2966,2582,6313,3269,3044,5466,2846,2620,5385,2602,2783,5372,2593,2779,5467,2563,2904,6054,2709,3345,6595,2883,3712,6607,2873,3734,5904,2594,3310,5107,2226,2881,4099,1673,2426,3089,1227,1862,3371,1145,2226,46.3,42.8,49.4
050,061,Guaynabo Municipio,2,89758,41985,47773,2847,1449,1398,6795,3475,3320,3644,1830,1814,7487,3956,3531,78340,36179,42161,76472,35231,41241,32841,16705,16136,22586,11352,11234,24619,10981,13638,21780,8942,12838,2847,1449,1398,3553,1809,1744,4118,2099,2019,4735,2407,2328,5520,2946,2574,6308,3276,3032,5535,2878,2657,5351,2603,2748,5392,2595,2797,5431,2547,2884,6019,2694,3325,6577,2880,3697,6592,2860,3732,5964,2613,3351,5133,2234,2899,4159,1702,2457,3095,1223,1872,3429,1170,2259,46.4,42.9,49.5
050,061,Guaynabo Municipio,3,89721,41954,47767,2696,1375,1321,6566,3358,3208,3566,1803,1763,7375,3896,3479,78725,36348,42377,76893,35418,41475,32851,16754,16097,22767,11494,11273,24212,10799,13413,22539,9229,13310,2696,1375,1321,3423,1751,1672,4000,2046,1954,4614,2337,2277,5470,2923,2547,6301,3303,2998,5815,3018,2797,5197,2579,2618,5454,2594,2860,5306,2493,2813,5881,2638,3243,6491,2854,3637,6534,2814,3720,6176,2688,3488,5242,2281,2961,4370,1802,2568,3148,1238,1910,3603,1220,2383,46.8,43.2,50
050,061,Guaynabo Municipio,4,89011,41551,47460,2598,1329,1269,6236,3183,3053,3417,1734,1683,7181,3810,3371,78524,36185,42339,76760,35305,41455,32462,16568,15894,22669,11443,11226,23768,10598,13170,23142,9454,13688,2598,1329,1269,3233,1653,1580,3808,1949,1859,4468,2271,2197,5325,2854,2471,6188,3260,2928,6002,3102,2900,5048,2527,2521,5431,2554,2877,5214,2460,2754,5707,2567,3140,6322,2773,3549,6525,2798,3727,6310,2746,3564,5351,2315,3036,4509,1872,2637,3234,1271,1963,3738,1250,2488,47.3,43.6,50.6
050,061,Guaynabo Municipio,5,88995,41505,47490,2577,1311,1266,5999,3059,2940,3304,1699,1605,7098,3763,3335,78843,36312,42531,77115,35436,41679,32406,16580,15826,22773,11520,11253,23491,10482,13009,23753,9671,14082,2577,1311,1266,3060,1556,1504,3708,1905,1803,4356,2234,2122,5277,2826,2451,6075,3238,2837,6270,3218,3052,5039,2547,2492,5389,2517,2872,5199,2449,2750,5588,2533,3055,6161,2707,3454,6543,2793,3750,6404,2767,3637,5494,2383,3111,4594,1886,2708,3381,1322,2059,3880,1313,2567,47.6,43.8,51.1
050,061,Guaynabo Municipio,6,89405,41722,47683,2489,1292,1197,5813,2967,2846,3250,1692,1558,7058,3725,3333,79540,36652,42888,77853,35771,42082,32597,16724,15873,23075,11710,11365,23274,10406,12868,24446,9930,14516,2489,1292,1197,2965,1514,1451,3634,1856,1778,4271,2208,2063,5251,2806,2445,6031,3240,2791,6511,3342,3169,5211,2655,2556,5322,2473,2849,5202,2450,2752,5481,2501,2980,6016,2641,3375,6575,2814,3761,6486,2795,3691,5667,2443,3224,4676,1933,2743,3606,1386,2220,4011,1373,2638,47.9,44,51.4
050,063,Gurabo Municipio,1,40622,19080,21542,1250,652,598,3999,2017,1982,2107,1034,1073,3913,1898,2015,34318,15875,18443,33266,15377,17889,16863,7951,8912,11379,5297,6082,11124,5139,5985,6850,3043,3807,1250,652,598,1974,986,988,2561,1309,1252,2681,1309,1372,2803,1345,1458,2975,1404,1571,2625,1226,1399,2684,1247,1437,3095,1420,1675,3102,1495,1607,2901,1334,1567,2741,1234,1507,2380,1076,1304,2029,914,1115,1773,812,961,1334,593,741,910,397,513,804,327,477,41.2,40.2,42.1
050,063,Gurabo Municipio,2,40588,19045,21543,1246,648,598,3938,1985,1953,2103,1036,1067,3899,1887,2012,34347,15873,18474,33301,15376,17925,16850,7944,8906,11383,5298,6085,11133,5142,5991,6886,3049,3837,1246,648,598,1933,966,967,2540,1296,1244,2666,1301,1365,2801,1345,1456,2977,1410,1567,2669,1240,1429,2649,1233,1416,3088,1415,1673,3107,1492,1615,2891,1333,1558,2747,1238,1509,2388,1079,1309,2026,913,1113,1777,808,969,1341,591,750,919,402,517,823,335,488,41.3,40.3,42.2
050,063,Gurabo Municipio,3,40500,18986,21514,1203,627,576,3693,1859,1834,2095,1052,1043,3855,1855,2000,34545,15955,18590,33509,15448,18061,16855,7961,8894,11432,5324,6108,11168,5165,6003,7054,3104,3950,1203,627,576,1778,892,886,2442,1237,1205,2631,1290,1341,2792,1347,1445,2992,1429,1563,2860,1317,1543,2538,1187,1351,3042,1391,1651,3132,1494,1638,2862,1337,1525,2757,1245,1512,2417,1089,1328,2036,903,1133,1806,817,989,1386,614,772,941,413,528,885,357,528,41.7,40.6,42.6
050,063,Gurabo Municipio,4,40052,18718,21334,1201,604,597,3400,1718,1682,2050,1041,1009,3762,1807,1955,34433,15878,18555,33401,15355,18046,16664,7862,8802,11352,5268,6084,11124,5145,5979,7163,3135,4028,1201,604,597,1611,822,789,2289,1150,1139,2573,1267,1306,2739,1327,1412,2948,1400,1548,2982,1364,1618,2468,1151,1317,2954,1353,1601,3086,1453,1633,2850,1347,1503,2736,1239,1497,2452,1106,1346,2045,898,1147,1800,810,990,1412,626,786,976,426,550,930,375,555,42.1,41.1,43
050,063,Gurabo Municipio,5,39959,18648,21311,1199,600,599,3169,1606,1563,2012,1022,990,3715,1786,1929,34617,15950,18667,33579,15420,18159,16698,7883,8815,11447,5315,6132,11155,5150,6005,7262,3169,4093,1199,600,599,1484,767,717,2161,1079,1082,2550,1273,1277,2701,1295,1406,2955,1407,1548,3113,1415,1698,2504,1174,1330,2875,1319,1556,3060,1422,1638,2862,1357,1505,2732,1237,1495,2501,1134,1367,2065,908,1157,1776,791,985,1446,641,805,1009,432,577,966,397,569,42.4,41.3,43.3
050,063,Gurabo Municipio,6,40039,18649,21390,1192,591,601,2953,1502,1451,1960,988,972,3723,1800,1923,34952,16083,18869,33934,15568,18366,16832,7947,8885,11614,5392,6222,11177,5138,6039,7420,3238,4182,1192,591,601,1366,709,657,2052,1026,1026,2532,1275,1257,2686,1280,1406,2992,1411,1581,3206,1463,1743,2627,1233,1394,2789,1285,1504,3038,1398,1640,2904,1372,1532,2719,1231,1488,2516,1137,1379,2121,944,1177,1776,784,992,1468,648,820,1038,430,608,1017,432,585,42.6,41.4,43.6
050,065,Hatillo Municipio,1,38486,18355,20131,1116,551,565,3508,1814,1694,1715,885,830,3311,1677,1634,32993,15533,17460,32147,15105,17042,14385,7074,7311,9794,4740,5054,10546,4936,5610,8496,3752,4744,1116,551,565,1740,873,867,2203,1169,1034,2189,1131,1058,2402,1203,1199,2548,1284,1264,2373,1146,1227,2358,1087,1271,2515,1223,1292,2594,1227,1367,2721,1282,1439,2721,1236,1485,2510,1191,1319,2337,1085,1252,2268,1027,1241,1771,799,972,1114,499,615,1006,342,664,44.6,42.9,46
050,065,Hatillo Municipio,2,38449,18336,20113,1096,548,548,3462,1788,1674,1721,889,832,3299,1671,1628,33018,15542,17476,32170,15111,17059,14362,7071,7291,9780,4740,5040,10553,4936,5617,8538,3764,4774,1096,548,548,1710,855,855,2190,1162,1028,2181,1125,1056,2401,1206,1195,2537,1281,1256,2388,1156,1232,2340,1076,1264,2515,1227,1288,2582,1222,1360,2725,1282,1443,2722,1236,1486,2524,1196,1328,2344,1089,1255,2257,1017,1240,1792,803,989,1122,504,618,1023,351,672,44.7,43,46.2
050,065,Hatillo Municipio,3,38379,18286,20093,1025,520,505,3266,1681,1585,1737,902,835,3237,1636,1601,33202,15623,17579,32351,15183,17168,14324,7082,7242,9801,4779,5022,10567,4929,5638,8746,3839,4907,1025,520,505,1592,787,805,2125,1129,996,2133,1097,1036,2390,1206,1184,2508,1276,1232,2474,1209,1265,2297,1051,1246,2522,1243,1279,2535,1199,1336,2742,1292,1450,2721,1228,1493,2569,1210,1359,2391,1109,1282,2198,976,1222,1901,846,1055,1179,528,651,1077,380,697,45.2,43.4,46.8
050,065,Hatillo Municipio,4,37997,18056,19941,956,486,470,3006,1535,1471,1737,911,826,3109,1568,1541,33146,15568,17578,32298,15124,17174,14153,6994,7159,9753,4752,5001,10524,4916,5608,8912,3888,5024,956,486,470,1441,704,737,2011,1068,943,2102,1086,1016,2298,1156,1142,2469,1264,1205,2511,1221,1290,2265,1043,1222,2508,1224,1284,2482,1175,1307,2699,1283,1416,2730,1226,1504,2613,1232,1381,2433,1118,1315,2142,940,1202,1972,882,1090,1239,541,698,1126,407,719,45.9,44.1,47.5
050,065,Hatillo Municipio,5,37927,18018,19909,915,469,446,2803,1417,1386,1729,914,815,3023,1541,1482,33345,15668,17677,32480,15218,17262,14192,7021,7171,9860,4794,5066,10503,4917,5586,9094,3966,5128,915,469,446,1306,639,667,1917,1006,911,2125,1107,1018,2207,1120,1087,2460,1247,1213,2611,1281,1330,2287,1075,1212,2502,1191,1311,2483,1185,1298,2638,1256,1382,2733,1238,1495,2649,1238,1411,2463,1137,1326,2145,942,1203,2017,894,1123,1303,567,736,1166,426,740,46.3,44.5,48
050,065,Hatillo Municipio,6,38034,18063,19971,886,444,442,2626,1321,1305,1713,914,799,2999,1537,1462,33696,15851,17845,32809,15384,17425,14275,7078,7197,9970,4847,5123,10557,4950,5607,9283,4050,5233,886,444,442,1217,604,613,1816,937,879,2142,1133,1009,2163,1098,1065,2474,1230,1244,2652,1321,1331,2376,1141,1235,2468,1155,1313,2507,1208,1299,2602,1232,1370,2742,1273,1469,2706,1237,1469,2463,1143,1320,2193,968,1225,2020,895,1125,1378,578,800,1229,466,763,46.7,44.9,48.4
050,067,Hormigueros Municipio,1,15654,7197,8457,409,218,191,1237,623,614,676,332,344,1333,682,651,13673,6187,7486,13332,6024,7308,5169,2540,2629,3328,1611,1717,4120,1833,2287,4551,1898,2653,409,218,191,621,321,300,784,387,397,899,449,450,942,480,462,862,422,440,746,379,367,770,366,404,950,444,506,1066,480,586,1045,453,592,983,448,535,1026,452,574,992,451,541,1165,510,655,945,380,565,726,277,449,723,280,443,49.1,46.5,51.1
050,067,Hormigueros Municipio,2,15618,7183,8435,396,215,181,1221,614,607,672,330,342,1327,679,648,13668,6186,7482,13329,6024,7305,5157,2536,2621,3324,1611,1713,4117,1833,2284,4561,1901,2660,396,215,181,609,312,297,778,386,392,890,444,446,943,481,462,872,427,445,749,379,370,762,365,397,941,440,501,1057,474,583,1050,458,592,987,449,538,1023,452,571,990,451,539,1148,499,649,955,387,568,732,280,452,736,284,452,49.2,46.6,51.2
050,067,Hormigueros Municipio,3,15567,7148,8419,361,199,162,1166,582,584,659,324,335,1303,665,638,13715,6205,7510,13381,6043,7338,5120,2525,2595,3317,1614,1703,4129,1844,2285,4632,1920,2712,361,199,162,568,280,288,757,380,377,852,423,429,951,488,463,913,447,466,764,380,384,727,359,368,913,428,485,1030,451,579,1076,480,596,1006,454,552,1017,459,558,990,450,540,1101,465,636,994,414,580,748,287,461,799,304,495,49.8,47.1,51.7
050,067,Hormigueros Municipio,4,15405,7081,8324,340,187,153,1091,548,543,641,315,326,1273,644,629,13661,6197,7464,13333,6031,7302,5034,2482,2552,3276,1595,1681,4119,1858,2261,4665,1934,2731,340,187,153,527,259,268,720,361,359,812,399,413,946,488,458,917,451,466,779,382,397,702,355,347,878,407,471,1004,447,557,1087,489,598,1019,452,567,1009,470,539,992,444,548,1064,454,610,1014,428,586,767,303,464,828,305,523,50.4,47.8,52.2
050,067,Hormigueros Municipio,5,15327,7025,8302,331,177,154,1031,525,506,625,303,322,1259,635,624,13661,6180,7481,13340,6020,7320,5006,2461,2545,3269,1594,1675,4111,1854,2257,4701,1937,2764,331,177,154,497,250,247,681,346,335,802,390,412,935,477,458,924,462,462,805,392,413,702,352,350,838,388,450,987,444,543,1099,496,603,1012,436,576,1013,478,535,991,436,555,1032,449,583,1045,441,604,778,307,471,855,304,551,50.8,48.1,52.7
050,067,Hormigueros Municipio,6,15290,6977,8313,331,165,166,972,498,474,616,303,313,1237,617,620,13688,6162,7526,13371,6011,7360,4994,2443,2551,3291,1603,1688,4089,1834,2255,4754,1957,2797,331,165,166,455,236,219,667,342,325,791,388,403,912,452,460,937,473,464,835,398,437,720,359,361,799,373,426,974,441,533,1084,487,597,1030,440,590,1001,466,535,994,442,552,992,433,559,1076,455,621,791,304,487,901,323,578,51.1,48.4,53.1
050,069,Humacao Municipio,1,50896,23894,27002,1737,867,870,4470,2253,2217,2355,1161,1194,4415,2172,2243,43515,20187,23328,42334,19613,22721,18053,8712,9341,11866,5677,6189,13684,6277,7407,12369,5487,6882,1737,867,870,2362,1203,1159,2691,1348,1343,3032,1508,1524,3155,1527,1628,3050,1438,1612,2764,1334,1430,2820,1337,1483,3232,1568,1664,3395,1576,1819,3307,1560,1747,3492,1578,1914,3490,1563,1927,3527,1607,1920,3315,1490,1825,2329,1062,1267,1604,747,857,1594,581,1013,45.9,44.4,47.2
050,069,Humacao Municipio,2,50820,23860,26960,1702,857,845,4431,2233,2198,2342,1154,1188,4385,2159,2226,43522,20186,23336,42345,19616,22729,17992,8683,9309,11841,5663,6178,13653,6267,7386,12466,5527,6939,1702,857,845,2332,1188,1144,2675,1338,1337,3006,1495,1511,3145,1525,1620,3044,1437,1607,2783,1338,1445,2790,1322,1468,3224,1566,1658,3375,1564,1811,3310,1568,1742,3485,1577,1908,3483,1558,1925,3528,1605,1923,3319,1496,1823,2376,1076,1300,1606,750,856,1637,600,1037,46.1,44.6,47.4
050,069,Humacao Municipio,3,50520,23724,26796,1595,818,777,4266,2153,2113,2286,1129,1157,4276,2111,2165,43541,20191,23350,42373,19624,22749,17774,8580,9194,11757,5611,6146,13527,6225,7302,12813,5677,7136,1595,818,777,2210,1127,1083,2601,1297,1304,2901,1439,1462,3116,1530,1586,3035,1435,1600,2872,1367,1505,2679,1271,1408,3171,1538,1633,3304,1527,1777,3325,1596,1729,3450,1570,1880,3448,1532,1916,3525,1593,1932,3333,1514,1819,2532,1142,1390,1659,776,883,1764,652,1112,46.7,45.1,48
050,069,Humacao Municipio,4,49886,23459,26427,1519,787,732,4025,2047,1978,2205,1096,1109,4129,2037,2092,43273,20098,23175,42137,19529,22608,17335,8365,8970,11534,5494,6040,13420,6207,7213,13054,5791,7263,1519,787,732,2056,1057,999,2502,1252,1250,2788,1372,1416,3013,1499,1514,2996,1409,1587,2912,1385,1527,2579,1233,1346,3047,1467,1580,3255,1527,1728,3342,1605,1737,3399,1556,1843,3424,1519,1905,3476,1573,1903,3309,1522,1787,2671,1195,1476,1721,790,931,1877,711,1166,47.3,45.8,48.7
050,069,Humacao Municipio,5,49659,23365,26294,1554,816,738,3814,1940,1874,2127,1058,1069,4046,1994,2052,43257,20099,23158,42164,19551,22613,17125,8262,8863,11454,5459,5995,13338,6189,7149,13326,5909,7417,1554,816,738,1902,971,931,2414,1218,1196,2734,1345,1389,2937,1458,1479,2980,1399,1581,2939,1402,1537,2593,1242,1351,2942,1416,1526,3227,1534,1693,3357,1593,1764,3356,1554,1802,3398,1508,1890,3439,1555,1884,3286,1504,1782,2808,1248,1560,1786,805,981,2007,797,1210,47.8,46.3,49.2
050,069,Humacao Municipio,6,49616,23370,26246,1580,841,739,3636,1844,1792,2059,1021,1038,3995,1974,2021,43409,20190,23219,42341,19664,22677,17018,8216,8802,11451,5466,5985,13282,6189,7093,13613,6035,7578,1580,841,739,1765,888,877,2358,1201,1157,2680,1331,1349,2887,1419,1468,2990,1413,1577,2944,1392,1552,2668,1300,1368,2849,1361,1488,3224,1552,1672,3351,1571,1780,3295,1538,1757,3412,1528,1884,3405,1524,1881,3301,1497,1804,2889,1281,1608,1919,870,1049,2099,863,1236,48.2,46.8,49.6
050,071,Isabela Municipio,1,42943,20817,22126,1372,680,692,3811,1957,1854,1977,1062,915,3846,1991,1855,36776,17661,19115,35783,17118,18665,16193,8236,7957,10872,5437,5435,11912,5605,6307,9153,4085,5068,1372,680,692,1888,974,914,2425,1237,1188,2540,1378,1162,2781,1421,1360,2945,1558,1387,2553,1240,1313,2507,1205,1302,2867,1434,1433,3002,1457,1545,2965,1370,1595,3064,1448,1616,2881,1330,1551,2501,1170,1331,2391,1100,1291,1838,841,997,1188,540,648,1235,434,801,44.3,42.5,46.1
050,071,Isabela Municipio,2,42941,20824,22117,1348,670,678,3762,1933,1829,1985,1058,927,3828,1987,1841,36837,17705,19132,35846,17163,18683,16207,8249,7958,10901,5458,5443,11898,5602,6296,9219,4116,5103,1348,670,678,1861,956,905,2408,1231,1177,2529,1370,1159,2777,1421,1356,2948,1562,1386,2586,1259,1327,2487,1196,1291,2880,1441,1439,2981,1448,1533,2965,1374,1591,3066,1446,1620,2886,1334,1552,2516,1180,1336,2380,1084,1296,1864,856,1008,1206,554,652,1253,442,811,44.4,42.6,46.2
050,071,Isabela Municipio,3,42985,20866,22119,1266,644,622,3589,1852,1737,2006,1041,965,3770,1972,1798,37111,17866,19245,36124,17329,18795,16299,8316,7983,11034,5553,5481,11892,5617,6275,9428,4187,5241,1266,644,622,1775,898,877,2325,1204,1121,2488,1337,1151,2777,1426,1351,2956,1576,1380,2732,1351,1381,2418,1167,1251,2928,1459,1469,2919,1424,1495,3001,1405,1596,3060,1435,1625,2912,1353,1559,2581,1208,1373,2336,1039,1297,1953,903,1050,1238,574,664,1320,463,857,44.7,42.8,46.6
050,071,Isabela Municipio,4,42728,20750,21978,1238,649,589,3379,1741,1638,1963,1002,961,3658,1922,1736,37137,17875,19262,36148,17358,18790,16160,8242,7918,11007,5556,5451,11882,5642,6240,9601,4238,5363,1238,649,589,1664,833,831,2183,1146,1037,2453,1290,1163,2700,1396,1304,2922,1556,1366,2842,1429,1413,2367,1155,1212,2876,1416,1460,2866,1402,1464,3031,1438,1593,3050,1430,1620,2935,1372,1563,2647,1228,1419,2262,1007,1255,2035,934,1101,1294,589,705,1363,480,883,45.2,43.3,47.2
050,071,Isabela Municipio,5,42761,20759,22002,1214,628,586,3187,1638,1549,1955,999,956,3593,1908,1685,37423,18001,19422,36405,17494,18911,16182,8272,7910,11102,5618,5484,11911,5659,6252,9799,4309,5490,1214,628,586,1554,787,767,2101,1104,997,2440,1267,1173,2640,1387,1253,2928,1536,1392,2989,1542,1447,2408,1176,1232,2777,1364,1413,2868,1407,1461,3060,1465,1595,3002,1390,1612,2981,1397,1584,2685,1236,1449,2252,1006,1246,2068,944,1124,1376,619,757,1418,504,914,45.6,43.6,47.5
050,071,Isabela Municipio,6,43033,20904,22129,1202,627,575,3030,1555,1475,1919,1000,919,3594,1916,1678,37875,18223,19652,36882,17722,19160,16336,8381,7955,11277,5708,5569,11983,5706,6277,10028,4392,5636,1202,627,575,1476,750,726,2008,1048,960,2446,1272,1174,2613,1401,1212,2959,1522,1437,3102,1638,1464,2532,1239,1293,2684,1309,1375,2899,1438,1461,3062,1465,1597,2982,1375,1607,3040,1428,1612,2713,1235,1478,2273,1032,1241,2100,942,1158,1451,654,797,1491,529,962,45.8,43.8,47.9
050,073,Jayuya Municipio,1,14779,7322,7457,625,322,303,1581,819,762,766,388,378,1369,745,624,12188,5993,6195,11807,5793,6014,5873,3039,2834,3937,2000,1937,3772,1773,1999,2729,1275,1454,625,322,303,811,418,393,969,495,474,942,494,448,994,545,449,1090,571,519,949,479,470,913,444,469,985,506,479,877,410,467,954,442,512,969,444,525,972,477,495,901,448,453,719,349,370,510,225,285,290,129,161,309,124,185,40.5,39,41.9
050,073,Jayuya Municipio,2,14771,7315,7456,614,310,304,1567,814,753,767,387,380,1365,739,626,12202,6002,6200,11823,5804,6019,5876,3037,2839,3943,2006,1937,3756,1767,1989,2759,1292,1467,614,310,304,801,414,387,965,495,470,943,491,452,990,540,450,1089,574,515,955,484,471,907,440,467,992,508,484,877,413,464,948,445,503,968,437,531,963,472,491,911,453,458,721,351,370,521,232,289,296,132,164,310,124,186,40.6,39.1,42
050,073,Jayuya Municipio,3,14708,7274,7434,568,287,281,1504,791,713,761,379,382,1339,716,623,12244,6005,6239,11875,5817,6058,5866,3016,2850,3961,2018,1943,3707,1748,1959,2868,1335,1533,568,287,281,759,398,361,940,490,450,937,477,460,968,521,447,1072,576,496,981,502,479,897,432,465,1011,508,503,875,425,450,923,448,475,968,411,557,941,464,477,937,458,479,736,356,380,550,256,294,319,138,181,326,127,199,41.2,39.5,42.7
050,073,Jayuya Municipio,4,14488,7136,7352,526,269,257,1421,746,675,750,374,376,1281,680,601,12165,5929,6236,11791,5747,6044,5744,2930,2814,3898,1973,1925,3660,1726,1934,2952,1368,1584,526,269,257,709,369,340,897,474,423,920,464,456,926,493,433,1026,554,472,1010,517,493,879,418,461,983,484,499,869,429,440,897,434,463,975,412,563,919,451,468,938,457,481,754,364,390,562,266,296,347,145,202,351,136,215,41.9,40.1,43.4
050,073,Jayuya Municipio,5,14424,7093,7331,502,247,255,1352,711,641,747,381,366,1255,666,589,12202,5939,6263,11823,5754,6069,5710,2913,2797,3893,1966,1927,3660,1723,1937,3015,1399,1616,502,247,255,672,350,322,865,461,404,909,459,450,908,488,420,1003,538,465,1038,539,499,893,417,476,959,472,487,885,442,443,884,418,466,967,422,545,924,441,483,926,450,476,771,375,396,589,281,308,366,151,215,363,142,221,42.4,40.5,43.9
050,073,Jayuya Municipio,6,14440,7097,7343,459,219,240,1294,681,613,738,393,345,1259,655,604,12318,5994,6324,11949,5804,6145,5712,2919,2793,3900,1974,1926,3679,1731,1948,3111,1444,1667,459,219,240,644,339,305,835,445,390,916,467,449,896,478,418,976,528,448,1061,551,510,930,443,487,933,452,481,930,474,456,860,395,465,953,431,522,936,431,505,924,450,474,794,389,405,624,296,328,397,168,229,372,141,231,42.9,40.9,44.5
050,075,Juana Díaz Municipio,1,46538,22092,24446,1817,965,852,4860,2445,2415,2367,1179,1188,4365,2186,2179,38666,18071,20595,37494,17503,19991,17878,8513,9365,11745,5458,6287,12393,5780,6613,8991,4079,4912,1817,965,852,2553,1271,1282,2906,1484,1422,2977,1472,1505,3156,1583,1573,3348,1630,1718,2771,1328,1443,2594,1123,1471,3032,1377,1655,3062,1435,1627,3137,1441,1696,3206,1482,1724,2988,1422,1566,2499,1216,1283,2447,1124,1323,1735,811,924,1183,495,688,1127,433,694,41.9,40.7,42.8
050,075,Juana Díaz Municipio,2,46498,22058,24440,1784,947,837,4831,2431,2400,2350,1175,1175,4336,2163,2173,38701,18075,20626,37533,17505,20028,17859,8505,9354,11761,5470,6291,12371,5767,6604,9065,4105,4960,1784,947,837,2536,1266,1270,2883,1468,1415,2964,1465,1499,3134,1570,1564,3349,1636,1713,2813,1351,1462,2571,1116,1455,3028,1367,1661,3042,1425,1617,3132,1443,1689,3200,1475,1725,2997,1424,1573,2512,1217,1295,2445,1122,1323,1764,826,938,1193,499,694,1151,441,710,42,40.8,43
050,075,Juana Díaz Municipio,3,46401,21957,24444,1619,858,761,4699,2371,2328,2303,1164,1139,4226,2079,2147,38941,18146,20795,37780,17564,20216,17818,8485,9333,11847,5524,6323,12365,5768,6597,9342,4193,5149,1619,858,761,2461,1240,1221,2796,1413,1383,2913,1443,1470,3058,1518,1540,3352,1656,1696,2993,1447,1546,2504,1098,1406,2998,1323,1675,3010,1411,1599,3115,1457,1658,3204,1467,1737,3036,1433,1603,2588,1250,1338,2411,1097,1314,1869,866,1003,1227,515,712,1247,465,782,42.6,41.3,43.6
050,075,Juana Díaz Municipio,4,45940,21712,24228,1476,773,703,4458,2261,2197,2249,1139,1110,4091,2002,2089,38905,18124,20781,37757,17539,20218,17514,8334,9180,11728,5472,6256,12360,5782,6578,9578,4283,5295,1476,773,703,2312,1178,1134,2700,1362,1338,2808,1404,1404,2978,1458,1520,3263,1614,1649,3111,1505,1606,2486,1108,1378,2868,1245,1623,2980,1378,1602,3098,1477,1621,3203,1464,1739,3079,1463,1616,2663,1269,1394,2348,1067,1281,1987,908,1079,1273,556,717,1307,483,824,43.3,42,44.3
050,075,Juana Díaz Municipio,5,45895,21674,24221,1411,733,678,4218,2150,2068,2237,1133,1104,4045,1984,2061,39138,18220,20918,38029,17658,20371,17465,8326,9139,11759,5503,6256,12399,5792,6607,9826,4379,5447,1411,733,678,2141,1107,1034,2653,1337,1316,2772,1398,1374,2934,1425,1509,3222,1605,1617,3226,1546,1680,2569,1179,1390,2742,1173,1569,2996,1370,1626,3101,1484,1617,3180,1460,1720,3122,1478,1644,2752,1304,1448,2306,1061,1245,2072,935,1137,1321,585,736,1375,494,881,43.8,42.4,44.8
050,075,Juana Díaz Municipio,6,46045,21722,24323,1379,713,666,3984,2051,1933,2233,1126,1107,4022,1984,2038,39543,18381,21162,38449,17832,20617,17559,8388,9171,11865,5560,6305,12440,5784,6656,10122,4504,5618,1379,713,666,1947,1031,916,2598,1302,1296,2801,1423,1378,2893,1405,1488,3191,1583,1608,3329,1586,1743,2686,1258,1428,2659,1133,1526,3028,1379,1649,3114,1484,1630,3144,1448,1696,3154,1473,1681,2833,1342,1491,2303,1068,1235,2134,960,1174,1373,600,773,1479,534,945,44.2,42.6,45.3
050,077,Juncos Municipio,1,37012,17556,19456,1442,733,709,3731,1903,1828,1966,967,999,3601,1779,1822,30872,14441,16431,29873,13953,15920,15476,7373,8103,10384,4861,5523,9516,4383,5133,6372,2930,3442,1442,733,709,1874,962,912,2332,1175,1157,2463,1219,1244,2629,1293,1336,2848,1363,1485,2383,1128,1255,2411,1067,1344,2742,1303,1439,2760,1312,1448,2409,1118,1291,2238,986,1252,2109,967,1142,1897,898,999,1649,768,881,1247,573,674,789,371,418,790,320,470,40.2,39.3,41
050,077,Juncos Municipio,2,37031,17562,19469,1412,711,701,3700,1888,1812,1960,966,994,3595,1773,1822,30957,14486,16471,29959,13997,15962,15471,7370,8101,10391,4866,5525,9544,4399,5145,6429,2959,3470,1412,711,701,1861,955,906,2314,1168,1146,2459,1215,1244,2621,1289,1332,2852,1367,1485,2423,1153,1270,2385,1050,1335,2731,1296,1435,2767,1318,1449,2426,1125,1301,2242,994,1248,2109,962,1147,1907,905,1002,1638,766,872,1272,581,691,799,376,423,813,331,482,40.4,39.5,41.1
050,077,Juncos Municipio,3,36996,17533,19463,1301,661,640,3564,1819,1745,1939,961,978,3576,1756,1820,31179,14579,16600,30192,14092,16100,15489,7385,8104,10451,4908,5543,9582,4417,5165,6583,3011,3572,1301,661,640,1810,927,883,2231,1132,1099,2441,1199,1242,2597,1278,1319,2872,1378,1494,2589,1257,1332,2307,1007,1300,2683,1266,1417,2774,1325,1449,2481,1145,1336,2248,1016,1232,2079,931,1148,1949,922,1027,1596,757,839,1334,590,744,845,400,445,859,342,517,40.7,39.7,41.5
050,077,Juncos Municipio,4,36652,17324,19328,1241,614,627,3347,1702,1645,1890,943,947,3520,1737,1783,31125,14532,16593,30174,14065,16109,15312,7296,8016,10370,4856,5514,9587,4408,5179,6697,3064,3633,1241,614,627,1706,870,836,2109,1072,1037,2396,1178,1218,2546,1262,1284,2855,1353,1502,2692,1315,1377,2231,981,1250,2592,1207,1385,2751,1308,1443,2529,1161,1368,2263,1043,1220,2044,896,1148,1978,937,1041,1572,747,825,1366,603,763,887,419,468,894,358,536,41.1,40.1,41.9
050,077,Juncos Municipio,5,36668,17332,19336,1223,606,617,3177,1616,1561,1852,926,926,3481,1725,1756,31361,14650,16711,30416,14184,16232,15349,7321,8028,10455,4891,5564,9660,4441,5219,6820,3127,3693,1223,606,617,1610,821,789,2006,1016,990,2377,1178,1199,2517,1252,1265,2866,1356,1510,2821,1372,1449,2239,1009,1230,2529,1154,1375,2738,1301,1437,2585,1190,1395,2281,1056,1225,2056,894,1162,1972,924,1048,1598,765,833,1360,606,754,962,446,516,928,386,542,41.4,40.3,42.2
050,077,Juncos Municipio,6,36796,17366,19430,1199,580,619,3031,1546,1485,1824,918,906,3493,1719,1774,31693,14801,16892,30742,14322,16420,15483,7384,8099,10597,4964,5633,9755,4481,5274,6897,3158,3739,1199,580,619,1538,781,757,1924,982,942,2346,1168,1178,2540,1252,1288,2873,1372,1501,2937,1405,1532,2321,1079,1242,2466,1108,1358,2728,1290,1438,2640,1230,1410,2291,1052,1239,2096,909,1187,1928,892,1036,1629,781,848,1363,619,744,1003,447,556,974,419,555,41.6,40.3,42.5
050,079,Lajas Municipio,1,23334,11313,12021,769,407,362,2012,1048,964,1003,500,503,1994,1047,947,20053,9614,10439,19550,9358,10192,8020,4118,3902,5284,2706,2578,6251,2952,3299,6021,2653,3368,769,407,362,1009,521,488,1264,662,602,1276,645,631,1460,767,693,1558,843,715,1236,647,589,1160,572,588,1330,644,686,1499,743,756,1594,735,859,1514,723,791,1644,751,893,1561,717,844,1586,729,857,1245,528,717,846,371,475,783,308,475,47.1,44.6,49.4
050,079,Lajas Municipio,2,23278,11277,12001,747,391,356,1991,1036,955,1003,502,501,1992,1047,945,20035,9598,10437,19537,9348,10189,8013,4117,3896,5278,2704,2574,6224,2940,3284,6043,2657,3386,747,391,356,997,517,480,1254,655,599,1270,641,629,1465,772,693,1551,839,712,1253,656,597,1154,572,582,1320,637,683,1494,741,753,1583,730,853,1516,725,791,1631,744,887,1564,714,850,1578,728,850,1263,536,727,849,369,480,789,310,479,47.2,44.7,49.5
050,079,Lajas Municipio,3,23215,11227,11988,691,351,340,1901,988,913,1006,509,497,1970,1039,931,20105,9614,10491,19617,9379,10238,7990,4118,3872,5272,2708,2564,6174,2926,3248,6201,2706,3495,691,351,340,944,498,446,1215,628,587,1243,625,618,1475,785,690,1518,821,697,1329,697,632,1139,579,560,1286,611,675,1484,743,741,1564,724,840,1542,742,800,1584,717,867,1592,722,870,1556,716,840,1321,567,754,879,382,497,853,319,534,47.7,45.1,50.1
050,079,Lajas Municipio,4,22934,11083,11851,649,323,326,1786,933,853,1000,511,489,1891,992,899,19996,9564,10432,19499,9316,10183,7869,4063,3806,5226,2687,2539,6095,2903,3192,6287,2734,3553,649,323,326,871,465,406,1163,595,568,1229,624,605,1414,752,662,1470,792,678,1386,722,664,1126,581,545,1244,592,652,1434,716,718,1554,736,818,1558,747,811,1549,704,845,1599,721,878,1524,688,836,1362,596,766,912,389,523,890,340,550,48.3,45.7,50.6
050,079,Lajas Municipio,5,22862,11038,11824,629,307,322,1695,890,805,1003,523,480,1815,933,882,20046,9589,10457,19535,9318,10217,7844,4060,3784,5270,2729,2541,6062,2907,3155,6388,2749,3639,629,307,322,829,446,383,1110,569,541,1226,622,604,1348,709,639,1453,781,672,1456,773,683,1146,590,556,1215,585,630,1391,693,698,1568,758,810,1564,740,824,1539,716,823,1599,715,884,1483,649,834,1393,616,777,942,392,550,971,377,594,48.7,46,51.1
050,079,Lajas Municipio,6,22888,11033,11855,602,291,311,1616,848,768,990,516,474,1776,912,864,20187,9644,10543,19680,9378,10302,7891,4098,3793,5362,2794,2568,6026,2885,3141,6516,2787,3729,602,291,311,792,423,369,1061,549,512,1244,639,605,1285,665,620,1456,770,686,1526,828,698,1188,613,575,1192,583,609,1363,666,697,1557,765,792,1587,737,850,1519,717,802,1594,699,895,1476,652,824,1417,630,787,986,390,596,1043,416,627,49,46.3,51.6
050,081,Lares Municipio,1,28105,13853,14252,1004,544,460,2562,1326,1236,1253,632,621,2375,1211,1164,23914,11676,12238,23286,11351,11935,10347,5279,5068,7022,3582,3440,7640,3690,3950,6249,2868,3381,1004,544,460,1375,728,647,1490,744,746,1629,837,792,1696,860,836,1846,967,879,1731,868,863,1722,856,866,1723,891,832,1746,855,891,1877,902,975,2007,961,1046,2010,972,1038,1742,839,903,1706,810,896,1186,532,654,806,343,463,809,344,465,44.5,42.9,46.1
050,081,Lares Municipio,2,28089,13853,14236,993,543,450,2541,1321,1220,1254,628,626,2363,1205,1158,23932,11685,12247,23301,11361,11940,10335,5270,5065,7024,3584,3440,7621,3680,3941,6293,2892,3401,993,543,450,1361,720,641,1486,748,738,1617,828,789,1694,858,836,1840,960,880,1744,880,864,1715,851,864,1725,893,832,1739,852,887,1860,897,963,2005,958,1047,2017,973,1044,1750,842,908,1697,806,891,1210,548,662,813,344,469,823,352,471,44.6,42.9,46.3
050,081,Lares Municipio,3,27982,13795,14187,897,490,407,2466,1297,1169,1238,611,627,2301,1176,1125,24013,11715,12298,23381,11397,11984,10307,5259,5048,7070,3619,3451,7575,3658,3917,6435,2944,3491,897,490,407,1309,688,621,1459,756,703,1559,791,768,1678,849,829,1824,938,886,1798,931,867,1702,841,861,1746,909,837,1712,842,870,1806,882,924,2007,945,1062,2050,989,1061,1794,864,930,1659,780,879,1291,593,698,831,349,482,860,358,502,45.1,43.3,46.8
050,081,Lares Municipio,4,27759,13696,14063,837,449,388,2375,1251,1124,1177,583,594,2238,1151,1087,23978,11713,12265,23370,11413,11957,10179,5197,4982,7037,3602,3435,7534,3669,3865,6561,2991,3570,837,449,388,1240,654,586,1408,736,672,1505,754,751,1637,841,796,1778,900,878,1821,960,861,1695,838,857,1743,904,839,1690,842,848,1785,891,894,2015,940,1075,2044,996,1048,1836,877,959,1623,772,851,1380,634,746,837,347,490,885,361,524,45.7,43.9,47.5
050,081,Lares Municipio,5,27713,13688,14025,791,422,369,2282,1206,1076,1153,576,577,2213,1144,1069,24082,11775,12307,23487,11484,12003,10135,5186,4949,7056,3613,3443,7496,3664,3832,6722,3063,3659,791,422,369,1155,610,545,1414,743,671,1470,735,735,1609,838,771,1724,855,869,1878,1004,874,1706,856,850,1748,898,850,1711,861,850,1776,892,884,1993,928,1065,2016,983,1033,1901,907,994,1590,755,835,1444,667,777,874,375,499,913,359,554,46,44.4,47.9
050,081,Lares Municipio,6,27734,13714,14020,738,402,336,2181,1157,1024,1161,598,563,2196,1126,1070,24224,11845,12379,23654,11557,12097,10144,5195,4949,7090,3633,3457,7463,3654,3809,6905,3144,3761,738,402,336,1075,573,502,1409,746,663,1451,730,721,1603,832,771,1695,847,848,1911,1022,889,1726,874,852,1758,890,868,1741,889,852,1774,875,899,1937,911,1026,2011,979,1032,1933,923,1010,1612,762,850,1489,693,796,945,409,536,926,357,569,46.4,44.7,48.3
050,083,Las Marías Municipio,1,8874,4392,4482,341,163,178,956,482,474,411,206,205,751,381,370,7373,3649,3724,7166,3541,3625,3178,1601,1577,2122,1067,1055,2339,1161,1178,1954,932,1022,341,163,178,510,254,256,552,281,271,509,260,249,547,274,273,604,301,303,524,271,253,473,221,252,521,274,247,530,270,260,568,270,298,619,306,313,622,315,307,561,254,307,537,265,272,361,183,178,266,139,127,229,91,138,43.6,43,44.3
050,083,Las Marías Municipio,2,8856,4380,4476,326,152,174,951,479,472,411,207,204,747,381,366,7373,3647,3726,7168,3542,3626,3177,1602,1575,2126,1069,1057,2330,1156,1174,1965,936,1029,326,152,174,506,253,253,552,281,271,506,258,248,545,275,270,602,299,303,531,274,257,472,222,250,521,274,247,529,269,260,562,268,294,618,302,316,621,317,304,562,255,307,536,263,273,368,188,180,266,137,129,233,93,140,43.7,43.1,44.3
050,083,Las Marías Municipio,3,8820,4354,4466,286,127,159,928,466,462,414,211,203,725,377,348,7394,3648,3746,7192,3550,3642,3168,1604,1564,2134,1074,1060,2306,1142,1164,2027,957,1070,286,127,159,483,244,239,550,280,270,502,253,249,532,277,255,588,288,300,557,289,268,467,224,243,522,273,249,519,264,255,542,260,282,617,292,325,628,326,302,569,262,307,529,252,277,411,208,203,268,135,133,250,100,150,44.2,43.6,45
050,083,Las Marías Municipio,4,8703,4297,4406,250,113,137,881,440,441,411,211,200,697,367,330,7363,3633,3730,7161,3533,3628,3120,1586,1534,2118,1062,1056,2278,1131,1147,2068,973,1095,250,113,137,436,218,218,551,276,275,502,259,243,500,265,235,578,282,296,563,290,273,454,219,235,523,271,252,512,261,251,529,263,266,620,287,333,617,320,297,581,278,303,511,239,272,442,210,232,262,134,128,272,112,160,44.9,44.2,45.8
050,083,Las Marías Municipio,5,8668,4274,4394,236,108,128,822,409,413,433,221,212,683,354,329,7385,3647,3738,7177,3536,3641,3111,1580,1531,2114,1061,1053,2256,1124,1132,2124,997,1127,236,108,128,389,192,197,552,273,279,508,260,248,489,259,230,565,282,283,570,288,282,464,234,230,515,257,258,515,264,251,523,267,256,597,270,327,621,323,298,592,289,303,513,235,278,458,217,241,272,139,133,289,117,172,45.5,44.7,46.4
050,083,Las Marías Municipio,6,8674,4275,4399,222,101,121,779,386,393,437,223,214,698,361,337,7446,3677,3769,7236,3565,3671,3130,1585,1545,2103,1056,1047,2234,1115,1119,2201,1033,1168,222,101,121,363,178,185,524,263,261,529,269,260,498,260,238,539,266,273,581,297,284,486,250,236,497,243,254,528,277,251,517,265,252,567,257,310,622,316,306,598,297,301,517,232,285,479,231,248,286,141,145,321,132,189,45.9,45.2,46.9
050,085,Las Piedras Municipio,1,35180,16901,18279,1175,605,570,3371,1782,1589,1776,919,857,3177,1595,1582,29733,14049,15684,28858,13595,15263,14044,6732,7312,9535,4447,5088,9179,4308,4871,6967,3245,3722,1175,605,570,1679,881,798,2136,1130,1006,2229,1159,1070,2280,1126,1154,2373,1128,1245,2216,1017,1199,2328,1058,1270,2618,1244,1374,2409,1178,1231,2333,1090,1243,2208,1012,1196,2229,1028,1201,2071,940,1131,1871,890,981,1310,622,688,863,420,443,852,373,479,42.2,41.4,43
050,085,Las Piedras Municipio,2,35181,16905,18276,1155,601,554,3331,1755,1576,1777,922,855,3168,1594,1574,29800,14084,15716,28918,13627,15291,14030,6727,7303,9527,4443,5084,9179,4311,4868,7044,3279,3765,1155,601,554,1651,864,787,2122,1123,999,2222,1153,1069,2281,1131,1150,2371,1128,1243,2236,1025,1211,2302,1047,1255,2618,1243,1375,2411,1178,1233,2342,1096,1246,2209,1016,1193,2217,1021,1196,2085,944,1141,1877,892,985,1333,629,704,883,434,449,866,380,486,42.4,41.5,43.1
050,085,Las Piedras Municipio,3,35143,16892,18251,1093,585,508,3164,1647,1517,1768,928,840,3143,1590,1553,30014,14193,15821,29118,13732,15386,13999,6727,7272,9520,4446,5074,9182,4320,4862,7273,3376,3897,1093,585,508,1541,799,742,2055,1085,970,2184,1130,1054,2295,1151,1144,2371,1133,1238,2323,1061,1262,2212,1014,1198,2614,1238,1376,2421,1174,1247,2385,1124,1261,2210,1028,1182,2166,994,1172,2125,956,1169,1861,877,984,1429,659,770,928,469,459,930,415,515,42.9,42,43.6
050,085,Las Piedras Municipio,4,34802,16690,18112,1083,569,514,2931,1519,1412,1713,904,809,3086,1571,1515,29948,14148,15800,29075,13698,15377,13753,6604,7149,9369,4351,5018,9168,4309,4859,7452,3467,3985,1083,569,514,1409,729,680,1937,1012,925,2146,1119,1027,2238,1134,1104,2355,1116,1239,2340,1062,1278,2127,985,1142,2547,1188,1359,2439,1169,1270,2387,1142,1245,2234,1041,1193,2108,957,1151,2152,981,1171,1849,857,992,1509,691,818,960,485,475,982,453,529,43.5,42.7,44.2
050,085,Las Piedras Municipio,5,34739,16650,18089,1099,572,527,2740,1423,1317,1674,885,789,3078,1574,1504,30080,14225,15855,29226,13770,15456,13683,6573,7110,9338,4324,5014,9222,4342,4880,7588,3530,4058,1099,572,527,1307,673,634,1840,960,880,2129,1114,1015,2216,1135,1081,2369,1121,1248,2378,1091,1287,2122,978,1144,2469,1134,1335,2506,1200,1306,2394,1162,1232,2232,1034,1198,2090,946,1144,2152,986,1166,1848,841,1007,1576,732,844,977,490,487,1035,481,554,43.9,43.2,44.6
050,085,Las Piedras Municipio,6,34890,16710,18180,1094,565,529,2578,1349,1229,1649,866,783,3088,1578,1510,30410,14383,16027,29569,13930,15639,13718,6593,7125,9381,4352,5029,9340,4397,4943,7760,3603,4157,1094,565,529,1237,641,596,1741,911,830,2110,1105,1005,2227,1136,1091,2391,1140,1251,2431,1124,1307,2178,1007,1171,2381,1081,1300,2569,1229,1340,2405,1171,1234,2258,1046,1212,2108,951,1157,2124,972,1152,1878,844,1034,1629,763,866,1040,511,529,1089,513,576,44.3,43.5,45
050,087,Loíza Municipio,1,23693,11004,12689,768,381,387,2416,1243,1173,1205,580,625,2104,1012,1092,19901,9089,10812,19304,8800,10504,9126,4242,4884,6127,2803,3324,6301,2854,3447,4772,2131,2641,768,381,387,1213,620,593,1513,776,737,1489,709,780,1510,730,780,1724,786,938,1598,728,870,1371,621,750,1434,668,766,1395,640,755,1458,669,789,1711,751,960,1737,794,943,1527,692,835,1211,546,665,864,377,487,565,263,302,605,253,352,42.2,41.1,43.3
050,087,Loíza Municipio,2,23607,10969,12638,758,382,376,2374,1219,1155,1199,580,619,2081,1003,1078,19870,9074,10796,19276,8788,10488,9069,4217,4852,6095,2787,3308,6268,2835,3433,4832,2163,2669,758,382,376,1187,602,585,1493,770,723,1479,706,773,1495,724,771,1703,775,928,1607,732,875,1364,619,745,1421,661,760,1395,640,755,1444,664,780,1697,744,953,1732,787,945,1542,702,840,1226,553,673,872,379,493,573,265,308,619,264,355,42.4,41.3,43.5
050,087,Loíza Municipio,3,23235,10786,12449,700,361,339,2214,1128,1086,1172,576,596,1992,962,1030,19732,8997,10735,19149,8721,10428,8893,4142,4751,6020,2756,3264,6086,2742,3344,5051,2261,2790,700,361,339,1086,540,546,1419,740,679,1436,691,745,1437,695,742,1625,737,888,1651,751,900,1349,620,729,1395,648,747,1372,624,748,1375,639,736,1642,718,924,1697,761,936,1582,725,857,1267,568,699,903,391,512,619,280,339,680,297,383,43.2,42,44.3
050,087,Loíza Municipio,4,22652,10490,12162,641,324,317,2024,1029,995,1124,559,565,1892,904,988,19431,8852,10579,18863,8578,10285,8622,4011,4611,5882,2688,3194,5853,2643,3210,5236,2343,2893,641,324,317,971,483,488,1329,686,643,1388,674,714,1352,649,703,1523,695,828,1652,742,910,1327,616,711,1380,635,745,1318,600,718,1323,617,706,1571,683,888,1641,743,898,1598,726,872,1301,575,726,953,422,531,656,302,354,728,318,410,44.1,43.1,45.2
050,087,Loíza Municipio,5,22299,10318,11981,615,313,302,1841,932,909,1107,559,548,1840,869,971,19292,8796,10496,18736,8514,10222,8456,3936,4520,5790,2649,3141,5700,2583,3117,5406,2413,2993,615,313,302,861,424,437,1261,649,612,1354,662,692,1312,625,687,1450,669,781,1652,739,913,1341,626,715,1347,615,732,1302,603,699,1290,607,683,1492,645,847,1616,728,888,1592,715,877,1333,590,743,1005,457,548,681,301,380,795,350,445,44.8,43.8,45.9
050,087,Loíza Municipio,6,22047,10187,11860,606,319,287,1678,837,841,1078,553,525,1826,852,974,19221,8752,10469,18685,8478,10207,8321,3866,4455,5683,2602,3081,5604,2533,3071,5572,2491,3081,606,319,287,770,382,388,1174,596,578,1340,663,677,1298,601,697,1401,652,749,1600,725,875,1395,641,754,1287,584,703,1316,619,697,1275,588,687,1402,626,776,1611,700,911,1584,721,863,1363,605,758,1050,480,570,711,310,401,864,375,489,45.5,44.4,46.6
050,089,Luquillo Municipio,1,17781,8292,9489,574,302,272,1616,793,823,852,412,440,1725,815,910,15157,6986,8171,14739,6785,7954,6615,3067,3548,4259,1945,2314,4649,2161,2488,4106,1864,2242,574,302,272,822,394,428,1015,504,511,1099,526,573,1257,596,661,1236,613,623,989,430,559,932,421,511,1102,481,621,1183,517,666,1165,565,600,1131,530,601,1170,549,621,1029,461,568,1101,519,582,852,392,460,559,248,311,565,244,321,44.4,43.8,44.9
050,089,Luquillo Municipio,2,17766,8295,9471,568,299,269,1596,782,814,850,413,437,1709,809,900,15170,7002,8168,14752,6801,7951,6602,3061,3541,4260,1945,2315,4654,2167,2487,4129,1880,2249,568,299,269,806,386,420,1007,502,505,1092,523,569,1250,593,657,1234,610,624,1006,438,568,923,417,506,1097,480,617,1182,518,664,1167,568,599,1131,530,601,1174,551,623,1023,459,564,1099,517,582,858,397,461,568,252,316,581,255,326,44.6,44,45
050,089,Luquillo Municipio,3,17684,8250,9434,542,292,250,1513,739,774,840,414,426,1654,788,866,15208,7009,8199,14789,6805,7984,6567,3046,3521,4278,1949,2329,4636,2141,2495,4221,1927,2294,542,292,250,743,356,387,975,488,487,1061,511,550,1228,586,642,1238,603,635,1080,476,604,890,402,488,1070,468,602,1162,505,657,1166,567,599,1139,530,609,1169,539,630,1010,460,550,1090,507,583,872,403,469,606,269,337,643,288,355,45.1,44.4,45.6
050,089,Luquillo Municipio,4,17442,8130,9312,510,281,229,1412,692,720,824,407,417,1563,745,818,15118,6956,8162,14696,6750,7946,6441,2987,3454,4254,1933,2321,4572,2097,2475,4307,1975,2332,510,281,229,679,337,342,933,453,480,1022,499,523,1165,555,610,1238,587,651,1135,514,621,864,388,476,1017,444,573,1149,495,654,1154,550,604,1147,543,604,1122,509,613,1039,482,557,1047,477,570,899,421,478,639,282,357,683,313,370,45.7,45.1,46.2
050,089,Luquillo Municipio,5,17383,8080,9303,505,269,236,1328,661,667,803,394,409,1518,725,793,15159,6960,8199,14747,6756,7991,6413,2973,3440,4284,1947,2337,4541,2076,2465,4404,2008,2396,505,269,236,631,327,304,889,427,462,1010,494,516,1119,532,587,1250,579,671,1186,556,630,879,389,490,969,423,546,1137,490,647,1157,532,625,1148,553,595,1099,501,598,1062,500,562,1004,447,557,940,433,507,676,301,375,722,327,395,46.2,45.5,46.7
050,089,Luquillo Municipio,6,17387,8067,9320,497,260,237,1253,621,632,779,388,391,1510,717,793,15260,6998,8262,14858,6798,8060,6454,2991,3463,4349,1981,2368,4504,2057,2447,4495,2043,2452,497,260,237,584,306,278,853,410,443,1010,496,514,1095,514,581,1252,573,679,1220,588,632,938,406,532,939,414,525,1104,477,627,1169,519,650,1147,560,587,1084,501,583,1084,507,577,954,419,535,959,432,527,726,336,390,772,349,423,46.5,45.8,47
050,091,Manatí Municipio,1,39492,18447,21045,1497,761,736,3654,1847,1807,1890,990,900,3620,1818,1802,33388,15336,18052,32451,14849,17602,14398,6925,7473,9359,4367,4992,10220,4724,5496,9252,3940,5312,1497,761,736,1934,960,974,2191,1137,1054,2395,1252,1143,2644,1306,1338,2641,1263,1378,2183,1006,1177,2193,995,1198,2342,1103,1239,2414,1141,1273,2431,1128,1303,2630,1199,1431,2745,1256,1489,2585,1157,1428,2275,995,1280,1817,744,1073,1287,534,753,1288,510,778,44.4,42.5,46.2
050,091,Manatí Municipio,2,39450,18418,21032,1468,743,725,3628,1834,1794,1877,981,896,3595,1807,1788,33415,15347,18068,32477,14860,17617,14386,6921,7465,9375,4376,4999,10180,4704,5476,9327,3973,5354,1468,743,725,1913,954,959,2176,1123,1053,2380,1243,1137,2631,1302,1329,2648,1270,1378,2206,1016,1190,2184,991,1193,2337,1099,1238,2408,1135,1273,2414,1119,1295,2622,1198,1424,2736,1252,1484,2597,1162,1435,2272,993,1279,1841,756,1085,1306,537,769,1311,525,786,44.5,42.6,46.3
050,091,Manatí Municipio,3,39260,18282,20978,1367,686,681,3511,1777,1734,1824,950,874,3496,1762,1734,33498,15359,18139,32558,14869,17689,14330,6916,7414,9437,4424,5013,10069,4653,5416,9556,4030,5526,1367,686,681,1824,923,901,2114,1074,1040,2318,1208,1110,2575,1284,1291,2676,1299,1377,2310,1064,1246,2133,975,1158,2318,1086,1232,2401,1129,1272,2372,1100,1272,2600,1193,1407,2696,1231,1465,2645,1177,1468,2238,966,1272,1934,795,1139,1348,542,806,1391,550,841,45,42.9,46.8
050,091,Manatí Municipio,4,38738,17954,20784,1276,639,637,3333,1689,1644,1745,896,849,3369,1693,1676,33294,15204,18090,32384,14730,17654,14063,6762,7301,9366,4381,4985,9915,4587,5328,9734,4069,5665,1276,639,637,1702,863,839,2048,1034,1014,2229,1151,1078,2468,1230,1238,2653,1284,1369,2383,1105,1278,2047,943,1104,2283,1049,1234,2379,1128,1251,2361,1091,1270,2541,1172,1369,2634,1196,1438,2665,1172,1493,2247,973,1274,1975,807,1168,1395,555,840,1452,562,890,45.6,43.5,47.4
050,091,Manatí Municipio,5,38631,17873,20758,1238,620,618,3191,1609,1582,1694,862,832,3319,1677,1642,33367,15225,18142,32508,14782,17726,14008,6730,7278,9415,4404,5011,9833,4550,5283,9941,4151,5790,1238,620,618,1611,816,795,2000,1006,994,2178,1114,1064,2415,1212,1203,2650,1275,1375,2471,1168,1303,2029,930,1099,2265,1031,1234,2343,1114,1229,2398,1116,1282,2475,1146,1329,2617,1174,1443,2660,1180,1480,2294,991,1303,1993,817,1176,1467,574,893,1527,589,938,46,43.9,47.9
050,091,Manatí Municipio,6,38637,17850,20787,1207,616,591,3058,1534,1524,1662,843,819,3288,1671,1617,33540,15274,18266,32710,14857,17853,14060,6761,7299,9521,4460,5061,9756,4511,5245,10145,4215,5930,1207,616,591,1528,780,748,1941,967,974,2150,1093,1057,2389,1208,1181,2627,1269,1358,2564,1214,1350,2086,954,1132,2244,1023,1221,2325,1099,1226,2413,1132,1281,2432,1125,1307,2586,1155,1431,2658,1183,1475,2348,1009,1339,2024,838,1186,1495,570,925,1620,615,1005,46.3,44.1,48.2
050,093,Maricao Municipio,1,4755,2369,2386,167,87,80,439,225,214,211,111,100,390,197,193,4040,1994,2046,3938,1946,1992,1687,852,835,1143,577,566,1318,654,664,1087,518,569,167,87,80,211,108,103,285,150,135,257,131,126,287,144,143,277,141,136,282,134,148,295,149,146,289,153,136,286,149,137,317,166,151,353,164,189,362,175,187,325,146,179,258,135,123,196,91,105,128,55,73,180,91,89,45.5,44.6,46.5
050,093,Maricao Municipio,2,4752,2364,2388,164,84,80,432,221,211,214,113,101,388,197,191,4044,1995,2049,3942,1946,1996,1687,852,835,1143,575,568,1309,651,658,1102,523,579,164,84,80,209,107,102,281,147,134,257,132,125,287,145,142,279,141,138,279,133,146,296,149,147,289,152,137,284,147,137,314,165,149,351,164,187,360,175,185,329,147,182,261,136,125,198,92,106,127,55,72,187,93,94,45.6,44.8,46.6
050,093,Maricao Municipio,3,4679,2334,2345,161,81,80,397,202,195,213,116,97,365,188,177,4009,1988,2021,3908,1935,1973,1646,835,811,1124,562,562,1279,641,638,1140,544,596,161,81,80,197,102,95,256,131,125,252,133,119,270,140,130,284,140,144,261,130,131,293,146,147,286,146,140,280,146,134,307,164,143,343,160,183,349,171,178,338,154,184,264,132,132,200,95,105,130,58,72,208,105,103,46.4,45.5,47.4
050,093,Maricao Municipio,4,4571,2281,2290,147,69,78,359,185,174,211,118,93,340,173,167,3958,1969,1989,3854,1909,1945,1588,807,781,1090,544,546,1241,625,616,1183,567,616,147,69,78,175,93,82,237,120,117,251,134,117,247,129,118,282,138,144,248,126,122,281,138,143,279,142,137,276,149,127,293,154,139,333,155,178,339,167,172,338,162,176,274,129,145,201,100,101,144,64,80,226,112,114,47.5,46.6,48.6
050,093,Maricao Municipio,5,4521,2261,2260,151,70,81,332,172,160,208,111,97,329,171,158,3934,1967,1967,3830,1908,1922,1557,795,762,1073,538,535,1222,615,607,1206,584,622,151,70,81,165,87,78,220,110,110,248,135,113,236,122,114,267,132,135,251,125,126,273,133,140,282,148,134,273,149,124,282,145,137,320,153,167,347,168,179,324,158,166,287,131,156,205,106,99,152,70,82,238,119,119,48.1,47.3,49.1
050,093,Maricao Municipio,6,4486,2247,2239,148,70,78,320,167,153,194,98,96,326,172,154,3925,1966,1959,3824,1912,1912,1540,785,755,1061,535,526,1199,600,599,1238,605,633,148,70,78,165,86,79,196,101,95,250,135,115,229,115,114,256,128,128,257,131,126,263,125,138,285,151,134,272,146,126,276,142,134,305,151,154,346,161,185,319,155,164,292,136,156,215,112,103,163,77,86,249,125,124,48.5,47.9,49.4
050,095,Maunabo Municipio,1,10589,5225,5364,321,169,152,1006,528,478,484,241,243,803,392,411,9026,4414,4612,8778,4287,4491,3529,1765,1764,2355,1187,1168,3024,1492,1532,2596,1216,1380,321,169,152,537,279,258,582,304,278,599,302,297,575,276,299,646,326,320,584,278,306,525,256,269,600,327,273,713,365,348,711,333,378,810,426,384,790,368,422,722,346,376,695,326,369,503,230,273,336,166,170,340,148,192,47.4,46.3,48.4
050,095,Maunabo Municipio,2,10580,5222,5358,312,162,150,999,524,475,479,241,238,801,390,411,9037,4422,4615,8790,4295,4495,3521,1757,1764,2353,1182,1171,3016,1494,1522,2620,1229,1391,312,162,150,529,275,254,582,305,277,599,301,298,569,274,295,650,328,322,586,279,307,526,257,269,591,318,273,711,368,343,705,330,375,814,428,386,786,368,418,731,350,381,694,325,369,506,232,274,343,170,173,346,152,194,47.5,46.5,48.5
050,095,Maunabo Municipio,3,10527,5206,5321,299,161,138,966,504,462,448,233,215,778,377,401,9049,4429,4620,8814,4308,4506,3460,1716,1744,2337,1163,1174,2994,1503,1491,2705,1265,1440,299,161,138,491,255,236,578,306,272,582,291,291,541,262,279,653,330,323,591,281,310,528,260,268,565,292,273,699,375,324,693,325,368,825,433,392,777,370,407,758,365,393,682,317,365,534,242,292,355,179,176,376,162,214,48.2,47.1,49.3
050,095,Maunabo Municipio,4,10368,5123,5245,288,149,139,901,469,432,427,219,208,752,372,380,8972,4394,4578,8752,4286,4466,3373,1673,1700,2301,1138,1163,2939,1486,1453,2760,1290,1470,288,149,139,433,228,205,575,297,278,548,281,267,524,254,270,620,308,312,601,292,309,520,258,262,560,280,280,654,361,293,698,328,370,808,423,385,779,374,405,778,370,408,644,301,343,558,253,305,371,179,192,409,187,222,49,48,50.1
050,095,Maunabo Municipio,5,10270,5065,5205,285,148,137,835,436,399,427,221,206,754,379,375,8925,4366,4559,8723,4260,4463,3319,1643,1676,2257,1103,1154,2919,1479,1440,2793,1299,1494,285,148,137,386,204,182,568,292,276,526,273,253,536,267,269,581,280,301,609,305,304,528,254,274,539,264,275,628,352,276,717,342,375,778,399,379,796,386,410,761,357,404,619,284,335,592,269,323,376,178,198,445,211,234,49.6,48.6,50.8
050,095,Maunabo Municipio,6,10248,5054,5194,274,135,139,767,399,368,449,237,212,749,377,372,8961,4392,4569,8758,4283,4475,3318,1646,1672,2247,1100,1147,2905,1483,1422,2857,1323,1534,274,135,139,341,178,163,553,289,264,533,272,261,538,274,264,553,263,290,620,318,302,550,263,287,524,256,268,617,345,272,728,363,365,746,363,383,814,412,402,755,349,406,628,287,341,598,280,318,398,182,216,478,225,253,50.2,49.2,51.4
050,097,Mayagüez Municipio,1,73077,34805,38272,2349,1223,1126,5961,3032,2929,3454,1803,1651,11588,6089,5499,63096,29644,33452,61313,28747,32566,29146,14998,14148,14925,7539,7386,16187,7509,8678,18613,7610,11003,2349,1223,1126,2921,1479,1442,3861,1986,1875,5934,3060,2874,8287,4399,3888,4314,2291,2023,3833,1959,1874,3412,1686,1726,3366,1603,1763,3552,1680,1872,3818,1769,2049,4258,1936,2322,4559,2124,2435,4410,1942,2468,4522,1943,2579,3813,1590,2223,2686,1082,1604,3182,1053,2129,42.4,37.9,46.4
050,097,Mayagüez Municipio,2,72847,34689,38158,2299,1202,1097,5893,2999,2894,3413,1784,1629,11490,6028,5462,63003,29602,33401,61242,28704,32538,29114,14997,14117,15022,7609,7413,16054,7446,8608,18676,7621,11055,2299,1202,1097,2900,1469,1431,3804,1954,1850,5663,2916,2747,8429,4472,3957,4424,2358,2066,3846,1973,1873,3403,1683,1720,3349,1595,1754,3526,1668,1858,3783,1750,2033,4216,1918,2298,4529,2110,2419,4402,1938,2464,4499,1933,2566,3838,1598,2240,2706,1084,1622,3231,1068,2163,42.5,37.9,46.6
050,097,Mayagüez Municipio,3,71927,34198,37729,2145,1121,1024,5757,2929,2828,3373,1770,1603,11376,5982,5394,62391,29269,33122,60652,28378,32274,28802,14869,13933,14855,7538,7317,15582,7217,8365,18839,7641,11198,2145,1121,1024,2808,1431,1377,3751,1919,1832,5572,2880,2692,8375,4451,3924,4388,2341,2047,3809,1959,1850,3367,1670,1697,3291,1568,1723,3430,1615,1815,3651,1687,1964,4084,1859,2225,4417,2056,2361,4357,1922,2435,4406,1896,2510,3921,1612,2309,2783,1099,1684,3372,1112,2260,42.7,37.9,46.9
050,097,Mayagüez Municipio,4,70580,33539,37041,2009,1055,954,5545,2837,2708,3302,1736,1566,11148,5876,5272,61427,28785,32642,59724,27911,31813,28223,14606,13617,14558,7407,7151,15065,6971,8094,18953,7657,11296,2009,1055,954,2633,1355,1278,3697,1895,1802,5454,2824,2630,8211,4375,3836,4301,2302,1999,3731,1922,1809,3309,1653,1656,3217,1530,1687,3347,1570,1777,3514,1640,1874,3968,1799,2169,4236,1962,2274,4333,1925,2408,4288,1853,2435,3957,1599,2358,2883,1146,1737,3492,1134,2358,43,38.1,47.5
050,097,Mayagüez Municipio,5,69741,33159,36582,1967,1033,934,5368,2752,2616,3275,1726,1549,11082,5858,5224,60820,28517,32303,59131,27648,31483,28050,14573,13477,14471,7399,7072,14600,6743,7857,18978,7648,11330,1967,1033,934,2493,1284,1209,3653,1878,1775,5415,2810,2605,8164,4364,3800,4281,2304,1977,3714,1923,1791,3294,1657,1637,3182,1515,1667,3287,1532,1755,3431,1611,1820,3789,1723,2066,4093,1877,2216,4326,1934,2392,4139,1781,2358,3994,1618,2376,2957,1165,1792,3562,1150,2412,43,37.9,47.6
050,097,Mayagüez Municipio,6,69044,32771,36273,1901,989,912,5217,2687,2530,3274,1734,1540,11098,5876,5222,60343,28236,32107,58652,27361,31291,27944,14512,13432,14348,7313,7035,14211,6535,7676,18995,7637,11358,1901,989,912,2405,1244,1161,3588,1854,1734,5425,2828,2597,8171,4371,3800,4254,2278,1976,3675,1893,1782,3263,1639,1624,3156,1503,1653,3223,1499,1724,3363,1567,1796,3630,1653,1977,3995,1816,2179,4236,1895,2341,4051,1740,2311,3978,1612,2366,3049,1199,1850,3681,1191,2490,42.9,37.8,47.6
050,099,Moca Municipio,1,37460,18201,19259,1362,694,668,3601,1836,1765,1866,944,922,3710,1834,1876,31558,15190,16368,30631,14727,15904,14644,7186,7458,9535,4648,4887,10149,4840,5309,7237,3405,3832,1362,694,668,1855,931,924,2213,1145,1068,2416,1209,1207,2693,1329,1364,2525,1258,1267,2300,1116,1184,2236,1074,1162,2474,1200,1274,2402,1166,1236,2552,1199,1353,2667,1273,1394,2528,1202,1326,2253,1085,1168,1967,955,1012,1401,652,749,882,416,466,734,297,437,42.2,41.4,43
050,099,Moca Municipio,2,37463,18206,19257,1341,687,654,3567,1816,1751,1864,947,917,3691,1826,1865,31621,15222,16399,30691,14756,15935,14637,7187,7450,9545,4654,4891,10145,4841,5304,7310,3435,3875,1341,687,654,1836,921,915,2194,1135,1059,2397,1202,1195,2695,1331,1364,2535,1260,1275,2315,1125,1190,2221,1067,1154,2474,1202,1272,2397,1158,1239,2534,1198,1336,2675,1272,1403,2539,1213,1326,2263,1090,1173,1979,957,1022,1425,662,763,888,417,471,755,309,446,42.4,41.5,43.2
050,099,Moca Municipio,3,37515,18256,19259,1256,656,600,3440,1743,1697,1850,953,897,3625,1797,1828,31908,15382,16526,30969,14904,16065,14671,7232,7439,9643,4717,4926,10141,4844,5297,7560,3546,4014,1256,656,600,1759,881,878,2128,1097,1031,2324,1174,1150,2704,1341,1363,2593,1278,1315,2384,1174,1210,2185,1053,1132,2481,1212,1269,2389,1142,1247,2471,1195,1276,2698,1259,1439,2583,1248,1335,2306,1113,1193,2010,961,1049,1515,708,807,926,424,502,803,340,463,42.8,42,43.7
050,099,Moca Municipio,4,37279,18143,19136,1206,638,568,3246,1635,1611,1798,929,869,3502,1740,1762,31952,15415,16537,31029,14941,16088,14483,7140,7343,9616,4695,4921,10102,4837,5265,7809,3669,4140,1206,638,568,1640,819,821,2039,1040,999,2268,1156,1112,2599,1289,1310,2634,1285,1349,2408,1190,1218,2158,1045,1113,2416,1175,1241,2379,1143,1236,2415,1171,1244,2695,1249,1446,2613,1274,1339,2363,1137,1226,2017,961,1056,1592,763,829,1010,465,545,827,343,484,43.5,42.7,44.4
050,099,Moca Municipio,5,37322,18176,19146,1189,633,556,3085,1542,1543,1765,913,852,3444,1714,1730,32185,15556,16629,31283,15088,16195,14469,7143,7326,9690,4738,4952,10104,4851,5253,8045,3785,4260,1189,633,556,1549,777,772,1966,987,979,2247,1155,1092,2532,1250,1282,2681,1311,1370,2474,1226,1248,2174,1061,1113,2361,1140,1221,2426,1176,1250,2388,1161,1227,2671,1233,1438,2619,1281,1338,2433,1153,1280,2036,980,1056,1684,809,875,1037,475,562,855,368,487,44,43.2,44.8
050,099,Moca Municipio,6,37543,18286,19257,1174,628,546,2951,1487,1464,1735,889,846,3422,1711,1711,32568,15741,16827,31683,15282,16401,14567,7204,7363,9826,4810,5016,10151,4873,5278,8284,3888,4396,1174,628,546,1459,747,712,1908,946,962,2239,1156,1083,2502,1238,1264,2742,1343,1399,2538,1267,1271,2234,1087,1147,2312,1113,1199,2480,1203,1277,2411,1178,1233,2623,1212,1411,2637,1280,1357,2468,1166,1302,2084,1007,1077,1737,829,908,1089,494,595,906,392,514,44.4,43.4,45.2
050,101,Morovis Municipio,1,28727,14244,14483,1062,545,517,2810,1420,1390,1495,768,727,2785,1378,1407,24067,11870,12197,23360,11511,11849,11490,5651,5839,7612,3714,3898,7902,3906,3996,5061,2513,2548,1062,545,517,1440,731,709,1772,898,874,1835,950,885,2043,987,1056,2097,1018,1079,1937,959,978,1776,871,905,1802,866,936,1828,901,927,1951,946,1005,2104,1031,1073,2019,1028,991,1628,864,764,1323,648,675,940,438,502,629,294,335,541,269,272,41.1,40.9,41.3
050,101,Morovis Municipio,2,28706,14225,14481,1050,539,511,2775,1399,1376,1491,768,723,2765,1363,1402,24103,11882,12221,23390,11519,11871,11491,5648,5843,7625,3721,3904,7889,3901,3988,5111,2534,2577,1050,539,511,1417,720,697,1748,883,865,1833,945,888,2033,982,1051,2086,1013,1073,1959,971,988,1774,871,903,1806,866,940,1808,893,915,1953,948,1005,2106,1032,1074,2022,1028,994,1650,874,776,1326,651,675,958,444,514,631,295,336,546,270,276,41.2,41.1,41.4
050,101,Morovis Municipio,3,28597,14166,14431,1016,519,497,2623,1315,1308,1477,767,710,2674,1310,1364,24221,11946,12275,23481,11565,11916,11468,5642,5826,7668,3750,3918,7838,3885,3953,5301,2620,2681,1016,519,497,1317,673,644,1657,827,830,1815,929,886,1985,963,1022,2058,1003,1055,2039,1012,1027,1754,866,888,1817,869,948,1745,870,875,1956,954,1002,2092,1019,1073,2045,1042,1003,1726,912,814,1334,662,672,1019,470,549,645,301,344,577,275,302,41.8,41.7,41.9
050,101,Morovis Municipio,4,28270,14004,14266,987,500,487,2452,1238,1214,1417,725,692,2540,1247,1293,24163,11928,12235,23414,11541,11873,11256,5532,5724,7626,3720,3906,7771,3862,3909,5477,2712,2765,987,500,487,1214,618,596,1565,780,785,1763,906,857,1867,906,961,2046,999,1047,2055,1014,1041,1730,850,880,1795,857,938,1717,858,859,1930,948,982,2067,1003,1064,2057,1053,1004,1789,933,856,1359,682,677,1068,502,566,649,304,345,612,291,321,42.5,42.5,42.6
050,101,Morovis Municipio,5,28182,13970,14212,986,497,489,2307,1170,1137,1352,680,672,2498,1247,1251,24244,11990,12254,23537,11623,11914,11177,5490,5687,7649,3719,3930,7696,3822,3874,5694,2835,2859,986,497,489,1132,573,559,1497,753,744,1733,884,849,1795,887,908,2026,974,1052,2080,1023,1057,1774,865,909,1769,857,912,1727,853,874,1886,937,949,2035,993,1042,2048,1039,1009,1867,963,904,1408,719,689,1114,538,576,668,313,355,637,302,335,43,43.1,43
050,101,Morovis Municipio,6,28230,14011,14219,972,494,478,2189,1115,1074,1288,634,654,2488,1259,1229,24436,12097,12339,23781,11768,12013,11175,5481,5694,7711,3738,3973,7655,3797,3858,5927,2974,2953,972,494,478,1074,553,521,1427,712,715,1705,860,845,1759,883,876,2010,949,1061,2096,1020,1076,1854,906,948,1751,863,888,1755,859,896,1855,930,925,1987,976,1011,2058,1032,1026,1923,990,933,1471,764,707,1146,569,577,705,321,384,682,330,352,43.5,43.7,43.4
050,103,Naguabo Municipio,1,23386,10853,12533,853,438,415,2522,1257,1265,1323,656,667,2217,1090,1127,19338,8830,10508,18688,8502,10186,9588,4427,5161,6399,2853,3546,5576,2546,3030,4496,2013,2483,853,438,415,1221,607,614,1652,822,830,1601,793,808,1588,781,807,1722,791,931,1492,661,831,1530,658,872,1655,743,912,1577,708,869,1384,638,746,1305,593,712,1310,607,703,1239,577,662,1192,555,637,900,425,475,592,253,339,573,203,370,40.1,39.2,40.8
050,103,Naguabo Municipio,2,23384,10855,12529,845,437,408,2486,1240,1246,1327,656,671,2213,1093,1120,19374,8847,10527,18726,8522,10204,9594,4435,5159,6403,2857,3546,5580,2545,3035,4530,2027,2503,845,437,408,1198,597,601,1637,814,823,1611,797,814,1580,781,799,1718,791,927,1509,670,839,1515,648,867,1661,748,913,1575,704,871,1394,645,749,1307,592,715,1304,604,700,1247,580,667,1186,554,632,917,433,484,602,258,344,578,202,376,40.2,39.3,41
050,103,Naguabo Municipio,3,23278,10775,12503,820,425,395,2335,1167,1168,1332,650,682,2205,1095,1110,19437,8847,10590,18791,8533,10258,9609,4439,5170,6411,2861,3550,5559,2520,3039,4616,2057,2559,820,425,395,1107,557,550,1567,777,790,1628,798,830,1570,780,790,1704,785,919,1581,706,875,1463,613,850,1663,757,906,1562,683,879,1425,666,759,1305,588,717,1267,583,684,1267,585,682,1138,532,606,964,458,506,624,268,356,623,214,409,40.6,39.6,41.4
050,103,Naguabo Municipio,4,22960,10593,12367,801,421,380,2160,1078,1082,1311,643,668,2168,1068,1100,19351,8771,10580,18688,8451,10237,9491,4370,5121,6327,2819,3508,5532,2496,3036,4661,2068,2593,801,421,380,1013,513,500,1462,725,737,1618,793,825,1546,758,788,1664,767,897,1641,735,906,1407,578,829,1615,739,876,1546,670,876,1463,681,782,1286,579,707,1237,566,671,1267,588,679,1089,502,587,1009,475,534,638,279,359,658,224,434,41.1,40,41.9
050,103,Naguabo Municipio,5,22826,10489,12337,807,423,384,2007,1002,1005,1299,641,658,2176,1062,1114,19385,8749,10636,18713,8423,10290,9483,4361,5122,6321,2814,3507,5557,2506,3051,4659,2041,2618,807,423,384,945,476,469,1375,682,693,1607,785,822,1555,762,793,1656,770,886,1704,761,943,1400,585,815,1561,698,863,1548,674,874,1496,690,806,1281,579,702,1232,563,669,1240,566,674,1066,488,578,1032,473,559,647,284,363,674,230,444,41.3,40,42.2
050,103,Naguabo Municipio,6,22820,10475,12345,806,426,380,1879,949,930,1261,623,638,2232,1081,1151,19524,8801,10723,18874,8477,10397,9544,4383,5161,6348,2822,3526,5607,2528,3079,4687,2046,2641,806,426,380,899,458,441,1277,634,643,1618,793,825,1578,768,810,1647,767,880,1744,780,964,1425,608,817,1532,667,865,1574,696,878,1513,685,828,1295,590,705,1225,557,668,1218,559,659,1076,491,585,1005,446,559,671,304,367,717,246,471,41.4,40,42.4
050,105,Naranjito Municipio,1,29241,14308,14933,1148,570,578,2832,1416,1416,1364,696,668,2632,1310,1322,24580,11988,12592,23897,11626,12271,11083,5592,5491,7428,3749,3679,7642,3711,3931,6195,2856,3339,1148,570,578,1553,778,775,1620,801,819,1743,911,832,1912,932,980,2033,1057,976,1885,957,928,1693,838,855,1817,897,920,1513,762,751,1932,958,974,2144,1000,1144,2053,991,1062,1823,848,975,1578,755,823,1211,538,673,791,394,397,792,321,471,42.7,41.8,43.8
050,105,Naranjito Municipio,2,29244,14305,14939,1141,567,574,2810,1404,1406,1363,694,669,2622,1307,1315,24613,12000,12613,23930,11640,12290,11083,5587,5496,7438,3751,3687,7622,3702,3920,6248,2880,3368,1141,567,574,1536,769,767,1614,800,814,1734,904,830,1911,932,979,2017,1050,967,1913,970,943,1684,834,850,1824,897,927,1499,754,745,1918,956,962,2141,995,1146,2064,997,1067,1837,858,979,1578,752,826,1225,543,682,797,394,403,811,333,478,42.9,41.9,43.9
050,105,Naranjito Municipio,3,29341,14334,15007,1068,520,548,2731,1363,1368,1358,683,675,2576,1296,1280,24866,12115,12751,24184,11768,12416,11120,5601,5519,7521,3793,3728,7571,3675,3896,6516,3004,3512,1068,520,548,1464,733,731,1602,801,801,1700,876,824,1899,932,967,1964,1020,944,2019,1029,990,1681,844,837,1857,900,957,1487,750,737,1860,939,921,2122,975,1147,2102,1011,1091,1891,901,990,1604,748,856,1287,565,722,848,412,436,886,378,508,43.4,42.4,44.5
050,105,Naranjito Municipio,4,29182,14220,14962,981,483,498,2629,1307,1322,1323,657,666,2478,1257,1221,24921,12102,12819,24249,11773,12476,10958,5504,5454,7476,3749,3727,7529,3660,3869,6766,3107,3659,981,483,498,1355,678,677,1593,788,805,1670,849,821,1812,906,906,1928,983,945,2044,1046,998,1671,842,829,1833,878,955,1556,800,756,1759,881,878,2074,955,1119,2140,1024,1116,1922,915,1007,1640,755,885,1337,594,743,926,432,494,941,411,530,44.2,43.1,45.3
050,105,Naranjito Municipio,5,29265,14267,14998,913,464,449,2550,1273,1277,1301,645,656,2437,1238,1199,25171,12218,12953,24501,11885,12616,10930,5497,5433,7503,3767,3736,7525,3655,3870,7036,3225,3811,913,464,449,1274,646,628,1587,780,807,1655,830,825,1772,900,872,1928,967,961,2072,1077,995,1709,857,852,1794,866,928,1681,861,820,1667,829,838,2013,943,1070,2164,1022,1142,1960,931,1029,1690,769,921,1371,631,740,1003,449,554,1012,445,567,44.8,43.5,45.9
050,105,Naranjito Municipio,6,29516,14399,15117,889,449,440,2475,1245,1230,1286,643,643,2439,1245,1194,25526,12396,13130,24866,12062,12804,10996,5546,5450,7582,3812,3770,7518,3635,3883,7327,3370,3957,889,449,440,1208,612,596,1578,787,791,1649,820,829,1765,914,851,1932,946,986,2074,1080,994,1819,924,895,1757,862,895,1786,889,897,1587,792,795,1978,947,1031,2167,1007,1160,2003,942,1061,1739,795,944,1439,677,762,1044,460,584,1102,496,606,45.2,43.9,46.4
050,107,Orocovis Municipio,1,21434,10695,10739,926,486,440,2170,1112,1058,1043,565,478,2010,1055,955,17796,8799,8997,17295,8532,8763,8108,4145,3963,5335,2682,2653,6024,2914,3110,3926,1881,2045,926,486,440,1180,610,570,1270,659,611,1293,695,598,1480,768,712,1594,829,765,1319,642,677,1236,618,618,1186,593,593,1368,658,710,1520,724,796,1607,792,815,1529,740,789,1223,610,613,1040,509,531,701,333,368,443,226,217,519,203,316,41.7,40.3,43.1
050,107,Orocovis Municipio,2,21431,10694,10737,912,484,428,2154,1101,1053,1049,569,480,1995,1048,947,17819,8808,9011,17316,8540,8776,8109,4147,3962,5344,2686,2658,6003,2904,3099,3974,1902,2072,912,484,428,1171,607,564,1262,650,612,1292,695,597,1473,766,707,1589,826,763,1335,652,683,1229,614,615,1191,594,597,1357,654,703,1508,719,789,1605,788,817,1533,743,790,1236,614,622,1046,511,535,719,343,376,445,228,217,528,206,322,41.8,40.4,43.3
050,107,Orocovis Municipio,3,21421,10661,10760,853,441,412,2092,1061,1031,1061,581,480,1931,1021,910,17930,8857,9073,17415,8578,8837,8131,4173,3958,5408,2718,2690,5942,2867,3075,4134,1972,2162,853,441,412,1134,592,542,1227,616,611,1282,697,585,1441,758,683,1565,807,758,1420,707,713,1201,594,607,1222,610,612,1320,639,681,1470,701,769,1593,767,826,1559,760,799,1290,634,656,1067,524,543,761,358,403,457,233,224,559,223,336,42.3,40.9,43.7
050,107,Orocovis Municipio,4,21225,10531,10694,808,411,397,2026,1029,997,1023,557,466,1836,982,854,17899,8829,9070,17368,8534,8834,8044,4132,3912,5413,2711,2702,5836,2807,3029,4283,2034,2249,808,411,397,1077,557,520,1177,590,587,1267,691,576,1364,730,634,1523,770,753,1481,753,728,1160,562,598,1249,626,623,1271,613,658,1413,673,740,1588,759,829,1564,762,802,1361,659,702,1049,521,528,801,372,429,496,247,249,576,235,341,43,41.5,44.4
050,107,Orocovis Municipio,5,21209,10528,10681,769,401,368,1986,1015,971,982,518,464,1778,961,817,18004,8890,9114,17472,8594,8878,8022,4122,3900,5486,2748,2738,5782,2778,3004,4426,2107,2319,769,401,368,1030,525,505,1180,595,585,1245,678,567,1291,696,595,1497,754,743,1542,791,751,1181,574,607,1266,629,637,1238,601,637,1389,660,729,1563,749,814,1592,768,824,1410,679,731,1059,524,535,851,402,449,520,258,262,586,244,342,43.4,41.9,44.9
050,107,Orocovis Municipio,6,21260,10561,10699,720,375,345,1929,1002,927,954,481,473,1752,952,800,18145,8965,9180,17657,8703,8954,8034,4114,3920,5570,2795,2775,5731,2757,2974,4604,2199,2405,720,375,345,981,506,475,1190,610,580,1228,656,572,1236,663,573,1462,746,716,1584,810,774,1256,614,642,1268,625,643,1209,602,607,1389,659,730,1547,737,810,1586,759,827,1457,700,757,1100,542,558,878,424,454,555,267,288,614,266,348,43.8,42.4,45.2
050,109,Patillas Municipio,1,15985,7752,8233,480,244,236,1425,731,694,739,387,352,1268,657,611,13712,6582,7130,13341,6390,6951,5383,2705,2678,3558,1756,1802,4604,2228,2376,3911,1749,2162,480,244,236,719,369,350,888,457,431,918,473,445,907,476,431,1018,521,497,866,421,445,823,391,432,851,423,428,966,471,495,1123,539,584,1256,619,637,1259,599,660,1133,542,591,993,486,507,738,314,424,534,220,314,513,187,326,47.8,46.2,49.2
050,109,Patillas Municipio,2,15940,7723,8217,463,233,230,1409,724,685,737,386,351,1252,648,604,13700,6573,7127,13331,6380,6951,5365,2694,2671,3558,1754,1804,4584,2221,2363,3937,1757,2180,463,233,230,713,367,346,878,451,427,910,468,442,897,472,425,1009,513,496,878,430,448,821,390,431,850,421,429,957,466,491,1112,537,575,1248,612,636,1267,606,661,1137,542,595,994,486,508,746,316,430,538,222,316,522,191,331,48,46.4,49.4
050,109,Patillas Municipio,3,15806,7642,8164,430,222,208,1329,685,644,723,377,346,1215,630,585,13691,6554,7137,13324,6358,6966,5305,2662,2643,3544,1744,1800,4498,2187,2311,4067,1797,2270,430,222,208,667,344,323,839,430,409,887,456,431,874,462,412,976,489,487,915,459,456,812,385,427,841,411,430,926,449,477,1078,529,549,1214,583,631,1280,626,654,1150,547,603,1006,484,522,776,324,452,571,245,326,564,197,367,48.7,46.9,50.2
050,109,Patillas Municipio,4,15516,7488,8028,424,223,201,1220,630,590,688,354,334,1175,614,561,13533,6464,7069,13184,6281,6903,5154,2578,2576,3458,1695,1763,4404,2152,2252,4147,1820,2327,424,223,201,586,299,287,801,416,385,862,447,415,834,436,398,932,466,466,911,455,456,800,378,422,815,396,419,896,432,464,1043,522,521,1183,561,622,1282,637,645,1154,552,602,999,480,519,820,342,478,571,240,331,603,206,397,49.5,47.6,51
050,109,Patillas Municipio,5,15335,7368,7967,424,218,206,1120,576,544,671,342,329,1160,609,551,13458,6403,7055,13120,6232,6888,5085,2541,2544,3422,1677,1745,4320,2115,2205,4218,1831,2387,424,218,206,523,264,259,765,399,366,843,437,406,820,427,393,887,445,442,928,467,461,787,370,417,820,395,425,867,421,446,1008,501,507,1164,554,610,1281,639,642,1147,544,603,1009,477,532,829,358,471,606,248,358,627,204,423,50,48,51.6
050,109,Patillas Municipio,6,15216,7288,7928,400,211,189,1048,535,513,656,337,319,1146,596,550,13442,6371,7071,13112,6205,6907,5070,2542,2528,3427,1693,1734,4204,2056,2148,4335,1860,2475,400,211,189,483,246,237,724,373,351,828,427,401,815,422,393,850,432,418,940,476,464,808,386,422,829,399,430,846,419,427,967,472,495,1135,544,591,1256,621,635,1159,543,616,1035,482,553,837,375,462,620,245,375,684,215,469,50.5,48.2,52.3
050,111,Peñuelas Municipio,1,20399,9851,10548,890,474,416,2236,1101,1135,1071,528,543,1895,913,982,16721,8019,8702,16202,7748,8454,7800,3790,4010,5108,2476,2632,5491,2634,2857,3708,1725,1983,890,474,416,1197,602,595,1313,626,687,1370,693,677,1322,621,701,1402,706,696,1329,624,705,1184,564,620,1193,582,611,1301,642,659,1345,635,710,1439,691,748,1406,666,740,1155,550,605,997,479,518,709,317,392,420,199,221,427,180,247,40.8,40.1,41.4
050,111,Peñuelas Municipio,2,20347,9820,10527,874,461,413,2219,1095,1124,1059,518,541,1883,908,975,16715,8014,8701,16195,7746,8449,7777,3776,4001,5098,2471,2627,5473,2628,2845,3741,1739,2002,874,461,413,1184,598,586,1298,618,680,1354,682,672,1325,623,702,1380,695,685,1341,631,710,1179,560,619,1198,585,613,1293,639,654,1337,633,704,1435,689,746,1408,667,741,1162,551,611,993,478,515,724,325,399,423,197,226,439,188,251,41,40.3,41.6
050,111,Peñuelas Municipio,3,20140,9722,10418,792,427,365,2146,1074,1072,1029,486,543,1852,900,952,16703,7993,8710,16173,7735,8438,7718,3736,3982,5079,2460,2619,5372,2589,2783,3870,1786,2084,792,427,365,1124,578,546,1264,606,658,1294,637,657,1345,639,706,1324,665,659,1374,656,718,1166,551,615,1215,588,627,1247,621,626,1310,628,682,1411,676,735,1404,664,740,1195,566,629,973,460,513,778,355,423,442,197,245,482,208,274,41.6,40.8,42.3
050,111,Peñuelas Municipio,4,19758,9515,10243,721,382,339,2026,1026,1000,1001,463,538,1792,879,913,16522,7880,8642,16010,7644,8366,7536,3626,3910,4997,2405,2592,5259,2538,2721,3962,1822,2140,721,382,339,1052,548,504,1228,599,629,1231,590,641,1308,631,677,1268,629,639,1359,653,706,1171,552,619,1199,571,628,1181,591,590,1307,627,680,1369,659,710,1402,661,741,1224,586,638,968,447,521,796,364,432,471,214,257,503,211,292,42.3,41.6,43
050,111,Peñuelas Municipio,5,19566,9423,10143,680,370,310,1925,976,949,982,459,523,1770,868,902,16454,7834,8620,15979,7618,8361,7461,3589,3872,4965,2386,2579,5181,2507,2674,4063,1857,2206,680,370,310,1000,517,483,1181,583,598,1223,575,648,1273,628,645,1233,596,637,1357,663,694,1191,560,631,1184,567,617,1168,576,592,1291,631,660,1339,633,706,1383,667,716,1266,590,676,963,446,517,815,371,444,498,232,266,521,218,303,42.8,42,43.5
050,111,Peñuelas Municipio,6,19453,9372,10081,651,347,304,1824,935,889,973,463,510,1749,858,891,16484,7849,8635,16005,7627,8378,7446,3586,3860,4964,2383,2581,5118,2474,2644,4174,1912,2262,651,347,304,921,483,438,1143,570,573,1223,570,653,1259,633,626,1228,577,651,1336,669,667,1224,570,654,1176,567,609,1165,569,596,1269,625,644,1311,616,695,1373,664,709,1292,596,696,982,462,520,823,373,450,532,248,284,545,233,312,43.2,42.4,43.9
050,113,Ponce Municipio,1,137491,65767,71724,5310,2732,2578,13274,6755,6519,6488,3284,3204,13398,7124,6274,115623,54628,60995,112419,52996,59423,51021,26140,24881,32786,16576,16210,33921,15526,18395,32314,13770,18544,5310,2732,2578,7033,3607,3426,7892,3992,3900,8529,4369,4160,9706,5195,4511,9521,5088,4433,8166,4165,4001,7412,3635,3777,7687,3688,3999,7823,3780,4043,8026,3736,4290,8791,3882,4909,9281,4128,5153,8864,3926,4938,8400,3694,4706,6211,2694,3517,4488,1862,2626,4351,1594,2757,43.4,40.1,46.4
050,113,Ponce Municipio,2,137153,65567,71586,5164,2654,2510,13153,6687,6466,6481,3283,3198,13272,7055,6217,115562,54571,60991,112355,52943,59412,50871,26087,24784,32756,16587,16169,33743,15439,18304,32584,13862,18722,5164,2654,2510,6969,3569,3400,7822,3956,3866,8445,4320,4125,9670,5180,4490,9496,5084,4412,8219,4211,4008,7368,3608,3760,7673,3684,3989,7781,3754,4027,7972,3716,4256,8748,3869,4879,9242,4100,5142,8864,3916,4948,8411,3698,4713,6299,2736,3563,4535,1871,2664,4475,1641,2834,43.5,40.3,46.6
050,113,Ponce Municipio,3,134745,64103,70642,4731,2449,2282,12658,6423,6235,6441,3272,3169,12759,6763,5996,114147,53590,60557,110915,51959,58956,49848,25434,24414,32227,16205,16022,32860,14957,17903,33069,14034,19035,4731,2449,2282,6691,3415,3276,7546,3814,3732,8181,4182,3999,9440,5047,4393,9283,4942,4341,8304,4265,4039,7122,3427,3695,7518,3571,3947,7542,3582,3960,7720,3604,4116,8559,3800,4759,9039,3971,5068,8831,3861,4970,8366,3706,4660,6564,2847,3717,4623,1874,2749,4685,1746,2939,44.1,40.7,47.1
050,113,Ponce Municipio,4,132091,62795,69296,4384,2255,2129,11935,6075,5860,6276,3194,3082,12225,6483,5742,112710,52910,59800,109496,51271,58225,48738,24977,23761,31744,16061,15683,32068,14594,17474,33459,14133,19326,4384,2255,2129,6185,3175,3010,7257,3661,3596,7973,4084,3889,9021,4832,4189,9138,4922,4216,8348,4332,4016,6992,3372,3620,7266,3435,3831,7367,3477,3890,7571,3563,4008,8306,3697,4609,8824,3857,4967,8772,3797,4975,8219,3637,4582,6827,2947,3880,4680,1879,2801,4961,1873,3088,44.7,41.1,47.8
050,113,Ponce Municipio,5,130153,61805,68348,4171,2143,2028,11329,5793,5536,6150,3133,3017,11928,6324,5604,111658,52363,59295,108503,50736,57767,48119,24718,23401,31532,16006,15526,31288,14167,17121,33755,14239,19516,4171,2143,2028,5696,2919,2777,7124,3619,3505,7899,4047,3852,8688,4665,4023,9070,4924,4146,8477,4449,4028,6965,3352,3613,7020,3281,3739,7220,3364,3856,7472,3520,3952,7981,3548,4433,8615,3735,4880,8705,3768,4937,8110,3553,4557,7048,3036,4012,4756,1946,2810,5136,1936,3200,45,41.2,48.2
050,113,Ponce Municipio,6,129659,61843,67816,3978,2069,1909,10759,5528,5231,6064,3083,2981,11886,6369,5517,111939,52748,59191,108858,51163,57695,48379,25125,23254,31913,16420,15493,30703,13908,16795,34356,14466,19890,3978,2069,1909,5298,2720,2578,6945,3555,3390,7894,4062,3832,8572,4643,3929,9107,5006,4101,8664,4610,4054,7236,3563,3673,6906,3241,3665,7184,3354,3830,7390,3462,3928,7724,3478,4246,8405,3614,4791,8658,3755,4903,8095,3515,4580,7243,3110,4133,4921,2052,2869,5439,2034,3405,45.2,41.1,48.6
050,115,Quebradillas Municipio,1,23638,11344,12294,809,418,391,2218,1096,1122,1138,600,538,2076,1051,1025,20051,9530,10521,19473,9230,10243,8829,4380,4449,5884,2873,3011,6348,2984,3364,5165,2322,2843,809,418,391,1173,574,599,1314,666,648,1457,748,709,1488,759,729,1588,820,768,1402,669,733,1372,632,740,1522,752,770,1475,721,754,1603,757,846,1710,790,920,1560,716,844,1438,673,765,1429,650,779,998,458,540,665,309,356,635,232,403,44,42.5,45.4
050,115,Quebradillas Municipio,2,23619,11340,12279,793,411,382,2197,1085,1112,1133,597,536,2069,1048,1021,20076,9549,10527,19496,9247,10249,8819,4379,4440,5885,2876,3009,6343,2982,3361,5199,2341,2858,793,411,382,1153,562,591,1312,665,647,1450,748,702,1484,755,729,1581,814,767,1424,684,740,1357,627,730,1523,751,772,1471,718,753,1595,756,839,1707,788,919,1570,720,850,1433,671,762,1432,651,781,1014,465,549,677,315,362,643,239,404,44.1,42.6,45.5
050,115,Quebradillas Municipio,3,23544,11292,12252,747,388,359,2104,1038,1066,1102,579,523,2034,1031,1003,20163,9590,10573,19591,9287,10304,8777,4371,4406,5905,2896,3009,6354,2982,3372,5298,2378,2920,747,388,359,1064,513,551,1304,660,644,1406,738,668,1466,737,729,1571,803,768,1514,749,765,1301,604,697,1519,740,779,1466,715,751,1567,748,819,1709,781,928,1612,738,874,1415,663,752,1434,650,784,1062,475,587,714,330,384,673,260,413,44.6,43,46.1
050,115,Quebradillas Municipio,4,23328,11171,12157,741,383,358,1972,973,999,1059,548,511,1977,1003,974,20094,9554,10540,19556,9267,10289,8633,4296,4337,5858,2873,2985,6341,2985,3356,5380,2406,2974,741,383,358,958,463,495,1275,638,637,1350,708,642,1425,715,710,1550,786,764,1552,780,772,1251,585,666,1505,722,783,1465,714,751,1540,741,799,1698,775,923,1638,755,883,1412,657,755,1390,636,754,1121,496,625,747,343,404,710,274,436,45.2,43.7,46.7
050,115,Quebradillas Municipio,5,23251,11125,12126,721,374,347,1870,926,944,1034,523,511,1960,1000,960,20143,9571,10572,19626,9302,10324,8603,4284,4319,5865,2887,2978,6337,2987,3350,5464,2428,3036,721,374,347,884,435,449,1242,617,625,1323,687,636,1415,710,705,1532,779,753,1591,806,785,1260,600,660,1482,702,780,1478,720,758,1527,739,788,1669,768,901,1663,760,903,1425,651,774,1336,606,730,1177,516,661,785,362,423,741,293,448,45.6,44.1,47.1
050,115,Quebradillas Municipio,6,23301,11147,12154,681,350,331,1794,897,897,1027,518,509,1953,1003,950,20320,9644,10676,19799,9382,10417,8620,4285,4335,5889,2893,2996,6344,3007,3337,5613,2479,3134,681,350,331,846,433,413,1197,593,604,1305,671,634,1426,721,705,1513,767,746,1615,823,792,1331,638,693,1430,665,765,1511,742,769,1517,733,784,1627,763,864,1689,769,920,1461,658,803,1337,609,728,1205,519,686,808,375,433,802,318,484,46,44.4,47.6
050,117,Rincón Municipio,1,15187,7292,7895,436,219,217,1271,650,621,583,303,280,1172,581,591,13187,6270,6917,12897,6120,6777,4987,2397,2590,3380,1590,1790,4372,2172,2200,3973,1777,2196,436,219,217,643,320,323,776,407,369,771,399,372,836,408,428,800,367,433,719,323,396,817,387,430,1044,513,531,1020,534,486,1092,541,551,1147,558,589,1113,539,574,1033,487,546,1044,496,548,819,364,455,549,253,296,528,177,351,48.8,47.9,49.7
050,117,Rincón Municipio,2,15205,7309,7896,429,214,215,1256,641,615,587,307,280,1167,580,587,13222,6298,6924,12933,6147,6786,4979,2397,2582,3377,1590,1787,4396,2190,2206,3993,1787,2206,429,214,215,636,318,318,772,403,369,763,393,370,839,414,425,799,368,431,727,324,403,804,383,421,1047,515,532,1023,539,484,1101,547,554,1161,566,595,1111,538,573,1029,488,541,1037,494,543,829,367,462,560,259,301,538,179,359,48.9,48.1,49.8
050,117,Rincón Municipio,3,15332,7360,7972,403,201,202,1192,604,588,607,321,286,1142,572,570,13420,6387,7033,13130,6234,6896,4969,2391,2578,3386,1587,1799,4450,2223,2227,4152,1852,2300,403,201,202,603,306,297,755,387,368,735,377,358,848,427,421,812,378,434,759,326,433,768,372,396,1047,511,536,1033,544,489,1115,558,557,1186,582,604,1116,539,577,1050,509,541,1029,493,536,868,371,497,611,280,331,594,199,395,49.5,48.7,50.5
050,117,Rincón Municipio,4,15306,7332,7974,379,198,181,1114,564,550,610,318,292,1102,555,547,13493,6402,7091,13203,6252,6951,4888,2342,2546,3333,1550,1783,4480,2236,2244,4288,1911,2377,379,198,181,562,288,274,709,357,352,729,380,349,826,412,414,824,381,443,770,332,438,744,359,385,995,478,517,1057,546,511,1112,566,546,1192,588,604,1119,536,583,1083,541,542,1014,481,533,907,388,519,649,295,354,635,206,429,50.3,49.4,51.2
050,117,Rincón Municipio,5,15420,7369,8051,363,184,179,1051,531,520,618,323,295,1078,546,532,13699,6495,7204,13388,6331,7057,4881,2339,2542,3336,1549,1787,4528,2256,2272,4446,1980,2466,363,184,179,528,270,258,674,340,334,744,389,355,801,401,400,842,379,463,799,356,443,749,363,386,946,451,495,1076,547,529,1117,568,549,1195,589,606,1140,552,588,1132,566,566,992,470,522,944,409,535,683,308,375,695,227,468,50.9,50,51.8
050,117,Rincón Municipio,6,15625,7464,8161,362,182,180,995,510,485,612,317,295,1062,538,524,13977,6623,7354,13656,6455,7201,4920,2357,2563,3385,1572,1813,4606,2295,2311,4603,2050,2553,362,182,180,478,251,227,656,329,327,758,393,365,777,392,385,870,395,475,841,378,463,758,355,403,916,444,472,1099,549,550,1117,572,545,1186,586,600,1204,588,616,1156,571,585,995,472,523,964,435,529,722,317,405,766,255,511,51.4,50.6,52.3
050,119,Río Grande Municipio,1,47060,22495,24565,1515,769,746,4160,2118,2042,2246,1158,1088,4413,2260,2153,40261,19025,21236,39139,18450,20689,18057,9077,8980,11954,5947,6007,12650,5861,6789,10122,4382,5740,1515,769,746,2141,1076,1065,2575,1330,1245,2903,1467,1436,3200,1663,1537,3460,1788,1672,2868,1453,1415,2670,1292,1378,2956,1414,1542,3165,1474,1691,3335,1554,1781,3250,1487,1763,2900,1346,1554,2775,1165,1610,2792,1268,1524,2068,920,1148,1343,604,739,1144,425,719,43.7,41.4,45.8
050,119,Río Grande Municipio,2,47007,22476,24531,1495,767,728,4113,2089,2024,2231,1152,1079,4384,2241,2143,40289,19045,21244,39168,18468,20700,18029,9070,8959,11960,5960,6000,12632,5855,6777,10192,4412,5780,1495,767,728,2115,1062,1053,2544,1310,1234,2886,1462,1424,3183,1648,1535,3454,1791,1663,2910,1476,1434,2651,1284,1367,2945,1409,1536,3145,1462,1683,3325,1553,1772,3265,1495,1770,2897,1345,1552,2772,1168,1604,2784,1258,1526,2085,927,1158,1373,615,758,1178,444,734,43.9,41.5,45.9
050,119,Río Grande Municipio,3,46576,22229,24347,1429,752,677,3918,1981,1937,2171,1121,1050,4273,2165,2108,40170,18951,21219,39058,18375,20683,17852,8973,8879,11925,5952,5973,12539,5799,6740,10321,4459,5862,1429,752,677,1990,997,993,2445,1249,1196,2793,1430,1363,3134,1591,1543,3414,1796,1618,3052,1537,1515,2572,1241,1331,2887,1378,1509,3064,1419,1645,3265,1523,1742,3305,1508,1797,2905,1349,1556,2724,1164,1560,2737,1203,1534,2169,964,1205,1440,637,803,1251,491,760,44.3,41.9,46.4
050,119,Río Grande Municipio,4,45820,21794,24026,1374,719,655,3661,1845,1816,2078,1069,1009,4097,2074,2023,39784,18719,21065,38707,18161,20546,17455,8756,8699,11774,5865,5909,12417,5717,6700,10419,4505,5914,1374,719,655,1808,910,898,2347,1187,1160,2656,1373,1283,3025,1518,1507,3329,1757,1572,3160,1586,1574,2514,1215,1299,2771,1307,1464,2992,1391,1601,3177,1472,1705,3323,1513,1810,2925,1341,1584,2687,1173,1514,2665,1136,1529,2270,1018,1252,1461,648,813,1336,530,806,44.9,42.5,46.9
050,119,Río Grande Municipio,5,45554,21633,23921,1404,733,671,3441,1729,1712,2008,1033,975,4003,2045,1958,39731,18668,21063,38701,18138,20563,17334,8720,8614,11810,5895,5915,12344,5647,6697,10544,4551,5993,1404,733,671,1659,839,820,2269,1143,1126,2587,1336,1251,2937,1489,1448,3289,1732,1557,3287,1650,1637,2544,1246,1298,2690,1267,1423,2941,1360,1581,3151,1452,1699,3268,1479,1789,2984,1356,1628,2686,1201,1485,2588,1064,1524,2338,1069,1269,1503,646,857,1429,571,858,45.2,42.7,47.3
050,119,Río Grande Municipio,6,45297,21379,23918,1412,741,671,3266,1643,1623,1941,995,946,3938,2016,1922,39674,18509,21165,38678,18000,20678,17178,8577,8601,11755,5798,5957,12257,5567,6690,10728,4619,6109,1412,741,671,1561,787,774,2161,1088,1073,2548,1320,1228,2875,1459,1416,3207,1660,1547,3310,1641,1669,2630,1286,1344,2608,1211,1397,2866,1313,1553,3117,1419,1698,3214,1452,1762,3060,1383,1677,2684,1215,1469,2539,1038,1501,2382,1081,1301,1603,676,927,1520,609,911,45.6,43.1,47.7
050,121,Sabana Grande Municipio,1,22729,10654,12075,826,453,373,2160,1096,1064,1055,553,502,2063,1028,1035,19197,8820,10377,18688,8552,10136,8165,3977,4188,5316,2542,2774,5805,2615,3190,5504,2367,3137,826,453,373,1134,570,564,1295,672,623,1330,692,638,1519,743,776,1499,739,760,1227,589,638,1204,577,627,1386,637,749,1468,686,782,1424,675,749,1422,600,822,1491,654,837,1422,648,774,1469,631,838,1100,469,631,825,345,480,688,274,414,44.8,42.4,47
050,121,Sabana Grande Municipio,2,22700,10630,12070,806,442,364,2143,1088,1055,1058,553,505,2046,1023,1023,19210,8817,10393,18693,8547,10146,8159,3979,4180,5321,2546,2775,5795,2605,3190,5531,2373,3158,806,442,364,1119,563,556,1290,668,622,1329,694,635,1509,739,770,1508,743,765,1240,595,645,1193,572,621,1380,636,744,1465,684,781,1431,677,754,1407,594,813,1492,650,842,1419,646,773,1461,627,834,1117,475,642,831,348,483,703,277,426,44.9,42.4,47.1
050,121,Sabana Grande Municipio,3,22624,10585,12039,754,417,337,2069,1053,1016,1055,547,508,1979,1001,978,19284,8843,10441,18746,8568,10178,8125,3982,4143,5344,2564,2780,5764,2580,3184,5659,2423,3236,754,417,337,1059,539,520,1263,644,619,1306,688,618,1475,730,745,1539,753,786,1300,625,675,1151,555,596,1354,631,723,1443,668,775,1459,689,770,1361,580,781,1501,643,858,1416,644,772,1433,616,817,1174,494,680,866,362,504,770,307,463,45.4,42.8,47.7
050,121,Sabana Grande Municipio,4,22337,10411,11926,720,390,330,1949,1002,947,1024,527,497,1900,968,932,19171,8767,10404,18644,8492,10152,7974,3907,4067,5299,2537,2762,5709,2560,3149,5736,2427,3309,720,390,330,981,514,467,1217,613,604,1269,659,610,1406,711,695,1529,744,785,1354,645,709,1107,533,574,1309,615,694,1409,651,758,1468,684,784,1342,590,752,1490,635,855,1414,632,782,1398,604,794,1209,498,711,888,373,515,827,320,507,46,43.2,48.3
050,121,Sabana Grande Municipio,5,22189,10324,11865,677,366,311,1845,959,886,1010,519,491,1855,951,904,19161,8744,10417,18657,8480,10177,7933,3887,4046,5326,2548,2778,5660,2542,3118,5816,2439,3377,677,366,311,910,487,423,1193,603,590,1268,651,617,1339,688,651,1535,746,789,1408,671,737,1124,542,582,1259,589,670,1389,648,741,1453,668,785,1347,613,734,1471,613,858,1415,622,793,1373,600,773,1256,511,745,891,364,527,881,342,539,46.4,43.5,48.8
050,121,Sabana Grande Municipio,6,22183,10312,11871,628,323,305,1767,930,837,1003,512,491,1829,946,883,19280,8797,10483,18785,8547,10238,7981,3920,4061,5397,2592,2805,5625,2527,3098,5934,2482,3452,628,323,305,861,473,388,1154,587,567,1272,652,620,1312,676,636,1538,744,794,1464,710,754,1175,563,612,1220,575,645,1373,633,740,1452,668,784,1364,633,731,1436,593,843,1421,616,805,1337,584,753,1306,540,766,911,366,545,959,376,583,46.8,43.8,49.1
050,123,Salinas Municipio,1,25789,12499,13290,919,474,445,2602,1342,1260,1284,679,605,2392,1237,1155,21621,10347,11274,20984,10004,10980,9877,4962,4915,6527,3216,3311,6627,3164,3463,5438,2387,3051,919,474,445,1325,666,659,1603,846,757,1633,860,773,1717,886,831,1815,925,890,1493,737,756,1548,746,802,1671,808,863,1692,834,858,1618,777,841,1688,813,875,1629,740,889,1564,701,863,1468,679,789,1025,443,582,715,303,412,666,261,405,42.5,40.6,44.2
050,123,Salinas Municipio,2,25721,12461,13260,893,460,433,2575,1325,1250,1282,679,603,2361,1225,1136,21606,10336,11270,20971,9997,10974,9843,4946,4897,6526,3215,3311,6622,3166,3456,5462,2391,3071,893,460,433,1306,655,651,1595,843,752,1620,854,766,1697,877,820,1810,922,888,1517,754,763,1526,729,797,1673,810,863,1686,831,855,1622,780,842,1683,811,872,1631,744,887,1565,701,864,1462,675,787,1039,447,592,724,303,421,672,265,407,42.6,40.8,44.4
050,123,Salinas Municipio,3,25472,12347,13125,833,432,401,2452,1253,1199,1287,687,600,2264,1184,1080,21536,10309,11227,20900,9975,10925,9726,4909,4817,6502,3218,3284,6555,3146,3409,5579,2427,3152,833,432,401,1225,614,611,1554,819,735,1576,837,739,1648,854,794,1793,915,878,1603,818,785,1436,672,764,1670,813,857,1649,807,842,1637,797,840,1642,792,850,1627,750,877,1568,702,866,1447,665,782,1101,470,631,753,312,441,710,278,432,43.1,41.2,45
050,123,Salinas Municipio,4,24990,12105,12885,781,410,371,2290,1171,1119,1269,685,584,2157,1124,1033,21282,10178,11104,20650,9839,10811,9504,4816,4688,6394,3175,3219,6448,3094,3354,5651,2446,3205,781,410,371,1138,578,560,1468,761,707,1536,825,711,1574,816,758,1739,886,853,1654,858,796,1366,642,724,1635,789,846,1595,776,819,1645,803,842,1599,770,829,1609,745,864,1567,699,868,1391,630,761,1160,501,659,769,311,458,764,305,459,43.8,41.8,45.7
050,123,Salinas Municipio,5,24706,11946,12760,747,384,363,2149,1105,1044,1257,681,576,2106,1102,1004,21190,10129,11061,20553,9776,10777,9395,4779,4616,6338,3156,3182,6389,3064,3325,5720,2454,3266,747,384,363,1051,543,508,1404,722,682,1538,826,712,1519,797,722,1702,857,845,1693,889,804,1351,637,714,1592,773,819,1590,770,820,1640,807,833,1553,746,807,1606,741,865,1562,690,872,1376,618,758,1199,519,680,780,309,471,803,318,485,44.3,42.2,46.3
050,123,Salinas Municipio,6,24504,11813,12691,742,395,347,2004,1031,973,1241,674,567,2079,1084,995,21154,10067,11087,20517,9713,10804,9304,4726,4578,6281,3126,3155,6342,3036,3306,5815,2467,3348,742,395,347,954,494,460,1347,695,652,1543,836,707,1480,764,716,1660,841,819,1721,885,836,1372,655,717,1528,745,783,1586,765,821,1629,798,831,1527,725,802,1600,748,852,1538,674,864,1386,609,777,1223,529,694,807,323,484,861,332,529,44.7,42.5,46.8
050,125,San Germán Municipio,1,31879,15463,16416,1125,588,537,2901,1503,1398,1506,786,720,2963,1509,1454,27099,12977,14122,26347,12586,13761,11056,5607,5449,6957,3505,3452,8011,3825,4186,8416,3747,4669,1125,588,537,1556,813,743,1715,883,832,1950,1024,926,2149,1078,1071,1955,1014,941,1655,835,820,1595,781,814,1752,875,877,1822,844,978,1978,984,994,2087,992,1095,2124,1005,1119,2083,971,1112,2138,993,1145,1765,830,935,1205,499,706,1225,454,771,46.4,44.1,48.4
050,125,San Germán Municipio,2,31826,15434,16392,1093,571,522,2890,1498,1392,1506,783,723,2945,1503,1442,27097,12977,14120,26337,12582,13755,11040,5602,5438,6952,3503,3449,7982,3811,4171,8458,3765,4693,1093,571,522,1544,807,737,1709,878,831,1943,1022,921,2145,1077,1068,1957,1014,943,1669,843,826,1577,773,804,1749,873,876,1811,839,972,1972,980,992,2083,992,1091,2116,1000,1116,2075,968,1107,2141,994,1147,1783,843,940,1206,500,706,1253,460,793,46.5,44.2,48.6
050,125,San Germán Municipio,3,31582,15342,16240,977,515,462,2847,1479,1368,1492,764,728,2816,1457,1359,27048,12990,14058,26266,12584,13682,10900,5554,5346,6932,3501,3431,7895,3777,4118,8623,3849,4774,977,515,462,1488,777,711,1699,870,829,1891,995,896,2077,1058,1019,1955,1005,950,1735,889,846,1519,746,773,1723,861,862,1769,822,947,1961,966,995,2069,997,1072,2096,992,1104,2070,967,1103,2114,979,1135,1832,867,965,1249,522,727,1358,514,844,47,44.8,49.2
050,125,San Germán Municipio,4,31169,15140,16029,897,470,427,2724,1414,1310,1443,739,704,2755,1432,1323,26865,12911,13954,26105,12517,13588,10691,5441,5250,6834,3447,3387,7783,3725,4058,8733,3913,4820,897,470,427,1372,718,654,1693,873,820,1846,950,896,2011,1044,967,1905,974,931,1764,909,855,1496,735,761,1669,829,840,1715,816,899,1946,942,1004,2029,993,1036,2093,974,1119,2073,985,1088,2032,939,1093,1895,884,1011,1313,568,745,1420,537,883,47.6,45.4,49.8
050,125,San Germán Municipio,5,30970,15044,15926,844,432,412,2620,1366,1254,1424,727,697,2737,1425,1312,26806,12883,13923,26082,12519,13563,10663,5433,5230,6854,3464,3390,7683,3691,3992,8808,3939,4869,844,432,412,1293,678,615,1679,871,808,1840,943,897,1969,1026,943,1899,974,925,1795,930,865,1512,755,757,1648,805,843,1705,835,870,1896,903,993,2009,996,1013,2073,957,1116,2074,992,1082,1950,908,1042,1945,888,1057,1347,597,750,1492,554,938,47.9,45.6,50.2
050,125,San Germán Municipio,6,30980,15062,15918,819,422,397,2503,1305,1198,1431,732,699,2713,1421,1292,26940,12963,13977,26227,12603,13624,10721,5476,5245,6933,3507,3426,7613,3669,3944,8968,4006,4962,819,422,397,1209,630,579,1650,859,791,1843,948,895,1945,1021,924,1941,990,951,1823,941,882,1558,789,769,1611,787,824,1724,857,867,1827,855,972,1988,988,1000,2074,969,1105,2076,985,1091,1936,912,1024,1929,873,1056,1434,643,791,1593,593,1000,48.2,45.9,50.5
050,127,San Juan Municipio,1,342259,156604,185655,12610,6479,6131,28424,14236,14188,15178,7569,7609,32270,15432,16838,293841,132226,161615,286047,128320,157727,127004,60386,66618,83233,39220,44013,88878,40601,48277,81666,33067,48599,12610,6479,6131,15022,7652,7370,17079,8419,8660,20411,9989,10422,23360,11177,12183,23106,11234,11872,20408,9725,10683,19501,8951,10550,20218,9310,10908,20521,9554,10967,21942,10279,11663,23640,10702,12938,22775,10066,12709,21301,8950,12351,19366,8137,11229,14975,6190,8785,11212,4560,6652,14812,5230,9582,44.9,42.5,46.9
050,127,San Juan Municipio,2,341672,156288,185384,12339,6349,5990,28202,14121,14081,15093,7517,7576,32138,15377,16761,293770,132168,161602,286038,128301,157737,126783,60295,66488,83204,39219,43985,88494,40411,48083,82202,33294,48908,12339,6349,5990,14914,7597,7317,16940,8342,8598,20230,9918,10312,23349,11158,12191,23080,11230,11850,20557,9798,10759,19364,8895,10469,20203,9296,10907,20392,9471,10921,21819,10219,11600,23536,10656,12880,22747,10065,12682,21345,8970,12375,19422,8149,11273,15153,6255,8898,11300,4603,6697,14982,5317,9665,45,42.6,47
050,127,San Juan Municipio,3,339296,155179,184117,11416,5921,5495,27313,13681,13632,14761,7279,7482,31527,15115,16412,293361,132025,161336,285806,128298,157508,126116,60124,65992,83338,39451,43887,86954,39700,47254,83987,34032,49955,11416,5921,5495,14410,7342,7068,16413,8060,8353,19592,9597,9995,23186,11076,12110,23149,11315,11834,21109,10127,10982,18904,8731,10173,20176,9278,10898,19960,9212,10748,21348,9995,11353,23078,10483,12595,22568,10010,12558,21433,9029,12404,19577,8161,11416,15745,6464,9281,11583,4747,6836,15649,5631,10018,45.3,42.9,47.4
050,127,San Juan Municipio,4,334591,152801,181790,10700,5581,5119,25933,13008,12925,14296,6966,7330,30350,14558,15792,291104,130884,160220,283662,127246,156416,123792,58984,64808,82488,39078,43410,85343,38982,46361,85481,34628,50853,10700,5581,5119,13476,6855,6621,15799,7771,8028,18780,9161,9619,22524,10745,11779,22966,11157,11809,21181,10227,10954,18492,8608,9884,19849,9086,10763,19630,9002,10628,20796,9735,11061,22554,10310,12244,22363,9935,12428,21402,9081,12321,19554,8087,11467,16345,6675,9670,11889,4836,7053,16291,5949,10342,45.9,43.5,47.9
050,127,San Juan Municipio,5,332789,151917,180872,10390,5410,4980,24824,12512,12312,14008,6772,7236,29676,14251,15425,290870,130770,160100,283567,127223,156344,122966,58623,64343,82597,39192,43405,84154,38423,45731,87140,35357,51783,10390,5410,4980,12714,6475,6239,15425,7629,7796,18354,8855,9499,22015,10576,11439,23042,11125,11917,21523,10461,11062,18467,8670,9797,19565,8936,10629,19571,8931,10640,20398,9543,10855,21877,10033,11844,22308,9916,12392,21284,9076,12208,19642,8075,11567,16818,6832,9986,12403,5047,7356,16993,6327,10666,46.2,43.8,48.3
050,127,San Juan Municipio,6,332454,151784,180670,9932,5197,4735,24019,12198,11821,13709,6581,7128,29415,14171,15244,291904,131224,160680,284794,127808,156986,123030,58648,64382,83119,39440,43679,83119,37980,45139,89141,36217,52924,9932,5197,4735,12148,6215,5933,15084,7527,7557,18241,8733,9508,21670,10475,11195,23141,11073,12068,21883,10675,11208,18812,8902,9910,19283,8790,10493,19546,8907,10639,20106,9383,10723,21180,9783,11397,22287,9907,12380,21217,9085,12132,19721,8065,11656,17357,7043,10314,12877,5211,7666,17969,6813,11156,46.5,44.1,48.6
050,129,San Lorenzo Municipio,1,37693,18306,19387,1279,647,632,3386,1728,1658,1793,901,892,3367,1713,1654,32129,15475,16654,31235,15030,16205,14258,7007,7251,9539,4616,4923,10611,5111,5500,7718,3590,4128,1279,647,632,1749,866,883,2078,1085,993,2264,1140,1124,2455,1251,1204,2612,1257,1355,2241,1112,1129,2299,1093,1206,2387,1154,1233,2389,1180,1209,2647,1251,1396,2838,1374,1464,2737,1306,1431,2319,1063,1256,1881,901,980,1507,732,775,1010,447,563,1001,447,554,43.9,43,44.7
050,129,San Lorenzo Municipio,2,37671,18288,19383,1262,642,620,3352,1705,1647,1792,905,887,3354,1704,1650,32162,15484,16678,31265,15036,16229,14249,7004,7245,9544,4621,4923,10580,5089,5491,7787,3622,4165,1262,642,620,1732,856,876,2061,1075,986,2258,1139,1119,2447,1244,1203,2603,1258,1345,2265,1120,1145,2283,1089,1194,2393,1154,1239,2376,1172,1204,2634,1245,1389,2826,1370,1456,2744,1302,1442,2343,1081,1262,1889,902,987,1513,730,783,1023,454,569,1019,455,564,44,43.1,44.9
050,129,San Lorenzo Municipio,3,37632,18271,19361,1168,594,574,3216,1616,1600,1783,920,863,3295,1662,1633,32369,15599,16770,31465,15141,16324,14250,7023,7227,9610,4676,4934,10507,5045,5462,8053,3758,4295,1168,594,574,1662,816,846,1992,1035,957,2225,1130,1095,2415,1217,1198,2572,1261,1311,2380,1168,1212,2242,1091,1151,2416,1156,1260,2336,1146,1190,2606,1242,1364,2785,1356,1429,2780,1301,1479,2419,1151,1268,1948,907,1041,1527,738,789,1070,468,602,1089,494,595,44.5,43.6,45.3
050,129,San Lorenzo Municipio,4,37245,18057,19188,1080,544,536,3027,1507,1520,1735,911,824,3174,1588,1586,32289,15552,16737,31403,15095,16308,14039,6931,7108,9546,4653,4893,10413,4975,5438,8270,3879,4391,1080,544,536,1540,750,790,1903,978,925,2180,1117,1063,2313,1161,1152,2520,1250,1270,2439,1183,1256,2194,1081,1113,2393,1139,1254,2309,1112,1197,2561,1238,1323,2742,1322,1420,2801,1303,1498,2447,1175,1272,2000,925,1075,1559,744,815,1106,492,614,1158,543,615,45.1,44.3,45.9
050,129,San Lorenzo Municipio,5,37242,18065,19177,1060,527,533,2882,1432,1450,1677,886,791,3114,1548,1566,32496,15683,16813,31623,15220,16403,14005,6926,7079,9601,4693,4908,10358,4956,5402,8550,4023,4527,1060,527,533,1434,707,727,1835,926,909,2158,1122,1036,2246,1111,1135,2519,1269,1250,2522,1210,1312,2174,1081,1093,2386,1133,1253,2334,1122,1212,2498,1219,1279,2717,1297,1420,2809,1318,1491,2491,1189,1302,2053,949,1104,1600,764,836,1174,542,632,1232,579,653,45.6,44.8,46.4
050,129,San Lorenzo Municipio,6,37363,18127,19236,1012,496,516,2770,1383,1387,1623,856,767,3092,1531,1561,32821,15858,16963,31958,15392,16566,14054,6957,7097,9709,4756,4953,10278,4929,5349,8879,4176,4703,1012,496,516,1360,683,677,1780,886,894,2125,1118,1007,2220,1083,1137,2522,1278,1244,2606,1246,1360,2212,1105,1107,2369,1127,1242,2363,1137,1226,2446,1202,1244,2671,1263,1408,2798,1327,1471,2577,1219,1358,2086,944,1142,1628,782,846,1263,605,658,1325,626,699,46,45.2,46.8
050,131,San Sebastián Municipio,1,39345,19081,20264,1305,667,638,3699,1888,1811,1829,934,895,3330,1726,1604,33383,16027,17356,32512,15592,16920,13650,6869,6781,8982,4465,4517,10467,4897,5570,9733,4504,5229,1305,667,638,1891,991,900,2299,1153,1146,2244,1149,1095,2424,1255,1169,2279,1156,1123,2071,1035,1036,2217,1086,1131,2415,1188,1227,2459,1175,1284,2389,1116,1273,2760,1268,1492,2859,1338,1521,2720,1290,1430,2688,1237,1451,1940,926,1014,1269,583,686,1116,468,648,46,44.4,47.6
050,131,San Sebastián Municipio,2,39311,19063,20248,1290,659,631,3651,1863,1788,1838,941,897,3310,1717,1593,33410,16042,17368,32532,15600,16932,13627,6862,6765,8966,4457,4509,10459,4893,5566,9797,4533,5264,1290,659,631,1860,976,884,2278,1140,1138,2243,1150,1093,2418,1255,1163,2283,1158,1125,2092,1049,1043,2190,1066,1124,2401,1184,1217,2469,1184,1285,2379,1108,1271,2756,1267,1489,2855,1334,1521,2730,1294,1436,2680,1235,1445,1974,942,1032,1284,588,696,1129,474,655,46.1,44.6,47.7
050,131,San Sebastián Municipio,3,39276,19040,20236,1227,627,600,3478,1773,1705,1865,958,907,3223,1673,1550,33617,16152,17465,32706,15682,17024,13620,6886,6734,9001,4491,4510,10429,4884,5545,10053,4634,5419,1227,627,600,1747,916,831,2200,1093,1107,2239,1151,1088,2380,1244,1136,2319,1173,1146,2189,1114,1075,2117,1020,1097,2376,1184,1192,2506,1210,1296,2341,1084,1257,2735,1256,1479,2847,1334,1513,2757,1294,1463,2654,1229,1425,2131,1022,1109,1325,591,734,1186,498,688,46.6,45,48.2
050,131,San Sebastián Municipio,4,38953,18875,20078,1174,609,565,3276,1673,1603,1845,937,908,3093,1604,1489,33598,16147,17451,32658,15656,17002,13471,6803,6668,8977,4477,4500,10324,4858,5466,10264,4717,5547,1174,609,565,1611,831,780,2109,1057,1052,2234,1143,1091,2260,1183,1077,2350,1177,1173,2231,1153,1078,2036,980,1056,2360,1167,1193,2483,1208,1275,2331,1082,1249,2684,1239,1445,2826,1329,1497,2781,1294,1487,2585,1218,1367,2259,1065,1194,1390,619,771,1249,521,728,47.2,45.6,48.8
050,131,San Sebastián Municipio,5,38899,18834,20065,1167,596,571,3111,1597,1514,1813,908,905,3049,1582,1467,33742,16212,17530,32808,15733,17075,13492,6807,6685,9067,4532,4535,10271,4841,5430,10421,4778,5643,1167,596,571,1502,758,744,2046,1054,992,2243,1142,1101,2182,1133,1049,2414,1220,1194,2281,1175,1106,2034,988,1046,2338,1149,1189,2485,1215,1270,2366,1110,1256,2603,1204,1399,2817,1312,1505,2836,1327,1509,2518,1187,1331,2336,1073,1263,1441,648,793,1290,543,747,47.6,45.9,49.1
050,131,San Sebastián Municipio,6,38999,18883,20116,1122,575,547,2976,1535,1441,1761,876,885,3082,1597,1485,34043,16346,17697,33140,15897,17243,13596,6868,6728,9173,4606,4567,10233,4827,5406,10652,4867,5785,1122,575,547,1420,710,710,1976,1036,940,2260,1148,1112,2163,1114,1049,2436,1244,1192,2337,1189,1148,2096,1039,1057,2304,1134,1170,2457,1196,1261,2450,1164,1286,2503,1164,1339,2823,1303,1520,2852,1336,1516,2550,1202,1348,2370,1063,1307,1490,679,811,1390,587,803,47.9,46.1,49.5
050,133,Santa Isabel Municipio,1,20281,9730,10551,742,374,368,2071,1038,1033,1115,568,547,2042,1047,995,16895,8030,8865,16353,7750,8603,8393,3999,4394,5513,2523,2990,5270,2564,2706,3528,1616,1912,742,374,368,1037,535,502,1311,642,669,1410,721,689,1470,755,715,1495,690,805,1185,527,658,1249,570,679,1584,736,848,1593,771,822,1338,638,700,1225,604,621,1114,551,563,978,471,507,999,463,536,701,319,382,467,205,262,383,158,225,40.8,40.4,41.1
050,133,Santa Isabel Municipio,2,20273,9721,10552,745,376,369,2045,1024,1021,1112,563,549,2025,1037,988,16920,8039,8881,16371,7758,8613,8368,3983,4385,5504,2519,2985,5295,2575,2720,3547,1627,1920,745,376,369,1023,527,496,1295,633,662,1400,712,688,1464,752,712,1496,693,803,1202,535,667,1228,560,668,1578,731,847,1592,769,823,1352,648,704,1231,604,627,1120,554,566,978,470,508,994,463,531,718,326,392,467,205,262,390,163,227,40.9,40.5,41.3
050,133,Santa Isabel Municipio,3,20112,9629,10483,711,352,359,1927,967,960,1089,544,545,1970,1011,959,16949,8050,8899,16385,7766,8619,8307,3958,4349,5504,2530,2974,5353,2600,2753,3558,1625,1933,711,352,359,951,491,460,1232,603,629,1355,682,673,1448,746,702,1511,709,802,1297,584,713,1158,531,627,1538,706,832,1583,756,827,1401,685,716,1248,606,642,1121,553,568,977,471,506,959,444,515,752,339,413,474,207,267,396,164,232,41.4,40.9,41.7
050,133,Santa Isabel Municipio,4,19802,9480,10322,700,349,351,1776,897,879,1035,513,522,1904,972,932,16829,7988,8841,16291,7721,8570,8110,3857,4253,5419,2495,2924,5396,2625,2771,3572,1629,1943,700,349,351,865,454,411,1159,566,593,1302,652,650,1389,710,679,1499,711,788,1366,622,744,1106,502,604,1448,660,788,1576,744,832,1460,734,726,1244,599,645,1116,548,568,986,480,506,920,421,499,785,352,433,469,209,260,412,167,245,41.9,41.5,42.3
050,133,Santa Isabel Municipio,5,19675,9421,10254,694,350,344,1658,844,814,992,484,508,1878,949,929,16833,7989,8844,16331,7743,8588,8053,3828,4225,5428,2512,2916,5433,2642,2791,3592,1640,1952,694,350,344,809,420,389,1094,541,553,1279,633,646,1346,683,663,1499,727,772,1455,667,788,1103,492,611,1371,626,745,1571,739,832,1511,764,747,1240,595,645,1111,544,567,995,476,519,885,420,465,796,352,444,480,219,261,436,173,263,42.2,41.7,42.6
050,133,Santa Isabel Municipio,6,19651,9399,10252,673,340,333,1554,798,756,965,463,502,1853,924,929,16946,8038,8908,16459,7798,8661,8064,3831,4233,5480,2551,2929,5497,2667,2830,3629,1656,1973,673,340,333,759,386,373,1029,519,510,1248,610,638,1336,670,666,1513,749,764,1513,692,821,1152,511,641,1302,599,703,1559,730,829,1545,774,771,1256,605,651,1137,558,579,1011,486,525,866,409,457,805,356,449,492,222,270,455,183,272,42.6,42,43
050,135,Toa Alta Municipio,1,66852,31947,34905,2154,1104,1050,6562,3309,3253,3421,1729,1692,6770,3412,3358,56426,26674,29752,54715,25805,28910,27824,13615,14209,18467,8887,9580,18890,8784,10106,10588,4722,5866,2154,1104,1050,3324,1696,1628,4072,2026,2046,4456,2294,2162,4901,2434,2467,5172,2498,2674,4540,2230,2310,4073,1931,2142,4682,2228,2454,4795,2274,2521,4897,2295,2602,4954,2245,2709,4244,1970,2274,3364,1573,1791,2726,1264,1462,1990,868,1122,1339,585,754,1169,432,737,40.8,39.4,42
050,135,Toa Alta Municipio,2,66845,31939,34906,2103,1068,1035,6488,3278,3210,3404,1717,1687,6735,3393,3342,56560,26745,29815,54850,25876,28974,27808,13609,14199,18499,8909,9590,18900,8793,10107,10716,4781,5935,2103,1068,1035,3273,1676,1597,4045,2012,2033,4415,2266,2149,4894,2434,2460,5167,2496,2671,4611,2266,2345,4049,1924,2125,4672,2223,2449,4770,2260,2510,4886,2292,2594,4957,2254,2703,4287,1987,2300,3394,1586,1808,2751,1273,1478,2016,883,1133,1357,590,767,1198,449,749,40.9,39.6,42.1
050,135,Toa Alta Municipio,3,66715,31868,34847,1955,982,973,6186,3152,3034,3340,1670,1670,6584,3314,3270,56939,26932,30007,55234,26064,29170,27796,13626,14170,18684,9039,9645,18881,8783,10098,11085,4928,6157,1955,982,973,3068,1593,1475,3930,1956,1974,4243,2149,2094,4869,2438,2431,5184,2511,2673,4905,2415,2490,3992,1928,2064,4603,2185,2418,4689,2213,2476,4834,2276,2558,4956,2277,2679,4402,2017,2385,3506,1631,1875,2812,1293,1519,2094,912,1182,1414,619,795,1259,473,786,41.4,39.9,42.6
050,135,Toa Alta Municipio,4,66020,31480,34540,1896,957,939,5768,2948,2820,3223,1597,1626,6333,3200,3133,56781,26800,29981,55133,25978,29155,27398,13399,13999,18620,8989,9631,18756,8723,10033,11424,5066,6358,1896,957,939,2803,1462,1341,3743,1873,1870,4076,2035,2041,4702,2375,2327,5152,2494,2658,5060,2466,2594,3979,1946,2033,4429,2083,2346,4617,2166,2451,4791,2266,2525,4872,2264,2608,4476,2027,2449,3620,1683,1937,2841,1308,1533,2167,940,1227,1483,642,841,1313,493,820,41.9,40.4,43.2
050,135,Toa Alta Municipio,5,65918,31428,34490,1880,963,917,5384,2754,2630,3157,1559,1598,6192,3141,3051,57092,26932,30160,55497,26152,29345,27386,13401,13985,18825,9096,9729,18698,8693,10005,11782,5222,6560,1880,963,917,2574,1341,1233,3598,1808,1790,4000,1990,2010,4561,2315,2246,5164,2518,2646,5243,2532,2711,4149,2034,2115,4269,2012,2257,4608,2163,2445,4755,2248,2507,4783,2237,2546,4552,2045,2507,3721,1720,2001,2907,1333,1574,2239,982,1257,1573,676,897,1342,511,831,42.2,40.6,43.6
050,135,Toa Alta Municipio,6,66100,31511,34589,1821,936,885,5021,2580,2441,3140,1559,1581,6095,3086,3009,57690,27211,30479,56118,26436,29682,27615,13521,14094,19158,9264,9894,18654,8673,9981,12211,5413,6798,1821,936,885,2367,1232,1135,3432,1736,1696,3978,1975,2003,4479,2282,2197,5173,2528,2645,5418,2605,2813,4417,2166,2251,4150,1965,2185,4601,2171,2430,4699,2219,2480,4699,2189,2510,4655,2094,2561,3853,1774,2079,3010,1378,1632,2314,1026,1288,1622,677,945,1412,558,854,42.5,40.8,43.9
050,137,Toa Baja Municipio,1,75293,34984,40309,2555,1317,1238,6993,3532,3461,3564,1777,1787,7191,3586,3605,63991,29272,34719,62181,28358,33823,29686,14401,15285,19801,9465,10336,19391,8677,10714,15798,6630,9168,2555,1317,1238,3650,1878,1772,4213,2081,2132,4706,2333,2373,5179,2603,2576,5268,2605,2663,4794,2250,2544,4786,2245,2541,4953,2365,2588,4721,2204,2517,4708,2176,2532,5160,2202,2958,4802,2095,2707,4232,1775,2457,4165,1771,2394,3140,1361,1779,2159,898,1261,2102,825,1277,42.5,40.4,44.5
050,137,Toa Baja Municipio,2,75096,34872,40224,2505,1292,1213,6911,3497,3414,3543,1764,1779,7154,3570,3584,63935,29226,34709,62137,28319,33818,29587,14343,15244,19757,9433,10324,19343,8663,10680,15883,6653,9230,2505,1292,1213,3609,1857,1752,4169,2064,2105,4647,2303,2344,5183,2607,2576,5243,2586,2657,4835,2274,2561,4727,2220,2507,4952,2353,2599,4708,2203,2505,4703,2178,2525,5114,2189,2925,4818,2093,2725,4228,1779,2449,4151,1754,2397,3176,1370,1806,2175,901,1274,2153,849,1304,42.6,40.5,44.6
050,137,Toa Baja Municipio,3,74195,34383,39812,2315,1184,1131,6586,3351,3235,3461,1705,1756,6993,3503,3490,63585,29016,34569,61833,28143,33690,29260,14164,15096,19656,9369,10287,19110,8590,10520,16074,6681,9393,2315,1184,1131,3430,1761,1669,4006,2003,2003,4421,2187,2234,5183,2608,2575,5168,2523,2645,5018,2389,2629,4525,2148,2377,4945,2309,2636,4678,2212,2466,4659,2166,2493,4931,2141,2790,4842,2071,2771,4223,1797,2426,4077,1671,2406,3286,1400,1886,2210,911,1299,2278,902,1376,43,40.8,45
050,137,Toa Baja Municipio,4,72732,33615,39117,2163,1102,1061,6160,3142,3018,3335,1625,1710,6712,3361,3351,62769,28573,34196,61074,27746,33328,28576,13796,14780,19336,9205,10131,18767,8451,10316,16259,6729,9530,2163,1102,1061,3133,1602,1531,3834,1935,1899,4243,2093,2150,4997,2498,2499,5067,2454,2613,5060,2435,2625,4313,2039,2274,4896,2277,2619,4630,2199,2431,4578,2120,2458,4719,2071,2648,4840,2061,2779,4245,1821,2424,3945,1581,2364,3437,1462,1975,2259,917,1342,2373,948,1425,43.6,41.4,45.6
050,137,Toa Baja Municipio,5,71838,33146,38692,2081,1053,1028,5794,2963,2831,3259,1586,1673,6515,3228,3287,62370,28350,34020,60704,27544,33160,28262,13652,14610,19281,9228,10053,18476,8306,10170,16432,6782,9650,2081,1053,1028,2861,1468,1393,3726,1885,1841,4138,2026,2112,4843,2398,2445,5077,2482,2595,5098,2476,2622,4283,2006,2277,4823,2264,2559,4620,2189,2431,4506,2070,2436,4512,2010,2502,4838,2037,2801,4268,1832,2436,3839,1535,2304,3557,1495,2062,2329,946,1383,2439,974,1465,43.9,41.7,45.9
050,137,Toa Baja Municipio,6,71332,32889,38443,2052,1047,1005,5455,2794,2661,3191,1572,1619,6382,3124,3258,62267,28269,33998,60634,27476,33158,28150,13608,14542,19342,9301,10041,18265,8209,10056,16645,6842,9803,2052,1047,1005,2620,1343,1277,3600,1840,1760,4088,1994,2094,4720,2313,2407,5095,2510,2585,5103,2501,2602,4449,2088,2361,4695,2202,2493,4629,2185,2444,4449,2036,2413,4394,1987,2407,4793,2001,2792,4285,1836,2449,3779,1512,2267,3571,1473,2098,2426,994,1432,2584,1027,1557,44.2,42,46.3
050,139,Trujillo Alto Municipio,1,67740,31733,36007,2133,1118,1015,6423,3325,3098,3251,1697,1554,6308,3227,3081,57571,26453,31118,55933,25593,30340,26488,12920,13568,17739,8429,9310,17948,8149,9799,13938,5788,8150,2133,1118,1015,3192,1649,1543,4041,2109,1932,4172,2176,1996,4577,2315,2262,4808,2352,2456,4177,1979,2198,4169,1920,2249,4585,2178,2407,4351,2022,2329,4633,2111,2522,4646,2064,2582,4318,1952,2366,4027,1730,2297,3555,1515,2040,2788,1187,1601,1848,728,1120,1720,628,1092,42.8,40.6,44.9
050,139,Trujillo Alto Municipio,2,67690,31687,36003,2075,1073,1002,6342,3283,3059,3250,1696,1554,6288,3222,3066,57654,26486,31168,56023,25635,30388,26474,12922,13552,17751,8439,9312,17929,8143,9786,14055,5831,8224,2075,1073,1002,3140,1625,1515,4017,2093,1924,4151,2168,1983,4572,2315,2257,4805,2354,2451,4228,2002,2226,4135,1910,2225,4583,2173,2410,4354,2026,2328,4593,2093,2500,4665,2074,2591,4317,1950,2367,4030,1735,2295,3583,1518,2065,2815,1199,1616,1871,737,1134,1756,642,1114,43,40.7,45
050,139,Trujillo Alto Municipio,3,67516,31561,35955,1912,995,917,6002,3110,2892,3243,1688,1555,6199,3188,3011,57962,26588,31374,56359,25768,30591,26460,12955,13505,17845,8514,9331,17846,8113,9733,14469,5953,8516,1912,995,917,2935,1533,1402,3894,2012,1882,4057,2123,1934,4558,2318,2240,4834,2381,2453,4446,2117,2329,4012,1876,2136,4553,2140,2413,4366,2040,2326,4447,2034,2413,4719,2099,2620,4314,1940,2374,4023,1726,2297,3666,1537,2129,2930,1233,1697,1945,753,1192,1905,704,1201,43.4,41.1,45.6
050,139,Trujillo Alto Municipio,4,66762,31119,35643,1799,930,869,5555,2883,2672,3198,1657,1541,5990,3073,2917,57800,26474,31326,56210,25649,30561,26109,12771,13338,17714,8446,9268,17709,8055,9654,14797,6075,8722,1799,930,869,2680,1407,1273,3668,1881,1787,3976,2066,1910,4419,2259,2160,4798,2349,2449,4552,2192,2360,3904,1834,2070,4460,2071,2389,4357,2031,2326,4361,2022,2339,4711,2092,2619,4280,1910,2370,4035,1740,2295,3665,1530,2135,3069,1285,1784,1987,778,1209,2041,742,1299,44,41.6,46.2
050,139,Trujillo Alto Municipio,5,66655,31063,35592,1740,885,855,5171,2698,2473,3183,1653,1530,5876,2995,2881,58177,26679,31498,56561,25827,30734,26126,12796,13330,17842,8546,9296,17688,8060,9628,15155,6226,8929,1740,885,855,2458,1300,1158,3488,1796,1692,3955,2041,1914,4329,2209,2120,4786,2352,2434,4727,2295,2432,3928,1864,2064,4401,2035,2366,4393,2053,2340,4312,2015,2297,4649,2061,2588,4334,1931,2403,4053,1765,2288,3693,1530,2163,3126,1303,1823,2079,831,1248,2204,797,1407,44.5,42,46.6
050,139,Trujillo Alto Municipio,6,66816,31114,35702,1678,848,830,4826,2533,2293,3163,1629,1534,5858,2997,2861,58769,26940,31829,57149,26104,31045,26308,12909,13399,18051,8677,9374,17702,8062,9640,15538,6368,9170,1678,848,830,2277,1215,1062,3313,1712,1601,3978,2053,1925,4279,2179,2100,4799,2369,2430,4887,2374,2513,4076,1947,2129,4289,1987,2302,4467,2115,2352,4286,1989,2297,4545,2024,2521,4404,1934,2470,4076,1794,2282,3715,1518,2197,3186,1316,1870,2221,879,1342,2340,861,1479,44.8,42.3,47
050,141,Utuado Municipio,1,28287,13662,14625,953,506,447,2736,1357,1379,1286,656,630,2402,1197,1205,23950,11482,12468,23312,11143,12169,9914,4827,5087,6542,3126,3416,7697,3728,3969,6671,3092,3579,953,506,447,1421,719,702,1631,790,841,1698,868,830,1674,833,841,1774,876,898,1621,784,837,1533,713,820,1614,753,861,1660,792,868,1891,917,974,2021,962,1059,2125,1057,1068,1958,976,982,1787,873,914,1268,598,670,750,310,440,908,335,573,45.7,44.9,46.4
050,141,Utuado Municipio,2,28226,13633,14593,937,499,438,2704,1343,1361,1281,650,631,2382,1189,1193,23941,11477,12464,23304,11141,12163,9880,4810,5070,6535,3124,3411,7670,3712,3958,6717,3116,3601,937,499,438,1396,707,689,1626,789,837,1671,852,819,1674,834,840,1758,870,888,1640,790,850,1529,716,813,1608,748,860,1647,782,865,1883,914,969,2026,962,1064,2114,1054,1060,1959,975,984,1783,868,915,1293,609,684,771,323,448,911,341,570,45.9,45.1,46.5
050,141,Utuado Municipio,3,27973,13506,14467,886,468,418,2571,1288,1283,1273,626,647,2307,1157,1150,23875,11445,12430,23243,11124,12119,9779,4756,5023,6527,3128,3399,7555,3662,3893,6854,3177,3677,886,468,418,1294,660,634,1605,783,822,1578,794,784,1674,834,840,1708,850,858,1711,820,891,1518,727,791,1590,731,859,1603,754,849,1850,904,946,2047,967,1080,2055,1037,1018,1964,965,999,1767,861,906,1365,643,722,827,358,469,931,350,581,46.3,45.6,47
050,141,Utuado Municipio,4,27514,13238,14276,808,424,384,2408,1216,1192,1252,599,653,2214,1107,1107,23659,11295,12364,23046,10999,12047,9557,4620,4937,6410,3067,3343,7410,3597,3813,7012,3228,3784,808,424,384,1180,608,572,1547,761,786,1523,755,768,1624,798,826,1637,817,820,1725,830,895,1474,706,768,1574,714,860,1578,743,835,1781,871,910,2026,956,1070,2025,1027,998,1977,962,1015,1740,847,893,1430,666,764,891,395,496,974,358,616,47.1,46.3,47.8
050,141,Utuado Municipio,5,27236,13092,14144,775,405,370,2245,1141,1104,1250,598,652,2166,1073,1093,23579,11237,12342,22966,10948,12018,9471,4574,4897,6376,3061,3315,7273,3517,3756,7151,3297,3854,775,405,370,1064,558,506,1502,741,761,1516,734,782,1579,779,800,1579,784,795,1737,846,891,1494,715,779,1566,716,850,1579,741,838,1718,841,877,1988,945,1043,1988,990,998,2002,967,1035,1734,853,881,1468,690,778,944,419,525,1003,368,635,47.5,46.8,48.2
050,141,Utuado Municipio,6,27155,13052,14103,742,386,356,2118,1090,1028,1245,598,647,2132,1052,1080,23677,11274,12403,23050,10978,12072,9464,4575,4889,6386,3070,3316,7164,3451,3713,7368,3405,3963,742,386,356,985,522,463,1432,713,719,1530,732,798,1548,773,775,1547,761,786,1737,846,891,1559,751,808,1543,712,831,1602,754,848,1691,821,870,1910,929,981,1961,947,1014,2022,983,1039,1764,868,896,1525,720,805,986,435,551,1071,399,672,48,47.2,48.7
050,143,Vega Alta Municipio,1,35395,16991,18404,1259,634,625,3632,1837,1795,1896,968,928,3380,1727,1653,29558,14041,15517,28608,13552,15056,14014,6894,7120,9197,4439,4758,9131,4324,4807,6900,3062,3838,1259,634,625,1854,924,930,2237,1153,1084,2384,1227,1157,2433,1228,1205,2509,1238,1271,2287,1121,1166,2118,983,1135,2283,1097,1186,2205,1050,1155,2253,1058,1195,2381,1115,1266,2292,1101,1191,1836,842,994,1814,810,1004,1387,633,754,958,420,538,905,357,548,41.4,39.9,42.6
050,143,Vega Alta Municipio,2,35366,16965,18401,1232,618,614,3595,1815,1780,1891,966,925,3374,1725,1649,29603,14054,15549,28648,13566,15082,14005,6893,7112,9196,4441,4755,9129,4321,4808,6949,3079,3870,1232,618,614,1827,912,915,2224,1142,1082,2377,1224,1153,2432,1228,1204,2505,1238,1267,2312,1134,1178,2097,977,1120,2282,1092,1190,2197,1047,1150,2251,1059,1192,2376,1108,1268,2305,1107,1198,1849,852,997,1804,801,1003,1405,638,767,969,421,548,922,367,555,41.5,40,42.8
050,143,Vega Alta Municipio,3,35201,16904,18297,1153,572,581,3422,1722,1700,1869,961,908,3345,1708,1637,29720,14135,15585,28757,13649,15108,13984,6915,7069,9221,4482,4739,9059,4282,4777,7132,3177,3955,1153,572,581,1709,862,847,2164,1096,1068,2335,1205,1130,2428,1228,1200,2505,1247,1258,2413,1203,1210,2038,960,1078,2265,1072,1193,2169,1040,1129,2224,1059,1165,2348,1081,1267,2318,1102,1216,1893,888,1005,1765,783,982,1464,665,799,1017,434,583,993,407,586,41.9,40.4,43.2
050,143,Vega Alta Municipio,4,34764,16700,18064,1112,547,565,3190,1607,1583,1803,932,871,3280,1669,1611,29582,14090,15492,28659,13614,15045,13767,6818,6949,9118,4439,4679,8961,4248,4713,7300,3258,4042,1112,547,565,1560,794,766,2064,1035,1029,2286,1176,1110,2363,1203,1160,2482,1238,1244,2426,1216,1210,2002,943,1059,2208,1042,1166,2164,1037,1127,2177,1059,1118,2297,1062,1235,2323,1090,1233,1946,907,1039,1702,772,930,1519,676,843,1034,448,586,1099,455,644,42.5,41,43.8
050,143,Vega Alta Municipio,5,34617,16643,17974,1054,511,543,2993,1506,1487,1756,917,839,3252,1653,1599,29709,14183,15526,28814,13709,15105,13742,6824,6918,9160,4474,4686,8894,4219,4675,7508,3363,4145,1054,511,543,1435,734,701,1984,992,992,2255,1161,1094,2327,1189,1138,2493,1245,1248,2485,1247,1238,2020,962,1058,2162,1020,1142,2180,1050,1130,2160,1052,1108,2231,1039,1192,2323,1078,1245,2017,946,1071,1658,756,902,1572,699,873,1083,482,601,1178,480,698,42.9,41.4,44.3
050,143,Vega Alta Municipio,6,34658,16690,17968,1028,498,530,2802,1415,1387,1755,905,850,3239,1649,1590,29964,14339,15625,29073,13872,15201,13847,6909,6938,9287,4570,4717,8818,4188,4630,7729,3465,4264,1028,498,530,1332,679,653,1904,951,953,2228,1156,1072,2332,1183,1149,2506,1256,1250,2530,1265,1265,2141,1054,1087,2110,995,1115,2194,1063,1131,2153,1033,1120,2173,1019,1154,2298,1073,1225,2097,989,1108,1663,760,903,1572,683,889,1135,507,628,1262,526,736,43.2,41.6,44.6
050,145,Vega Baja Municipio,1,54414,25963,28451,2099,1059,1040,4868,2502,2366,2590,1350,1240,4925,2501,2424,46139,21711,24428,44857,21052,23805,20513,10110,10403,13638,6598,7040,14521,6731,7790,11773,5222,6551,2099,1059,1040,2520,1263,1257,2988,1578,1410,3359,1720,1639,3516,1792,1724,3773,1913,1860,3310,1601,1709,3189,1476,1713,3366,1608,1758,3411,1642,1769,3603,1677,1926,3858,1731,2127,3649,1681,1968,3232,1515,1717,2988,1329,1659,2435,1121,1314,1629,709,920,1489,548,941,43.6,41.8,45.3
050,145,Vega Baja Municipio,2,54356,25926,28430,2061,1044,1017,4829,2474,2355,2575,1346,1229,4902,2491,2411,46177,21725,24452,44891,21062,23829,20493,10100,10393,13646,6598,7048,14488,6721,7767,11855,5252,6603,2061,1044,1017,2506,1252,1254,2953,1557,1396,3333,1711,1622,3514,1791,1723,3768,1913,1855,3341,1621,1720,3173,1467,1706,3364,1597,1767,3390,1635,1755,3593,1679,1914,3845,1719,2126,3660,1688,1972,3242,1517,1725,2980,1321,1659,2465,1134,1331,1653,724,929,1515,556,959,43.7,41.9,45.5
050,145,Vega Baja Municipio,3,54229,25859,28370,1915,998,917,4660,2355,2305,2531,1340,1191,4801,2445,2356,46418,21844,24574,45123,21166,23957,20461,10113,10348,13740,6658,7082,14397,6687,7710,12185,5376,6809,1915,998,917,2437,1204,1233,2834,1481,1353,3211,1668,1543,3510,1787,1723,3762,1916,1846,3493,1726,1767,3133,1455,1678,3352,1561,1791,3318,1602,1716,3559,1685,1874,3809,1694,2115,3711,1706,2005,3309,1546,1763,2952,1302,1650,2565,1177,1388,1728,755,973,1631,596,1035,44.2,42.3,46
050,145,Vega Baja Municipio,4,53662,25549,28113,1784,934,850,4415,2217,2198,2454,1308,1146,4647,2367,2280,46267,21757,24510,45009,21090,23919,20137,9963,10174,13632,6606,7026,14251,6612,7639,12479,5505,6974,1784,934,850,2308,1135,1173,2703,1400,1303,3085,1621,1464,3420,1736,1684,3682,1857,1825,3579,1793,1786,3073,1432,1641,3298,1524,1774,3254,1557,1697,3517,1674,1843,3737,1675,2062,3743,1706,2037,3377,1566,1811,2948,1316,1632,2616,1198,1418,1807,792,1015,1731,633,1098,44.8,42.9,46.6
050,145,Vega Baja Municipio,5,53506,25438,28068,1725,904,821,4229,2115,2114,2352,1249,1103,4590,2341,2249,46408,21817,24591,45200,21170,24030,20077,9968,10109,13686,6664,7022,14176,6556,7620,12748,5609,7139,1725,904,821,2187,1068,1119,2593,1333,1260,3041,1611,1430,3350,1693,1657,3644,1836,1808,3671,1851,1820,3107,1473,1634,3264,1504,1760,3246,1539,1707,3498,1663,1835,3655,1659,1996,3777,1695,2082,3431,1575,1856,2967,1344,1623,2616,1183,1433,1880,834,1046,1854,673,1181,45.3,43.2,47
050,145,Vega Baja Municipio,6,53709,25545,28164,1679,885,794,4081,2050,2031,2263,1195,1068,4555,2333,2222,46880,22058,24822,45686,21415,24271,20141,10038,10103,13841,6776,7065,14117,6513,7604,13173,5793,7380,1679,885,794,2102,1043,1059,2497,1273,1224,2978,1584,1394,3322,1678,1644,3640,1842,1798,3756,1891,1865,3219,1556,1663,3226,1487,1739,3298,1556,1742,3446,1630,1816,3577,1637,1940,3796,1690,2106,3498,1602,1896,3014,1382,1632,2671,1189,1482,1956,887,1069,2034,733,1301,45.6,43.5,47.5
050,147,Vieques Municipio,1,8249,4156,4093,323,171,152,824,387,437,345,175,170,564,283,281,6932,3516,3416,6757,3423,3334,2620,1347,1273,1801,930,871,2459,1278,1181,1933,932,1001,323,171,152,452,207,245,462,221,241,403,210,193,416,207,209,453,221,232,467,237,230,421,225,196,460,247,213,519,277,242,633,331,302,639,337,302,668,333,335,541,290,251,501,243,258,401,187,214,255,136,119,235,76,159,47.7,47.4,48.1
050,147,Vieques Municipio,2,8236,4145,4091,321,169,152,820,387,433,345,173,172,564,284,280,6923,3507,3416,6750,3416,3334,2611,1338,1273,1792,922,870,2449,1273,1176,1945,937,1008,321,169,152,449,210,239,461,218,243,408,211,197,411,205,206,448,217,231,467,238,229,422,222,200,455,245,210,514,276,238,629,328,301,640,336,304,666,333,333,545,291,254,503,242,261,403,189,214,259,137,122,235,78,157,47.8,47.5,48.2
050,147,Vieques Municipio,3,8166,4120,4046,295,154,141,785,376,409,341,164,177,554,281,273,6909,3510,3399,6745,3426,3319,2592,1321,1271,1785,916,869,2415,1262,1153,1991,967,1024,295,154,141,423,209,214,450,207,243,415,208,207,392,197,195,430,209,221,477,242,235,434,222,212,444,243,201,508,281,227,618,319,299,644,335,309,645,327,318,577,310,267,487,234,253,410,202,208,268,134,134,249,87,162,48.2,48,48.5
050,147,Vieques Municipio,4,8036,4073,3963,271,147,124,749,360,389,332,155,177,533,270,263,6847,3487,3360,6684,3411,3273,2528,1280,1248,1746,895,851,2387,1257,1130,2018,989,1029,271,147,124,374,187,187,458,213,245,408,198,210,374,187,187,416,207,209,474,233,241,430,217,213,426,238,188,510,286,224,609,311,298,652,341,311,616,319,297,594,314,280,453,224,229,426,218,208,274,129,145,271,104,167,48.8,48.6,49
050,147,Vieques Municipio,5,7988,4049,3939,251,136,115,708,341,367,339,159,180,517,255,262,6858,3488,3370,6690,3413,3277,2510,1267,1243,1744,898,846,2352,1242,1110,2077,1018,1059,251,136,115,343,175,168,455,211,244,397,187,210,369,182,187,414,204,210,464,230,234,440,225,215,426,239,187,505,280,225,583,295,288,658,345,313,606,322,284,612,314,298,448,233,215,429,218,211,294,137,157,294,116,178,49.3,49.2,49.4
050,147,Vieques Municipio,6,7966,4033,3933,244,128,116,673,329,344,346,165,181,519,252,267,6866,3488,3378,6703,3411,3292,2521,1272,1249,1749,898,851,2321,1230,1091,2114,1031,1083,244,128,116,325,170,155,441,202,239,407,193,214,365,181,184,405,196,209,451,227,224,459,236,223,434,239,195,497,270,227,563,291,272,651,346,305,610,323,287,617,308,309,454,247,207,426,215,211,299,137,162,318,124,194,49.6,49.6,49.6
050,149,Villalba Municipio,1,22093,10648,11445,941,483,458,2245,1150,1095,1077,555,522,2209,1129,1080,18362,8740,9622,17830,8460,9370,8146,3997,4149,5132,2453,2679,6149,2914,3235,4340,1964,2376,941,483,458,1167,609,558,1350,681,669,1434,763,671,1580,781,799,1483,736,747,1256,590,666,1154,538,616,1239,589,650,1351,652,699,1472,702,770,1637,764,873,1689,796,893,1426,683,743,1220,575,645,809,365,444,478,194,284,407,147,260,42.8,41.3,44.2
050,149,Villalba Municipio,2,22040,10622,11418,923,473,450,2221,1140,1081,1080,554,526,2187,1123,1064,18347,8732,9615,17816,8455,9361,8113,3982,4131,5123,2446,2677,6119,2900,3219,4387,1986,2401,923,473,450,1159,606,553,1339,675,664,1411,748,663,1579,788,791,1474,731,743,1259,591,668,1155,536,619,1235,588,647,1338,642,696,1469,706,763,1630,761,869,1682,791,891,1441,689,752,1219,574,645,829,374,455,490,198,292,408,151,257,43,41.5,44.3
050,149,Villalba Municipio,3,21818,10477,11341,875,440,435,2124,1100,1024,1090,546,544,2076,1067,1009,18260,8658,9602,17729,8391,9338,7979,3906,4073,5097,2431,2666,6013,2844,3169,4543,2049,2494,875,440,435,1122,589,533,1286,649,637,1325,684,641,1557,791,766,1448,714,734,1290,611,679,1148,526,622,1211,580,631,1281,602,679,1464,719,745,1609,755,854,1659,768,891,1504,712,792,1219,577,642,885,402,483,518,209,309,417,149,268,43.6,42.1,44.9
050,149,Villalba Municipio,4,21456,10295,11161,824,422,402,2017,1050,967,1064,533,531,1938,989,949,18079,8557,9522,17551,8290,9261,7775,3789,3986,5029,2396,2633,5878,2792,3086,4706,2113,2593,824,422,402,1067,562,505,1206,617,589,1296,655,641,1450,738,712,1425,707,718,1316,620,696,1121,515,606,1167,554,613,1238,580,658,1447,718,729,1566,742,824,1627,752,875,1556,732,824,1251,589,662,923,418,505,547,222,325,429,152,277,44.4,42.9,45.8
050,149,Villalba Municipio,5,21268,10177,11091,807,403,404,1926,1004,922,1055,540,515,1857,950,907,18025,8505,9520,17480,8230,9250,7669,3734,3935,5012,2379,2633,5784,2756,3028,4827,2145,2682,807,403,404,997,526,471,1184,613,571,1305,661,644,1352,694,658,1415,687,728,1342,640,702,1116,514,602,1139,538,601,1233,578,655,1429,713,716,1512,716,796,1610,749,861,1582,733,849,1288,604,684,965,434,531,543,216,327,449,158,291,44.9,43.3,46.3
050,149,Villalba Municipio,6,21197,10110,11087,777,393,384,1865,973,892,1032,527,505,1790,916,874,18053,8483,9570,17523,8217,9306,7615,3702,3913,5041,2385,2656,5689,2699,2990,5003,2217,2786,777,393,384,943,489,454,1170,610,560,1293,660,633,1281,657,624,1413,668,745,1352,653,699,1138,527,611,1138,537,601,1214,573,641,1389,684,705,1475,696,779,1611,746,865,1618,745,873,1315,617,698,1025,456,569,588,242,346,457,157,300,45.4,43.8,46.9
050,151,Yabucoa Municipio,1,30426,14657,15769,952,493,459,2752,1438,1314,1430,730,700,2748,1371,1377,26003,12356,13647,25292,11996,13296,10798,5234,5564,6978,3323,3655,8531,4077,4454,7035,3225,3810,952,493,459,1336,685,651,1774,943,831,1851,937,914,1969,974,995,1941,931,1010,1647,771,876,1517,716,801,1873,905,968,1951,945,1006,2035,965,1070,2299,1108,1191,2246,1059,1187,2109,1003,1106,1886,907,979,1249,590,659,825,373,452,966,352,614,45.9,44.9,46.9
050,151,Yabucoa Municipio,2,30326,14603,15723,932,477,455,2698,1411,1287,1425,730,695,2720,1361,1359,25979,12342,13637,25271,11985,13286,10745,5214,5531,6959,3315,3644,8503,4065,4438,7089,3244,3845,932,477,455,1308,676,632,1749,927,822,1829,928,901,1957,971,986,1940,930,1010,1653,773,880,1505,711,794,1861,901,960,1940,939,1001,2029,965,1064,2284,1097,1187,2250,1064,1186,2110,1000,1110,1891,904,987,1271,603,668,833,375,458,984,362,622,46.1,45,47.1
050,151,Yabucoa Municipio,3,29936,14390,15546,895,448,447,2503,1306,1197,1413,733,680,2617,1324,1293,25824,12252,13572,25125,11903,13222,10541,5130,5411,6871,3268,3603,8331,3995,4336,7306,3316,3990,895,448,447,1212,639,573,1651,862,789,1753,899,854,1917,963,954,1930,922,1008,1689,799,890,1463,683,780,1789,864,925,1890,913,977,1982,955,1027,2205,1046,1159,2254,1081,1173,2115,989,1126,1898,901,997,1364,646,718,874,383,491,1055,397,658,46.8,45.6,47.9
050,151,Yabucoa Municipio,4,29282,14037,15245,846,420,426,2277,1182,1095,1378,724,654,2493,1252,1241,25465,12066,13399,24781,11711,13070,10185,4959,5226,6659,3163,3496,8164,3923,4241,7465,3373,4092,846,420,426,1104,577,527,1518,785,733,1696,878,818,1830,918,912,1863,886,977,1700,817,883,1427,662,765,1669,798,871,1857,887,970,1919,941,978,2118,999,1119,2270,1096,1174,2075,962,1113,1904,901,1003,1459,687,772,915,403,512,1112,420,692,47.7,46.5,48.7
050,151,Yabucoa Municipio,5,28876,13810,15066,816,407,409,2100,1084,1016,1341,709,632,2411,1206,1205,25299,11975,13324,24619,11610,13009,9983,4874,5109,6552,3126,3426,8026,3850,4176,7630,3428,4202,816,407,409,1014,522,492,1407,729,678,1676,870,806,1755,878,877,1827,876,951,1735,843,892,1427,655,772,1563,752,811,1831,876,955,1876,919,957,2048,957,1091,2271,1098,1173,2050,941,1109,1894,895,999,1551,729,822,974,422,552,1161,441,720,48.3,47.1,49.5
050,151,Yabucoa Municipio,6,28580,13637,14943,780,380,400,1944,1006,938,1299,683,616,2370,1200,1170,25235,11927,13308,24557,11568,12989,9868,4825,5043,6502,3101,3401,7854,3766,4088,7831,3501,4330,780,380,400,939,489,450,1308,676,632,1655,868,787,1711,856,855,1795,867,928,1762,847,915,1462,677,785,1483,710,773,1792,867,925,1869,901,968,1969,927,1042,2224,1071,1153,2074,958,1116,1895,888,1007,1591,738,853,1010,438,572,1261,479,782,48.9,47.7,50.1
050,153,Yauco Municipio,1,34172,16261,17911,1104,543,561,3129,1629,1500,1575,833,742,2804,1440,1364,29137,13650,15487,28364,13256,15108,11826,5808,6018,7857,3767,4090,9561,4457,5104,8142,3592,4550,1104,543,561,1607,851,756,1932,1010,922,1932,1005,927,2037,1036,1001,2012,983,1029,1902,912,990,1849,874,975,2094,998,1096,2187,1042,1145,2331,1044,1287,2464,1155,1309,2579,1216,1363,2320,1115,1205,2208,976,1232,1600,750,850,1068,443,625,946,308,638,46.5,44.6,48.2
050,153,Yauco Municipio,2,34045,16193,17852,1089,536,553,3086,1605,1481,1573,836,737,2777,1426,1351,29073,13614,15459,28297,13216,15081,11775,5790,5985,7828,3754,4074,9524,4439,5085,8168,3597,4571,1089,536,553,1581,836,745,1908,995,913,1923,1006,917,2024,1030,994,2001,979,1022,1904,910,994,1835,874,961,2088,991,1097,2170,1037,1133,2317,1042,1275,2460,1141,1319,2577,1219,1358,2315,1110,1205,2214,977,1237,1624,758,866,1060,444,616,955,308,647,46.6,44.7,48.4
050,153,Yauco Municipio,3,33596,15972,17624,1023,513,510,2914,1506,1408,1548,836,712,2690,1378,1312,28887,13527,15360,28111,13117,14994,11592,5728,5864,7731,3719,4012,9344,4353,4991,8346,3667,4679,1023,513,510,1470,768,702,1821,943,878,1882,998,884,1979,1011,968,1972,969,1003,1930,923,1007,1782,869,913,2047,958,1089,2099,1012,1087,2243,1025,1218,2448,1097,1351,2554,1219,1335,2320,1114,1206,2239,996,1243,1708,775,933,1062,463,599,1017,319,698,47.2,45.2,49
050,153,Yauco Municipio,4,32881,15615,17266,975,506,469,2688,1380,1308,1482,801,681,2579,1310,1269,28486,13340,15146,27736,12928,14808,11256,5566,5690,7563,3647,3916,9095,4235,4860,8499,3736,4763,975,506,469,1324,679,645,1732,893,839,1829,974,855,1864,945,919,1945,962,983,1894,909,985,1743,856,887,1981,920,1061,2021,977,1044,2168,1003,1165,2434,1084,1350,2472,1171,1301,2349,1124,1225,2201,1000,1201,1796,794,1002,1089,485,604,1064,333,731,47.9,45.8,49.7
050,153,Yauco Municipio,5,32387,15335,17052,931,497,434,2521,1296,1225,1437,755,682,2486,1265,1221,28226,13187,15039,27498,12787,14711,11057,5461,5596,7482,3608,3874,8913,4158,4755,8617,3756,4861,931,497,434,1233,624,609,1636,839,797,1806,967,839,1769,886,883,1929,969,960,1886,892,994,1763,871,892,1904,876,1028,1998,973,1025,2146,1002,1144,2360,1060,1300,2409,1123,1286,2371,1117,1254,2155,1000,1155,1852,804,1048,1130,498,632,1109,337,772,48.4,46.2,50.3
050,153,Yauco Municipio,6,32057,15162,16895,911,512,399,2364,1217,1147,1382,700,682,2454,1275,1179,28106,13107,14999,27400,12733,14667,10898,5372,5526,7395,3559,3836,8777,4088,4689,8774,3811,4963,911,512,399,1149,571,578,1548,808,740,1758,928,830,1745,885,860,1901,952,949,1890,892,998,1783,869,914,1821,846,975,2013,975,1038,2120,994,1126,2276,1020,1256,2368,1099,1269,2425,1137,1288,2111,993,1118,1909,825,1084,1176,512,664,1153,344,809,48.8,46.6,50.8
