country,year,age,marital,parity,weight,source
United States,2010,16,married,all,4047.94528995248,NSFG 2017-2019 FemPreg weighted
United States,2010,19,married,all,20896.96982795151,NSFG 2017-2019 FemPreg weighted
United States,2010,20,married,all,88174.15032464295,NSFG 2017-2019 FemPreg weighted
United States,2010,21,married,all,27820.70033095547,NSFG 2017-2019 FemPreg weighted
United States,2010,22,married,all,53201.601753004805,NSFG 2017-2019 FemPreg weighted
United States,2010,23,married,all,61934.949883401394,NSFG 2017-2019 FemPreg weighted
United States,2010,24,married,all,173509.88110534498,NSFG 2017-2019 FemPreg weighted
United States,2010,25,married,all,100455.19563587327,NSFG 2017-2019 FemPreg weighted
United States,2010,26,married,all,234294.3398302985,NSFG 2017-2019 FemPreg weighted
United States,2010,27,married,all,199335.65897153702,NSFG 2017-2019 FemPreg weighted
United States,2010,28,married,all,81646.50459948875,NSFG 2017-2019 FemPreg weighted
United States,2010,29,married,all,70952.18792844184,NSFG 2017-2019 FemPreg weighted
United States,2010,30,married,all,166459.9272866192,NSFG 2017-2019 FemPreg weighted
United States,2010,31,married,all,104535.25228476178,NSFG 2017-2019 FemPreg weighted
United States,2010,32,married,all,86110.28121453078,NSFG 2017-2019 FemPreg weighted
United States,2010,33,married,all,116746.03636030245,NSFG 2017-2019 FemPreg weighted
United States,2010,34,married,all,202700.8776855036,NSFG 2017-2019 FemPreg weighted
United States,2010,35,married,all,37840.83411484406,NSFG 2017-2019 FemPreg weighted
United States,2010,36,married,all,53325.79279807189,NSFG 2017-2019 FemPreg weighted
United States,2010,37,married,all,203929.3575270688,NSFG 2017-2019 FemPreg weighted
United States,2010,38,married,all,51976.20394014026,NSFG 2017-2019 FemPreg weighted
United States,2010,39,married,all,45644.215761910076,NSFG 2017-2019 FemPreg weighted
United States,2010,40,married,all,38385.38325530026,NSFG 2017-2019 FemPreg weighted
United States,2010,41,married,all,94295.07669267015,NSFG 2017-2019 FemPreg weighted
United States,2010,16,married,first,4047.94528995248,NSFG 2017-2019 FemPreg weighted
United States,2010,19,married,first,13927.7081181697,NSFG 2017-2019 FemPreg weighted
United States,2010,20,married,first,22382.720691635248,NSFG 2017-2019 FemPreg weighted
United States,2010,21,married,first,17867.9785076954,NSFG 2017-2019 FemPreg weighted
United States,2010,22,married,first,2502.76526943921,NSFG 2017-2019 FemPreg weighted
United States,2010,23,married,first,6474.07904077653,NSFG 2017-2019 FemPreg weighted
United States,2010,24,married,first,84341.21930567939,NSFG 2017-2019 FemPreg weighted
United States,2010,25,married,first,54812.32150422986,NSFG 2017-2019 FemPreg weighted
United States,2010,26,married,first,65942.03027147596,NSFG 2017-2019 FemPreg weighted
United States,2010,27,married,first,120415.07468086341,NSFG 2017-2019 FemPreg weighted
United States,2010,28,married,first,20304.81662590709,NSFG 2017-2019 FemPreg weighted
United States,2010,29,married,first,5514.84477454175,NSFG 2017-2019 FemPreg weighted
United States,2010,30,married,first,146708.79340285686,NSFG 2017-2019 FemPreg weighted
United States,2010,31,married,first,47226.296762802376,NSFG 2017-2019 FemPreg weighted
United States,2010,32,married,first,51132.17113824931,NSFG 2017-2019 FemPreg weighted
United States,2010,33,married,first,40940.86535120596,NSFG 2017-2019 FemPreg weighted
United States,2010,34,married,first,145909.90523590744,NSFG 2017-2019 FemPreg weighted
United States,2010,35,married,first,9110.81493161951,NSFG 2017-2019 FemPreg weighted
United States,2010,36,married,first,15848.3676132554,NSFG 2017-2019 FemPreg weighted
United States,2010,37,married,first,48568.0048664535,NSFG 2017-2019 FemPreg weighted
United States,2010,38,married,first,44104.788858700966,NSFG 2017-2019 FemPreg weighted
United States,2010,39,married,first,6507.88895831988,NSFG 2017-2019 FemPreg weighted
United States,2010,40,married,first,32761.193635293515,NSFG 2017-2019 FemPreg weighted
United States,2010,41,married,first,9628.57189855946,NSFG 2017-2019 FemPreg weighted
United States,2010,19,married,second,6969.26170978181,NSFG 2017-2019 FemPreg weighted
United States,2010,20,married,second,54730.9448569679,NSFG 2017-2019 FemPreg weighted
United States,2010,21,married,second,5182.694440727961,NSFG 2017-2019 FemPreg weighted
United States,2010,22,married,second,46899.118640856104,NSFG 2017-2019 FemPreg weighted
United States,2010,23,married,second,38385.97839266454,NSFG 2017-2019 FemPreg weighted
United States,2010,24,married,second,50147.983532714774,NSFG 2017-2019 FemPreg weighted
United States,2010,25,married,second,21029.824420590427,NSFG 2017-2019 FemPreg weighted
United States,2010,26,married,second,162854.0217995653,NSFG 2017-2019 FemPreg weighted
United States,2010,27,married,second,56007.07481300284,NSFG 2017-2019 FemPreg weighted
United States,2010,28,married,second,5908.51651480736,NSFG 2017-2019 FemPreg weighted
United States,2010,29,married,second,32678.844409497287,NSFG 2017-2019 FemPreg weighted
United States,2010,30,married,second,17191.48877928232,NSFG 2017-2019 FemPreg weighted
United States,2010,31,married,second,25477.47479687814,NSFG 2017-2019 FemPreg weighted
United States,2010,32,married,second,21846.8220291306,NSFG 2017-2019 FemPreg weighted
United States,2010,33,married,second,36801.18966577814,NSFG 2017-2019 FemPreg weighted
United States,2010,34,married,second,40832.09886050439,NSFG 2017-2019 FemPreg weighted
United States,2010,35,married,second,28730.019183224547,NSFG 2017-2019 FemPreg weighted
United States,2010,36,married,second,25134.058258017292,NSFG 2017-2019 FemPreg weighted
United States,2010,37,married,second,19171.3329452778,NSFG 2017-2019 FemPreg weighted
United States,2010,39,married,second,12049.618401475,NSFG 2017-2019 FemPreg weighted
United States,2010,40,married,second,5624.18962000674,NSFG 2017-2019 FemPreg weighted
United States,2010,20,married,third_plus,11060.4847760398,NSFG 2017-2019 FemPreg weighted
United States,2010,21,married,third_plus,4770.02738253211,NSFG 2017-2019 FemPreg weighted
United States,2010,22,married,third_plus,3799.71784270949,NSFG 2017-2019 FemPreg weighted
United States,2010,23,married,third_plus,17074.89244996032,NSFG 2017-2019 FemPreg weighted
United States,2010,24,married,third_plus,39020.67826695082,NSFG 2017-2019 FemPreg weighted
United States,2010,25,married,third_plus,24613.04971105299,NSFG 2017-2019 FemPreg weighted
United States,2010,26,married,third_plus,5498.28775925725,NSFG 2017-2019 FemPreg weighted
United States,2010,27,married,third_plus,22913.50947767077,NSFG 2017-2019 FemPreg weighted
United States,2010,28,married,third_plus,55433.1714587743,NSFG 2017-2019 FemPreg weighted
United States,2010,29,married,third_plus,32758.4987444028,NSFG 2017-2019 FemPreg weighted
United States,2010,30,married,third_plus,2559.64510448003,NSFG 2017-2019 FemPreg weighted
United States,2010,31,married,third_plus,31831.48072508127,NSFG 2017-2019 FemPreg weighted
United States,2010,32,married,third_plus,13131.28804715089,NSFG 2017-2019 FemPreg weighted
United States,2010,33,married,third_plus,39003.98134331836,NSFG 2017-2019 FemPreg weighted
United States,2010,34,married,third_plus,15958.87358909177,NSFG 2017-2019 FemPreg weighted
United States,2010,36,married,third_plus,12343.3669267992,NSFG 2017-2019 FemPreg weighted
United States,2010,37,married,third_plus,136190.0197153375,NSFG 2017-2019 FemPreg weighted
United States,2010,38,married,third_plus,7871.415081439291,NSFG 2017-2019 FemPreg weighted
United States,2010,39,married,third_plus,27086.70840211519,NSFG 2017-2019 FemPreg weighted
United States,2010,41,married,third_plus,84666.50479411069,NSFG 2017-2019 FemPreg weighted
United States,2010,15,unmarried,all,14695.590218626621,NSFG 2017-2019 FemPreg weighted
United States,2010,16,unmarried,all,9858.30557253409,NSFG 2017-2019 FemPreg weighted
United States,2010,17,unmarried,all,76143.49054820416,NSFG 2017-2019 FemPreg weighted
United States,2010,18,unmarried,all,52932.102517860476,NSFG 2017-2019 FemPreg weighted
United States,2010,19,unmarried,all,209276.55201251348,NSFG 2017-2019 FemPreg weighted
United States,2010,20,unmarried,all,133350.41667485383,NSFG 2017-2019 FemPreg weighted
United States,2010,21,unmarried,all,207370.66221551754,NSFG 2017-2019 FemPreg weighted
United States,2010,22,unmarried,all,111631.48983478392,NSFG 2017-2019 FemPreg weighted
United States,2010,23,unmarried,all,68205.6982299771,NSFG 2017-2019 FemPreg weighted
United States,2010,24,unmarried,all,167233.6059435165,NSFG 2017-2019 FemPreg weighted
United States,2010,25,unmarried,all,106760.02259515288,NSFG 2017-2019 FemPreg weighted
United States,2010,26,unmarried,all,128491.15099904985,NSFG 2017-2019 FemPreg weighted
United States,2010,27,unmarried,all,123597.53772115578,NSFG 2017-2019 FemPreg weighted
United States,2010,28,unmarried,all,67012.33218223104,NSFG 2017-2019 FemPreg weighted
United States,2010,29,unmarried,all,59376.74204855063,NSFG 2017-2019 FemPreg weighted
United States,2010,30,unmarried,all,35067.46433693893,NSFG 2017-2019 FemPreg weighted
United States,2010,31,unmarried,all,96634.75231282397,NSFG 2017-2019 FemPreg weighted
United States,2010,32,unmarried,all,45900.56106710488,NSFG 2017-2019 FemPreg weighted
United States,2010,33,unmarried,all,37804.690873995496,NSFG 2017-2019 FemPreg weighted
United States,2010,34,unmarried,all,1872.90066752959,NSFG 2017-2019 FemPreg weighted
United States,2010,36,unmarried,all,24425.20274901459,NSFG 2017-2019 FemPreg weighted
United States,2010,37,unmarried,all,10349.6697677756,NSFG 2017-2019 FemPreg weighted
United States,2010,39,unmarried,all,15312.462590259838,NSFG 2017-2019 FemPreg weighted
United States,2010,40,unmarried,all,9179.96743824293,NSFG 2017-2019 FemPreg weighted
United States,2010,15,unmarried,first,14695.590218626621,NSFG 2017-2019 FemPreg weighted
United States,2010,16,unmarried,first,9858.30557253409,NSFG 2017-2019 FemPreg weighted
United States,2010,17,unmarried,first,74479.23083174329,NSFG 2017-2019 FemPreg weighted
United States,2010,18,unmarried,first,39796.29240101869,NSFG 2017-2019 FemPreg weighted
United States,2010,19,unmarried,first,179866.58961675642,NSFG 2017-2019 FemPreg weighted
United States,2010,20,unmarried,first,56325.31610522371,NSFG 2017-2019 FemPreg weighted
United States,2010,21,unmarried,first,106546.8517454887,NSFG 2017-2019 FemPreg weighted
United States,2010,22,unmarried,first,65769.66207874173,NSFG 2017-2019 FemPreg weighted
United States,2010,23,unmarried,first,46100.16810401627,NSFG 2017-2019 FemPreg weighted
United States,2010,24,unmarried,first,63235.98883657344,NSFG 2017-2019 FemPreg weighted
United States,2010,25,unmarried,first,39236.243973174925,NSFG 2017-2019 FemPreg weighted
United States,2010,26,unmarried,first,17889.0644946696,NSFG 2017-2019 FemPreg weighted
United States,2010,27,unmarried,first,16050.893925278671,NSFG 2017-2019 FemPreg weighted
United States,2010,28,unmarried,first,24911.482018223578,NSFG 2017-2019 FemPreg weighted
United States,2010,29,unmarried,first,19419.89534866589,NSFG 2017-2019 FemPreg weighted
United States,2010,30,unmarried,first,19256.62444956883,NSFG 2017-2019 FemPreg weighted
United States,2010,31,unmarried,first,24286.268268316417,NSFG 2017-2019 FemPreg weighted
United States,2010,32,unmarried,first,7725.11994689684,NSFG 2017-2019 FemPreg weighted
United States,2010,33,unmarried,first,2842.13710500477,NSFG 2017-2019 FemPreg weighted
United States,2010,36,unmarried,first,2816.45171316869,NSFG 2017-2019 FemPreg weighted
United States,2010,17,unmarried,second,1664.25971646088,NSFG 2017-2019 FemPreg weighted
United States,2010,18,unmarried,second,13135.810116841782,NSFG 2017-2019 FemPreg weighted
United States,2010,19,unmarried,second,29409.962395757047,NSFG 2017-2019 FemPreg weighted
United States,2010,20,unmarried,second,55697.59774485359,NSFG 2017-2019 FemPreg weighted
United States,2010,21,unmarried,second,98320.26794558243,NSFG 2017-2019 FemPreg weighted
United States,2010,22,unmarried,second,24082.84764750073,NSFG 2017-2019 FemPreg weighted
United States,2010,23,unmarried,second,19497.6825758813,NSFG 2017-2019 FemPreg weighted
United States,2010,24,unmarried,second,67913.97369833523,NSFG 2017-2019 FemPreg weighted
United States,2010,25,unmarried,second,19313.06527946688,NSFG 2017-2019 FemPreg weighted
United States,2010,26,unmarried,second,75233.53729611982,NSFG 2017-2019 FemPreg weighted
United States,2010,27,unmarried,second,26316.55422305354,NSFG 2017-2019 FemPreg weighted
United States,2010,28,unmarried,second,18715.89823398566,NSFG 2017-2019 FemPreg weighted
United States,2010,29,unmarried,second,34484.45401813135,NSFG 2017-2019 FemPreg weighted
United States,2010,30,unmarried,second,14469.9778873701,NSFG 2017-2019 FemPreg weighted
United States,2010,32,unmarried,second,14031.536735826721,NSFG 2017-2019 FemPreg weighted
United States,2010,33,unmarried,second,12934.9366725807,NSFG 2017-2019 FemPreg weighted
United States,2010,36,unmarried,second,17855.01691842039,NSFG 2017-2019 FemPreg weighted
United States,2010,37,unmarried,second,10349.6697677756,NSFG 2017-2019 FemPreg weighted
United States,2010,20,unmarried,third_plus,21327.5028247765,NSFG 2017-2019 FemPreg weighted
United States,2010,21,unmarried,third_plus,2503.54252444643,NSFG 2017-2019 FemPreg weighted
United States,2010,22,unmarried,third_plus,21778.980108541447,NSFG 2017-2019 FemPreg weighted
United States,2010,23,unmarried,third_plus,2607.84755007953,NSFG 2017-2019 FemPreg weighted
United States,2010,24,unmarried,third_plus,36083.643408607844,NSFG 2017-2019 FemPreg weighted
United States,2010,25,unmarried,third_plus,48210.71334251108,NSFG 2017-2019 FemPreg weighted
United States,2010,26,unmarried,third_plus,35368.54920826044,NSFG 2017-2019 FemPreg weighted
United States,2010,27,unmarried,third_plus,81230.08957282358,NSFG 2017-2019 FemPreg weighted
United States,2010,28,unmarried,third_plus,23384.95193002181,NSFG 2017-2019 FemPreg weighted
United States,2010,29,unmarried,third_plus,5472.39268175339,NSFG 2017-2019 FemPreg weighted
United States,2010,30,unmarried,third_plus,1340.862,NSFG 2017-2019 FemPreg weighted
United States,2010,31,unmarried,third_plus,72348.48404450755,NSFG 2017-2019 FemPreg weighted
United States,2010,32,unmarried,third_plus,24143.90438438132,NSFG 2017-2019 FemPreg weighted
United States,2010,33,unmarried,third_plus,22027.61709641003,NSFG 2017-2019 FemPreg weighted
United States,2010,34,unmarried,third_plus,1872.90066752959,NSFG 2017-2019 FemPreg weighted
United States,2010,36,unmarried,third_plus,3753.73411742551,NSFG 2017-2019 FemPreg weighted
United States,2010,39,unmarried,third_plus,15312.462590259838,NSFG 2017-2019 FemPreg weighted
United States,2010,40,unmarried,third_plus,9179.96743824293,NSFG 2017-2019 FemPreg weighted
United States,2011,17,married,all,11552.0260968174,NSFG 2017-2019 FemPreg weighted
United States,2011,18,married,all,18196.6224841966,NSFG 2017-2019 FemPreg weighted
United States,2011,19,married,all,4566.16442233318,NSFG 2017-2019 FemPreg weighted
United States,2011,20,married,all,27891.30544746657,NSFG 2017-2019 FemPreg weighted
United States,2011,21,married,all,124215.49510090194,NSFG 2017-2019 FemPreg weighted
United States,2011,22,married,all,56563.15068367414,NSFG 2017-2019 FemPreg weighted
United States,2011,23,married,all,77122.44847969734,NSFG 2017-2019 FemPreg weighted
United States,2011,24,married,all,29844.06351501764,NSFG 2017-2019 FemPreg weighted
United States,2011,25,married,all,70600.49180963212,NSFG 2017-2019 FemPreg weighted
United States,2011,26,married,all,67180.89583086812,NSFG 2017-2019 FemPreg weighted
United States,2011,27,married,all,66650.2508988485,NSFG 2017-2019 FemPreg weighted
United States,2011,28,married,all,211756.31042353218,NSFG 2017-2019 FemPreg weighted
United States,2011,29,married,all,234171.514538145,NSFG 2017-2019 FemPreg weighted
United States,2011,30,married,all,140160.87446784865,NSFG 2017-2019 FemPreg weighted
United States,2011,31,married,all,132747.08039667527,NSFG 2017-2019 FemPreg weighted
United States,2011,32,married,all,109287.80385491604,NSFG 2017-2019 FemPreg weighted
United States,2011,33,married,all,142631.53135543838,NSFG 2017-2019 FemPreg weighted
United States,2011,34,married,all,232401.21964934873,NSFG 2017-2019 FemPreg weighted
United States,2011,35,married,all,52032.90952626415,NSFG 2017-2019 FemPreg weighted
United States,2011,36,married,all,133003.58503283066,NSFG 2017-2019 FemPreg weighted
United States,2011,37,married,all,12312.6361890635,NSFG 2017-2019 FemPreg weighted
United States,2011,38,married,all,35837.770269685054,NSFG 2017-2019 FemPreg weighted
United States,2011,39,married,all,178231.74834363785,NSFG 2017-2019 FemPreg weighted
United States,2011,40,married,all,27776.9362049783,NSFG 2017-2019 FemPreg weighted
United States,2011,41,married,all,6505.881408933021,NSFG 2017-2019 FemPreg weighted
United States,2011,42,married,all,4254.61113544251,NSFG 2017-2019 FemPreg weighted
United States,2011,17,married,first,11552.0260968174,NSFG 2017-2019 FemPreg weighted
United States,2011,18,married,first,18196.6224841966,NSFG 2017-2019 FemPreg weighted
United States,2011,20,married,first,27891.30544746657,NSFG 2017-2019 FemPreg weighted
United States,2011,21,married,first,10596.1775944582,NSFG 2017-2019 FemPreg weighted
United States,2011,22,married,first,30669.01626933427,NSFG 2017-2019 FemPreg weighted
United States,2011,23,married,first,3978.17860769733,NSFG 2017-2019 FemPreg weighted
United States,2011,24,married,first,12089.31536955943,NSFG 2017-2019 FemPreg weighted
United States,2011,25,married,first,33418.27729360516,NSFG 2017-2019 FemPreg weighted
United States,2011,26,married,first,41932.780787728894,NSFG 2017-2019 FemPreg weighted
United States,2011,27,married,first,33527.81783622496,NSFG 2017-2019 FemPreg weighted
United States,2011,28,married,first,71081.67659528404,NSFG 2017-2019 FemPreg weighted
United States,2011,29,married,first,37827.7363621066,NSFG 2017-2019 FemPreg weighted
United States,2011,30,married,first,88775.46811217973,NSFG 2017-2019 FemPreg weighted
United States,2011,31,married,first,69230.55969111172,NSFG 2017-2019 FemPreg weighted
United States,2011,33,married,first,9927.22139401225,NSFG 2017-2019 FemPreg weighted
United States,2011,34,married,first,41080.181719641805,NSFG 2017-2019 FemPreg weighted
United States,2011,35,married,first,6909.63477578573,NSFG 2017-2019 FemPreg weighted
United States,2011,36,married,first,40108.7939521312,NSFG 2017-2019 FemPreg weighted
United States,2011,37,married,first,12312.6361890635,NSFG 2017-2019 FemPreg weighted
United States,2011,39,married,first,95771.68270121861,NSFG 2017-2019 FemPreg weighted
United States,2011,40,married,first,11832.5866125263,NSFG 2017-2019 FemPreg weighted
United States,2011,42,married,first,4254.61113544251,NSFG 2017-2019 FemPreg weighted
United States,2011,19,married,second,4566.16442233318,NSFG 2017-2019 FemPreg weighted
United States,2011,21,married,second,69707.06571408984,NSFG 2017-2019 FemPreg weighted
United States,2011,22,married,second,5067.15158677448,NSFG 2017-2019 FemPreg weighted
United States,2011,23,married,second,57220.10657066297,NSFG 2017-2019 FemPreg weighted
United States,2011,24,married,second,3087.70256307934,NSFG 2017-2019 FemPreg weighted
United States,2011,25,married,second,12699.744709282071,NSFG 2017-2019 FemPreg weighted
United States,2011,26,married,second,18359.9861258575,NSFG 2017-2019 FemPreg weighted
United States,2011,27,married,second,18253.34681601986,NSFG 2017-2019 FemPreg weighted
United States,2011,28,married,second,17272.19699099741,NSFG 2017-2019 FemPreg weighted
United States,2011,29,married,second,131350.8187014443,NSFG 2017-2019 FemPreg weighted
United States,2011,30,married,second,26711.042310674333,NSFG 2017-2019 FemPreg weighted
United States,2011,31,married,second,43543.3470696995,NSFG 2017-2019 FemPreg weighted
United States,2011,32,married,second,91473.24262488328,NSFG 2017-2019 FemPreg weighted
United States,2011,33,married,second,125724.84371878231,NSFG 2017-2019 FemPreg weighted
United States,2011,34,married,second,170793.68512050112,NSFG 2017-2019 FemPreg weighted
United States,2011,35,married,second,28465.82801190027,NSFG 2017-2019 FemPreg weighted
United States,2011,36,married,second,37088.09416214706,NSFG 2017-2019 FemPreg weighted
United States,2011,38,married,second,34030.156988568895,NSFG 2017-2019 FemPreg weighted
United States,2011,39,married,second,51930.45681475064,NSFG 2017-2019 FemPreg weighted
United States,2011,40,married,second,15944.349592452,NSFG 2017-2019 FemPreg weighted
United States,2011,41,married,second,2901.54444713195,NSFG 2017-2019 FemPreg weighted
United States,2011,21,married,third_plus,43912.2517923539,NSFG 2017-2019 FemPreg weighted
United States,2011,22,married,third_plus,20826.98282756539,NSFG 2017-2019 FemPreg weighted
United States,2011,23,married,third_plus,15924.163301337041,NSFG 2017-2019 FemPreg weighted
United States,2011,24,married,third_plus,14667.045582378869,NSFG 2017-2019 FemPreg weighted
United States,2011,25,married,third_plus,24482.469806744888,NSFG 2017-2019 FemPreg weighted
United States,2011,26,married,third_plus,6888.12891728172,NSFG 2017-2019 FemPreg weighted
United States,2011,27,married,third_plus,14869.086246603689,NSFG 2017-2019 FemPreg weighted
United States,2011,28,married,third_plus,123402.43683725073,NSFG 2017-2019 FemPreg weighted
United States,2011,29,married,third_plus,64992.9594745941,NSFG 2017-2019 FemPreg weighted
United States,2011,30,married,third_plus,24674.36404499458,NSFG 2017-2019 FemPreg weighted
United States,2011,31,married,third_plus,19973.173635864052,NSFG 2017-2019 FemPreg weighted
United States,2011,32,married,third_plus,17814.56123003277,NSFG 2017-2019 FemPreg weighted
United States,2011,33,married,third_plus,6979.46624264381,NSFG 2017-2019 FemPreg weighted
United States,2011,34,married,third_plus,20527.3528092058,NSFG 2017-2019 FemPreg weighted
United States,2011,35,married,third_plus,16657.44673857815,NSFG 2017-2019 FemPreg weighted
United States,2011,36,married,third_plus,55806.69691855239,NSFG 2017-2019 FemPreg weighted
United States,2011,38,married,third_plus,1807.61328111616,NSFG 2017-2019 FemPreg weighted
United States,2011,39,married,third_plus,30529.6088276686,NSFG 2017-2019 FemPreg weighted
United States,2011,41,married,third_plus,3604.33696180107,NSFG 2017-2019 FemPreg weighted
United States,2011,16,unmarried,all,8058.48262399264,NSFG 2017-2019 FemPreg weighted
United States,2011,17,unmarried,all,44097.72977684166,NSFG 2017-2019 FemPreg weighted
United States,2011,18,unmarried,all,65590.65288601858,NSFG 2017-2019 FemPreg weighted
United States,2011,19,unmarried,all,67759.06155102764,NSFG 2017-2019 FemPreg weighted
United States,2011,20,unmarried,all,109200.04092432122,NSFG 2017-2019 FemPreg weighted
United States,2011,21,unmarried,all,199813.1006292049,NSFG 2017-2019 FemPreg weighted
United States,2011,22,unmarried,all,59113.14246171295,NSFG 2017-2019 FemPreg weighted
United States,2011,23,unmarried,all,102378.38518961519,NSFG 2017-2019 FemPreg weighted
United States,2011,24,unmarried,all,83405.24082785338,NSFG 2017-2019 FemPreg weighted
United States,2011,25,unmarried,all,130450.37561481653,NSFG 2017-2019 FemPreg weighted
United States,2011,26,unmarried,all,133716.29927977014,NSFG 2017-2019 FemPreg weighted
United States,2011,27,unmarried,all,29292.0492993496,NSFG 2017-2019 FemPreg weighted
United States,2011,28,unmarried,all,53379.53096826929,NSFG 2017-2019 FemPreg weighted
United States,2011,29,unmarried,all,66611.53417720312,NSFG 2017-2019 FemPreg weighted
United States,2011,30,unmarried,all,14275.89726991148,NSFG 2017-2019 FemPreg weighted
United States,2011,31,unmarried,all,54260.89601802946,NSFG 2017-2019 FemPreg weighted
United States,2011,32,unmarried,all,42818.098109411265,NSFG 2017-2019 FemPreg weighted
United States,2011,33,unmarried,all,7151.94002567202,NSFG 2017-2019 FemPreg weighted
United States,2011,34,unmarried,all,8936.62375030319,NSFG 2017-2019 FemPreg weighted
United States,2011,35,unmarried,all,2466.05037875574,NSFG 2017-2019 FemPreg weighted
United States,2011,36,unmarried,all,8999.59594750746,NSFG 2017-2019 FemPreg weighted
United States,2011,37,unmarried,all,17855.79370329608,NSFG 2017-2019 FemPreg weighted
United States,2011,38,unmarried,all,36016.3662281375,NSFG 2017-2019 FemPreg weighted
United States,2011,40,unmarried,all,12169.83546638325,NSFG 2017-2019 FemPreg weighted
United States,2011,41,unmarried,all,9179.96743824293,NSFG 2017-2019 FemPreg weighted
United States,2011,16,unmarried,first,8058.48262399264,NSFG 2017-2019 FemPreg weighted
United States,2011,17,unmarried,first,32464.03250453494,NSFG 2017-2019 FemPreg weighted
United States,2011,18,unmarried,first,51635.165085464396,NSFG 2017-2019 FemPreg weighted
United States,2011,19,unmarried,first,42991.448602147095,NSFG 2017-2019 FemPreg weighted
United States,2011,20,unmarried,first,106624.1797521242,NSFG 2017-2019 FemPreg weighted
United States,2011,21,unmarried,first,148540.94548752054,NSFG 2017-2019 FemPreg weighted
United States,2011,22,unmarried,first,25681.85808499572,NSFG 2017-2019 FemPreg weighted
United States,2011,23,unmarried,first,65153.056366747376,NSFG 2017-2019 FemPreg weighted
United States,2011,24,unmarried,first,51534.414255132244,NSFG 2017-2019 FemPreg weighted
United States,2011,25,unmarried,first,41899.828036861436,NSFG 2017-2019 FemPreg weighted
United States,2011,26,unmarried,first,48896.727208810815,NSFG 2017-2019 FemPreg weighted
United States,2011,27,unmarried,first,3079.61536510165,NSFG 2017-2019 FemPreg weighted
United States,2011,29,unmarried,first,22565.78538539318,NSFG 2017-2019 FemPreg weighted
United States,2011,30,unmarried,first,12453.44919005387,NSFG 2017-2019 FemPreg weighted
United States,2011,31,unmarried,first,3184.23570837292,NSFG 2017-2019 FemPreg weighted
United States,2011,32,unmarried,first,35013.169602558795,NSFG 2017-2019 FemPreg weighted
United States,2011,34,unmarried,first,8936.62375030319,NSFG 2017-2019 FemPreg weighted
United States,2011,17,unmarried,second,11633.69727230672,NSFG 2017-2019 FemPreg weighted
United States,2011,18,unmarried,second,13955.487800554189,NSFG 2017-2019 FemPreg weighted
United States,2011,19,unmarried,second,24767.612948880538,NSFG 2017-2019 FemPreg weighted
United States,2011,21,unmarried,second,29426.82779270685,NSFG 2017-2019 FemPreg weighted
United States,2011,22,unmarried,second,6491.30780859701,NSFG 2017-2019 FemPreg weighted
United States,2011,23,unmarried,second,22509.43423021589,NSFG 2017-2019 FemPreg weighted
United States,2011,24,unmarried,second,28794.816986415237,NSFG 2017-2019 FemPreg weighted
United States,2011,25,unmarried,second,87209.6855779551,NSFG 2017-2019 FemPreg weighted
United States,2011,26,unmarried,second,66448.74376029798,NSFG 2017-2019 FemPreg weighted
United States,2011,27,unmarried,second,13011.84385051714,NSFG 2017-2019 FemPreg weighted
United States,2011,28,unmarried,second,2938.58019080298,NSFG 2017-2019 FemPreg weighted
United States,2011,29,unmarried,second,30326.6954619391,NSFG 2017-2019 FemPreg weighted
United States,2011,31,unmarried,second,26455.84001752467,NSFG 2017-2019 FemPreg weighted
United States,2011,32,unmarried,second,7804.92850685247,NSFG 2017-2019 FemPreg weighted
United States,2011,35,unmarried,second,2466.05037875574,NSFG 2017-2019 FemPreg weighted
United States,2011,36,unmarried,second,4945.86063310699,NSFG 2017-2019 FemPreg weighted
United States,2011,40,unmarried,second,6449.25084907535,NSFG 2017-2019 FemPreg weighted
United States,2011,20,unmarried,third_plus,2575.86117219703,NSFG 2017-2019 FemPreg weighted
United States,2011,21,unmarried,third_plus,21845.32734897754,NSFG 2017-2019 FemPreg weighted
United States,2011,22,unmarried,third_plus,26939.97656812022,NSFG 2017-2019 FemPreg weighted
United States,2011,23,unmarried,third_plus,14715.89459265193,NSFG 2017-2019 FemPreg weighted
United States,2011,24,unmarried,third_plus,3076.00958630591,NSFG 2017-2019 FemPreg weighted
United States,2011,25,unmarried,third_plus,1340.862,NSFG 2017-2019 FemPreg weighted
United States,2011,26,unmarried,third_plus,18370.828310661353,NSFG 2017-2019 FemPreg weighted
United States,2011,27,unmarried,third_plus,13200.59008373081,NSFG 2017-2019 FemPreg weighted
United States,2011,28,unmarried,third_plus,50440.95077746631,NSFG 2017-2019 FemPreg weighted
United States,2011,29,unmarried,third_plus,13719.05332987084,NSFG 2017-2019 FemPreg weighted
United States,2011,30,unmarried,third_plus,1822.44807985761,NSFG 2017-2019 FemPreg weighted
United States,2011,31,unmarried,third_plus,24620.82029213187,NSFG 2017-2019 FemPreg weighted
United States,2011,33,unmarried,third_plus,7151.94002567202,NSFG 2017-2019 FemPreg weighted
United States,2011,36,unmarried,third_plus,4053.73531440047,NSFG 2017-2019 FemPreg weighted
United States,2011,37,unmarried,third_plus,17855.79370329608,NSFG 2017-2019 FemPreg weighted
United States,2011,38,unmarried,third_plus,36016.3662281375,NSFG 2017-2019 FemPreg weighted
United States,2011,40,unmarried,third_plus,5720.5846173079,NSFG 2017-2019 FemPreg weighted
United States,2011,41,unmarried,third_plus,9179.96743824293,NSFG 2017-2019 FemPreg weighted
United States,2012,18,married,all,7619.46856804432,NSFG 2017-2019 FemPreg weighted
United States,2012,19,married,all,37056.149360028634,NSFG 2017-2019 FemPreg weighted
United States,2012,20,married,all,21251.323818143348,NSFG 2017-2019 FemPreg weighted
United States,2012,21,married,all,43968.22835601718,NSFG 2017-2019 FemPreg weighted
United States,2012,22,married,all,30217.45176809997,NSFG 2017-2019 FemPreg weighted
United States,2012,23,married,all,41681.41930137666,NSFG 2017-2019 FemPreg weighted
United States,2012,24,married,all,134303.41060392896,NSFG 2017-2019 FemPreg weighted
United States,2012,25,married,all,190746.50341438252,NSFG 2017-2019 FemPreg weighted
United States,2012,26,married,all,101501.91231905957,NSFG 2017-2019 FemPreg weighted
United States,2012,27,married,all,93098.85351448855,NSFG 2017-2019 FemPreg weighted
United States,2012,28,married,all,253093.47552489623,NSFG 2017-2019 FemPreg weighted
United States,2012,29,married,all,131924.21895568963,NSFG 2017-2019 FemPreg weighted
United States,2012,30,married,all,183850.66331422143,NSFG 2017-2019 FemPreg weighted
United States,2012,31,married,all,122116.20664744117,NSFG 2017-2019 FemPreg weighted
United States,2012,32,married,all,180457.59053673653,NSFG 2017-2019 FemPreg weighted
United States,2012,33,married,all,155953.75211473883,NSFG 2017-2019 FemPreg weighted
United States,2012,34,married,all,106475.10987078563,NSFG 2017-2019 FemPreg weighted
United States,2012,35,married,all,98932.6940961233,NSFG 2017-2019 FemPreg weighted
United States,2012,36,married,all,114113.68869566309,NSFG 2017-2019 FemPreg weighted
United States,2012,37,married,all,88810.25381226094,NSFG 2017-2019 FemPreg weighted
United States,2012,38,married,all,64187.6590369507,NSFG 2017-2019 FemPreg weighted
United States,2012,39,married,all,53970.32782012897,NSFG 2017-2019 FemPreg weighted
United States,2012,40,married,all,46325.81505659907,NSFG 2017-2019 FemPreg weighted
United States,2012,41,married,all,26060.7501221267,NSFG 2017-2019 FemPreg weighted
United States,2012,43,married,all,44539.91785352366,NSFG 2017-2019 FemPreg weighted
United States,2012,18,married,first,7619.46856804432,NSFG 2017-2019 FemPreg weighted
United States,2012,19,married,first,18859.526875832038,NSFG 2017-2019 FemPreg weighted
United States,2012,20,married,first,10129.685240090439,NSFG 2017-2019 FemPreg weighted
United States,2012,21,married,first,9943.80686879608,NSFG 2017-2019 FemPreg weighted
United States,2012,22,married,first,11655.280089731688,NSFG 2017-2019 FemPreg weighted
United States,2012,23,married,first,4825.7944140007,NSFG 2017-2019 FemPreg weighted
United States,2012,24,married,first,65486.4320639542,NSFG 2017-2019 FemPreg weighted
United States,2012,25,married,first,113527.04798877382,NSFG 2017-2019 FemPreg weighted
United States,2012,26,married,first,57579.47983657553,NSFG 2017-2019 FemPreg weighted
United States,2012,27,married,first,7828.46035388133,NSFG 2017-2019 FemPreg weighted
United States,2012,28,married,first,64079.80897657223,NSFG 2017-2019 FemPreg weighted
United States,2012,29,married,first,68326.40211660156,NSFG 2017-2019 FemPreg weighted
United States,2012,30,married,first,90539.19198555725,NSFG 2017-2019 FemPreg weighted
United States,2012,31,married,first,36712.4577678317,NSFG 2017-2019 FemPreg weighted
United States,2012,32,married,first,65812.51402310778,NSFG 2017-2019 FemPreg weighted
United States,2012,33,married,first,66116.97293252796,NSFG 2017-2019 FemPreg weighted
United States,2012,34,married,first,4891.26745264041,NSFG 2017-2019 FemPreg weighted
United States,2012,35,married,first,34018.4532242822,NSFG 2017-2019 FemPreg weighted
United States,2012,36,married,first,8271.5788774477,NSFG 2017-2019 FemPreg weighted
United States,2012,37,married,first,6469.27857195865,NSFG 2017-2019 FemPreg weighted
United States,2012,41,married,first,13621.1974209081,NSFG 2017-2019 FemPreg weighted
United States,2012,19,married,second,18196.6224841966,NSFG 2017-2019 FemPreg weighted
United States,2012,20,married,second,11121.638578052909,NSFG 2017-2019 FemPreg weighted
United States,2012,21,married,second,34024.4214872211,NSFG 2017-2019 FemPreg weighted
United States,2012,22,married,second,4141.57509908149,NSFG 2017-2019 FemPreg weighted
United States,2012,23,married,second,36855.62488737596,NSFG 2017-2019 FemPreg weighted
United States,2012,24,married,second,45445.6525056777,NSFG 2017-2019 FemPreg weighted
United States,2012,25,married,second,34502.00993247403,NSFG 2017-2019 FemPreg weighted
United States,2012,26,married,second,13087.581374387639,NSFG 2017-2019 FemPreg weighted
United States,2012,27,married,second,61016.36960060397,NSFG 2017-2019 FemPreg weighted
United States,2012,28,married,second,68210.74317771052,NSFG 2017-2019 FemPreg weighted
United States,2012,29,married,second,9429.36079897177,NSFG 2017-2019 FemPreg weighted
United States,2012,30,married,second,55702.28928274283,NSFG 2017-2019 FemPreg weighted
United States,2012,31,married,second,61683.404771817826,NSFG 2017-2019 FemPreg weighted
United States,2012,32,married,second,87007.10995695143,NSFG 2017-2019 FemPreg weighted
United States,2012,33,married,second,48191.92664656609,NSFG 2017-2019 FemPreg weighted
United States,2012,34,married,second,44412.95303046044,NSFG 2017-2019 FemPreg weighted
United States,2012,35,married,second,19091.4775236981,NSFG 2017-2019 FemPreg weighted
United States,2012,36,married,second,71596.1964786062,NSFG 2017-2019 FemPreg weighted
United States,2012,37,married,second,82340.97524030229,NSFG 2017-2019 FemPreg weighted
United States,2012,39,married,second,29550.5707067728,NSFG 2017-2019 FemPreg weighted
United States,2012,40,married,second,18520.871263708672,NSFG 2017-2019 FemPreg weighted
United States,2012,41,married,second,12439.5527012186,NSFG 2017-2019 FemPreg weighted
United States,2012,43,married,second,9628.57189855946,NSFG 2017-2019 FemPreg weighted
United States,2012,22,married,third_plus,14420.59657928679,NSFG 2017-2019 FemPreg weighted
United States,2012,24,married,third_plus,23371.32603429706,NSFG 2017-2019 FemPreg weighted
United States,2012,25,married,third_plus,42717.44549313466,NSFG 2017-2019 FemPreg weighted
United States,2012,26,married,third_plus,30834.851108096416,NSFG 2017-2019 FemPreg weighted
United States,2012,27,married,third_plus,24254.02356000327,NSFG 2017-2019 FemPreg weighted
United States,2012,28,married,third_plus,120802.92337061347,NSFG 2017-2019 FemPreg weighted
United States,2012,29,married,third_plus,54168.45604011632,NSFG 2017-2019 FemPreg weighted
United States,2012,30,married,third_plus,37609.182045921334,NSFG 2017-2019 FemPreg weighted
United States,2012,31,married,third_plus,23720.344107791647,NSFG 2017-2019 FemPreg weighted
United States,2012,32,married,third_plus,27637.9665566773,NSFG 2017-2019 FemPreg weighted
United States,2012,33,married,third_plus,41644.85253564478,NSFG 2017-2019 FemPreg weighted
United States,2012,34,married,third_plus,57170.88938768478,NSFG 2017-2019 FemPreg weighted
United States,2012,35,married,third_plus,45822.763348142995,NSFG 2017-2019 FemPreg weighted
United States,2012,36,married,third_plus,34245.9133396092,NSFG 2017-2019 FemPreg weighted
United States,2012,38,married,third_plus,64187.6590369507,NSFG 2017-2019 FemPreg weighted
United States,2012,39,married,third_plus,24419.757113356172,NSFG 2017-2019 FemPreg weighted
United States,2012,40,married,third_plus,27804.9437928904,NSFG 2017-2019 FemPreg weighted
United States,2012,43,married,third_plus,34911.3459549642,NSFG 2017-2019 FemPreg weighted
United States,2012,15,unmarried,all,20513.71712889598,NSFG 2017-2019 FemPreg weighted
United States,2012,16,unmarried,all,30441.060414881533,NSFG 2017-2019 FemPreg weighted
United States,2012,17,unmarried,all,44806.747373462786,NSFG 2017-2019 FemPreg weighted
United States,2012,18,unmarried,all,64899.934585682364,NSFG 2017-2019 FemPreg weighted
United States,2012,19,unmarried,all,124844.88949646162,NSFG 2017-2019 FemPreg weighted
United States,2012,20,unmarried,all,84396.79760300707,NSFG 2017-2019 FemPreg weighted
United States,2012,21,unmarried,all,98758.80029758997,NSFG 2017-2019 FemPreg weighted
United States,2012,22,unmarried,all,112414.21507546122,NSFG 2017-2019 FemPreg weighted
United States,2012,23,unmarried,all,67401.77353350674,NSFG 2017-2019 FemPreg weighted
United States,2012,24,unmarried,all,100781.86480876821,NSFG 2017-2019 FemPreg weighted
United States,2012,25,unmarried,all,72900.4811419922,NSFG 2017-2019 FemPreg weighted
United States,2012,26,unmarried,all,77970.7350727765,NSFG 2017-2019 FemPreg weighted
United States,2012,27,unmarried,all,94264.50898706738,NSFG 2017-2019 FemPreg weighted
United States,2012,28,unmarried,all,45699.12174420706,NSFG 2017-2019 FemPreg weighted
United States,2012,29,unmarried,all,91038.12853084621,NSFG 2017-2019 FemPreg weighted
United States,2012,30,unmarried,all,25998.53437804144,NSFG 2017-2019 FemPreg weighted
United States,2012,31,unmarried,all,20754.10508781241,NSFG 2017-2019 FemPreg weighted
United States,2012,32,unmarried,all,23027.12519165629,NSFG 2017-2019 FemPreg weighted
United States,2012,33,unmarried,all,24238.952756638937,NSFG 2017-2019 FemPreg weighted
United States,2012,34,unmarried,all,40451.2708351951,NSFG 2017-2019 FemPreg weighted
United States,2012,35,unmarried,all,83307.6061269069,NSFG 2017-2019 FemPreg weighted
United States,2012,36,unmarried,all,32176.624466077337,NSFG 2017-2019 FemPreg weighted
United States,2012,37,unmarried,all,37168.95094572638,NSFG 2017-2019 FemPreg weighted
United States,2012,39,unmarried,all,17281.582414193268,NSFG 2017-2019 FemPreg weighted
United States,2012,40,unmarried,all,3224.28888748954,NSFG 2017-2019 FemPreg weighted
United States,2012,42,unmarried,all,5012.20265001941,NSFG 2017-2019 FemPreg weighted
United States,2012,15,unmarried,first,20513.71712889598,NSFG 2017-2019 FemPreg weighted
United States,2012,16,unmarried,first,30441.060414881533,NSFG 2017-2019 FemPreg weighted
United States,2012,17,unmarried,first,44806.747373462786,NSFG 2017-2019 FemPreg weighted
United States,2012,18,unmarried,first,60659.84648626219,NSFG 2017-2019 FemPreg weighted
United States,2012,19,unmarried,first,106684.75451006439,NSFG 2017-2019 FemPreg weighted
United States,2012,20,unmarried,first,46352.11488750397,NSFG 2017-2019 FemPreg weighted
United States,2012,21,unmarried,first,87678.13618464059,NSFG 2017-2019 FemPreg weighted
United States,2012,22,unmarried,first,59848.69417800237,NSFG 2017-2019 FemPreg weighted
United States,2012,23,unmarried,first,26923.991754954463,NSFG 2017-2019 FemPreg weighted
United States,2012,24,unmarried,first,20789.24513716917,NSFG 2017-2019 FemPreg weighted
United States,2012,26,unmarried,first,46363.14899481546,NSFG 2017-2019 FemPreg weighted
United States,2012,27,unmarried,first,16799.56519495988,NSFG 2017-2019 FemPreg weighted
United States,2012,28,unmarried,first,18139.37249264539,NSFG 2017-2019 FemPreg weighted
United States,2012,32,unmarried,first,3309.42432877232,NSFG 2017-2019 FemPreg weighted
United States,2012,34,unmarried,first,40451.2708351951,NSFG 2017-2019 FemPreg weighted
United States,2012,37,unmarried,first,3006.43764257408,NSFG 2017-2019 FemPreg weighted
United States,2012,39,unmarried,first,6939.420290242269,NSFG 2017-2019 FemPreg weighted
United States,2012,40,unmarried,first,3224.28888748954,NSFG 2017-2019 FemPreg weighted
United States,2012,18,unmarried,second,4240.08809942017,NSFG 2017-2019 FemPreg weighted
United States,2012,19,unmarried,second,15693.114455808642,NSFG 2017-2019 FemPreg weighted
United States,2012,20,unmarried,second,22937.17881197503,NSFG 2017-2019 FemPreg weighted
United States,2012,21,unmarried,second,4936.11909960966,NSFG 2017-2019 FemPreg weighted
United States,2012,22,unmarried,second,45011.84099754521,NSFG 2017-2019 FemPreg weighted
United States,2012,23,unmarried,second,21585.30895056059,NSFG 2017-2019 FemPreg weighted
United States,2012,24,unmarried,second,39438.238639055795,NSFG 2017-2019 FemPreg weighted
United States,2012,25,unmarried,second,71559.61914199221,NSFG 2017-2019 FemPreg weighted
United States,2012,26,unmarried,second,23817.730953309518,NSFG 2017-2019 FemPreg weighted
United States,2012,27,unmarried,second,33587.91812024099,NSFG 2017-2019 FemPreg weighted
United States,2012,28,unmarried,second,11456.188491462231,NSFG 2017-2019 FemPreg weighted
United States,2012,29,unmarried,second,4704.95223736309,NSFG 2017-2019 FemPreg weighted
United States,2012,30,unmarried,second,3479.13316037124,NSFG 2017-2019 FemPreg weighted
United States,2012,31,unmarried,second,5460.72626839321,NSFG 2017-2019 FemPreg weighted
United States,2012,32,unmarried,second,2847.02502229967,NSFG 2017-2019 FemPreg weighted
United States,2012,33,unmarried,second,10734.1580211804,NSFG 2017-2019 FemPreg weighted
United States,2012,37,unmarried,second,34162.5133031523,NSFG 2017-2019 FemPreg weighted
United States,2012,19,unmarried,third_plus,2467.02053058859,NSFG 2017-2019 FemPreg weighted
United States,2012,20,unmarried,third_plus,15107.503903528059,NSFG 2017-2019 FemPreg weighted
United States,2012,21,unmarried,third_plus,6144.54501333972,NSFG 2017-2019 FemPreg weighted
United States,2012,22,unmarried,third_plus,7553.67989991363,NSFG 2017-2019 FemPreg weighted
United States,2012,23,unmarried,third_plus,18892.47282799169,NSFG 2017-2019 FemPreg weighted
United States,2012,24,unmarried,third_plus,40554.38103254324,NSFG 2017-2019 FemPreg weighted
United States,2012,25,unmarried,third_plus,1340.862,NSFG 2017-2019 FemPreg weighted
United States,2012,26,unmarried,third_plus,7789.855124651511,NSFG 2017-2019 FemPreg weighted
United States,2012,27,unmarried,third_plus,43877.02567186652,NSFG 2017-2019 FemPreg weighted
United States,2012,28,unmarried,third_plus,16103.56076009944,NSFG 2017-2019 FemPreg weighted
United States,2012,29,unmarried,third_plus,86333.17629348312,NSFG 2017-2019 FemPreg weighted
United States,2012,30,unmarried,third_plus,22519.4012176702,NSFG 2017-2019 FemPreg weighted
United States,2012,31,unmarried,third_plus,15293.3788194192,NSFG 2017-2019 FemPreg weighted
United States,2012,32,unmarried,third_plus,16870.6758405843,NSFG 2017-2019 FemPreg weighted
United States,2012,33,unmarried,third_plus,13504.79473545854,NSFG 2017-2019 FemPreg weighted
United States,2012,35,unmarried,third_plus,83307.6061269069,NSFG 2017-2019 FemPreg weighted
United States,2012,36,unmarried,third_plus,32176.624466077337,NSFG 2017-2019 FemPreg weighted
United States,2012,39,unmarried,third_plus,10342.162123951,NSFG 2017-2019 FemPreg weighted
United States,2012,42,unmarried,third_plus,5012.20265001941,NSFG 2017-2019 FemPreg weighted
United States,2013,18,married,all,5917.34684869804,NSFG 2017-2019 FemPreg weighted
United States,2013,20,married,all,25314.807653914642,NSFG 2017-2019 FemPreg weighted
United States,2013,21,married,all,34461.03082795324,NSFG 2017-2019 FemPreg weighted
United States,2013,22,married,all,42962.740634604794,NSFG 2017-2019 FemPreg weighted
United States,2013,23,married,all,96794.29101683217,NSFG 2017-2019 FemPreg weighted
United States,2013,24,married,all,51061.623121545315,NSFG 2017-2019 FemPreg weighted
United States,2013,25,married,all,140366.06328581393,NSFG 2017-2019 FemPreg weighted
United States,2013,26,married,all,172737.6933498607,NSFG 2017-2019 FemPreg weighted
United States,2013,27,married,all,173862.83836134925,NSFG 2017-2019 FemPreg weighted
United States,2013,28,married,all,185101.18288029928,NSFG 2017-2019 FemPreg weighted
United States,2013,29,married,all,181472.0339880188,NSFG 2017-2019 FemPreg weighted
United States,2013,30,married,all,121281.11859846952,NSFG 2017-2019 FemPreg weighted
United States,2013,31,married,all,245691.52773232647,NSFG 2017-2019 FemPreg weighted
United States,2013,32,married,all,162927.53673569043,NSFG 2017-2019 FemPreg weighted
United States,2013,33,married,all,142067.11583985298,NSFG 2017-2019 FemPreg weighted
United States,2013,34,married,all,119336.4651946133,NSFG 2017-2019 FemPreg weighted
United States,2013,35,married,all,95072.93273724928,NSFG 2017-2019 FemPreg weighted
United States,2013,36,married,all,96765.45390749387,NSFG 2017-2019 FemPreg weighted
United States,2013,37,married,all,7341.95489831976,NSFG 2017-2019 FemPreg weighted
United States,2013,38,married,all,65707.33977414416,NSFG 2017-2019 FemPreg weighted
United States,2013,39,married,all,20110.858447657498,NSFG 2017-2019 FemPreg weighted
United States,2013,40,married,all,69685.12758593837,NSFG 2017-2019 FemPreg weighted
United States,2013,41,married,all,26922.763528214942,NSFG 2017-2019 FemPreg weighted
United States,2013,42,married,all,15577.07855421901,NSFG 2017-2019 FemPreg weighted
United States,2013,43,married,all,13621.1974209081,NSFG 2017-2019 FemPreg weighted
United States,2013,18,married,first,5917.34684869804,NSFG 2017-2019 FemPreg weighted
United States,2013,21,married,first,20287.54439911113,NSFG 2017-2019 FemPreg weighted
United States,2013,22,married,first,28345.6036456734,NSFG 2017-2019 FemPreg weighted
United States,2013,23,married,first,69490.45717977812,NSFG 2017-2019 FemPreg weighted
United States,2013,24,married,first,21499.6331152785,NSFG 2017-2019 FemPreg weighted
United States,2013,25,married,first,19803.45901689524,NSFG 2017-2019 FemPreg weighted
United States,2013,26,married,first,133964.54082159008,NSFG 2017-2019 FemPreg weighted
United States,2013,27,married,first,105789.58054705591,NSFG 2017-2019 FemPreg weighted
United States,2013,28,married,first,91349.70269435877,NSFG 2017-2019 FemPreg weighted
United States,2013,29,married,first,72349.51318819709,NSFG 2017-2019 FemPreg weighted
United States,2013,30,married,first,67032.47606378428,NSFG 2017-2019 FemPreg weighted
United States,2013,31,married,first,30133.66618271676,NSFG 2017-2019 FemPreg weighted
United States,2013,32,married,first,60724.490873619696,NSFG 2017-2019 FemPreg weighted
United States,2013,33,married,first,3107.85905496738,NSFG 2017-2019 FemPreg weighted
United States,2013,34,married,first,52780.348711065664,NSFG 2017-2019 FemPreg weighted
United States,2013,35,married,first,32270.79542132996,NSFG 2017-2019 FemPreg weighted
United States,2013,36,married,first,34801.74159393412,NSFG 2017-2019 FemPreg weighted
United States,2013,38,married,first,6791.64111219129,NSFG 2017-2019 FemPreg weighted
United States,2013,39,married,first,9355.538140823,NSFG 2017-2019 FemPreg weighted
United States,2013,40,married,first,9643.21591793608,NSFG 2017-2019 FemPreg weighted
United States,2013,20,married,second,25314.807653914642,NSFG 2017-2019 FemPreg weighted
United States,2013,21,married,second,9607.32200650893,NSFG 2017-2019 FemPreg weighted
United States,2013,22,married,second,5550.65139243796,NSFG 2017-2019 FemPreg weighted
United States,2013,23,married,second,27303.83383705404,NSFG 2017-2019 FemPreg weighted
United States,2013,24,married,second,19294.28247913917,NSFG 2017-2019 FemPreg weighted
United States,2013,25,married,second,87424.87074788504,NSFG 2017-2019 FemPreg weighted
United States,2013,26,married,second,36922.94634455105,NSFG 2017-2019 FemPreg weighted
United States,2013,27,married,second,65731.68407117712,NSFG 2017-2019 FemPreg weighted
United States,2013,28,married,second,75338.00035204826,NSFG 2017-2019 FemPreg weighted
United States,2013,29,married,second,86858.70877383642,NSFG 2017-2019 FemPreg weighted
United States,2013,30,married,second,34444.081713157575,NSFG 2017-2019 FemPreg weighted
United States,2013,31,married,second,164499.0871406658,NSFG 2017-2019 FemPreg weighted
United States,2013,32,married,second,51998.84084694771,NSFG 2017-2019 FemPreg weighted
United States,2013,33,married,second,39345.170517207036,NSFG 2017-2019 FemPreg weighted
United States,2013,34,married,second,32079.802596819318,NSFG 2017-2019 FemPreg weighted
United States,2013,35,married,second,16585.29263919456,NSFG 2017-2019 FemPreg weighted
United States,2013,36,married,second,33889.27359712729,NSFG 2017-2019 FemPreg weighted
United States,2013,38,married,second,34355.668759237335,NSFG 2017-2019 FemPreg weighted
United States,2013,39,married,second,10755.3203068345,NSFG 2017-2019 FemPreg weighted
United States,2013,40,married,second,12542.6806723637,NSFG 2017-2019 FemPreg weighted
United States,2013,41,married,second,20455.46456687674,NSFG 2017-2019 FemPreg weighted
United States,2013,42,married,second,2756.74098159421,NSFG 2017-2019 FemPreg weighted
United States,2013,43,married,second,13621.1974209081,NSFG 2017-2019 FemPreg weighted
United States,2013,21,married,third_plus,4566.16442233318,NSFG 2017-2019 FemPreg weighted
United States,2013,22,married,third_plus,9066.48559649343,NSFG 2017-2019 FemPreg weighted
United States,2013,24,married,third_plus,10267.707527127652,NSFG 2017-2019 FemPreg weighted
United States,2013,25,married,third_plus,33137.733521033646,NSFG 2017-2019 FemPreg weighted
United States,2013,26,married,third_plus,1850.20618371956,NSFG 2017-2019 FemPreg weighted
United States,2013,27,married,third_plus,2341.57374311622,NSFG 2017-2019 FemPreg weighted
United States,2013,28,married,third_plus,18413.47983389226,NSFG 2017-2019 FemPreg weighted
United States,2013,29,married,third_plus,22263.81202598529,NSFG 2017-2019 FemPreg weighted
United States,2013,30,married,third_plus,19804.56082152766,NSFG 2017-2019 FemPreg weighted
United States,2013,31,married,third_plus,51058.77440894393,NSFG 2017-2019 FemPreg weighted
United States,2013,32,married,third_plus,50204.205015123014,NSFG 2017-2019 FemPreg weighted
United States,2013,33,married,third_plus,99614.08626767858,NSFG 2017-2019 FemPreg weighted
United States,2013,34,married,third_plus,34476.31388672831,NSFG 2017-2019 FemPreg weighted
United States,2013,35,married,third_plus,46216.844676724766,NSFG 2017-2019 FemPreg weighted
United States,2013,36,married,third_plus,28074.43871643245,NSFG 2017-2019 FemPreg weighted
United States,2013,37,married,third_plus,7341.95489831976,NSFG 2017-2019 FemPreg weighted
United States,2013,38,married,third_plus,24560.02990271553,NSFG 2017-2019 FemPreg weighted
United States,2013,40,married,third_plus,47499.2309956386,NSFG 2017-2019 FemPreg weighted
United States,2013,41,married,third_plus,6467.2989613382,NSFG 2017-2019 FemPreg weighted
United States,2013,42,married,third_plus,12820.3375726248,NSFG 2017-2019 FemPreg weighted
United States,2013,15,unmarried,all,10450.98981778742,NSFG 2017-2019 FemPreg weighted
United States,2013,16,unmarried,all,4118.46305156259,NSFG 2017-2019 FemPreg weighted
United States,2013,17,unmarried,all,19113.52536438914,NSFG 2017-2019 FemPreg weighted
United States,2013,18,unmarried,all,77208.97344844145,NSFG 2017-2019 FemPreg weighted
United States,2013,19,unmarried,all,81416.81155666707,NSFG 2017-2019 FemPreg weighted
United States,2013,20,unmarried,all,90435.95762560297,NSFG 2017-2019 FemPreg weighted
United States,2013,21,unmarried,all,82908.51552305857,NSFG 2017-2019 FemPreg weighted
United States,2013,22,unmarried,all,72085.03665443789,NSFG 2017-2019 FemPreg weighted
United States,2013,23,unmarried,all,122978.62110025901,NSFG 2017-2019 FemPreg weighted
United States,2013,24,unmarried,all,171753.2036395925,NSFG 2017-2019 FemPreg weighted
United States,2013,25,unmarried,all,195366.23494400783,NSFG 2017-2019 FemPreg weighted
United States,2013,26,unmarried,all,89714.57022210762,NSFG 2017-2019 FemPreg weighted
United States,2013,27,unmarried,all,116531.41438744767,NSFG 2017-2019 FemPreg weighted
United States,2013,28,unmarried,all,93969.01576483194,NSFG 2017-2019 FemPreg weighted
United States,2013,29,unmarried,all,49865.42215685077,NSFG 2017-2019 FemPreg weighted
United States,2013,30,unmarried,all,44576.86473816075,NSFG 2017-2019 FemPreg weighted
United States,2013,31,unmarried,all,43470.36626539356,NSFG 2017-2019 FemPreg weighted
United States,2013,32,unmarried,all,36611.216462815326,NSFG 2017-2019 FemPreg weighted
United States,2013,33,unmarried,all,60229.643204679836,NSFG 2017-2019 FemPreg weighted
United States,2013,34,unmarried,all,25325.28830908257,NSFG 2017-2019 FemPreg weighted
United States,2013,35,unmarried,all,7151.94002567202,NSFG 2017-2019 FemPreg weighted
United States,2013,36,unmarried,all,72111.53895737702,NSFG 2017-2019 FemPreg weighted
United States,2013,38,unmarried,all,20167.49994019786,NSFG 2017-2019 FemPreg weighted
United States,2013,39,unmarried,all,16903.99335783031,NSFG 2017-2019 FemPreg weighted
United States,2013,40,unmarried,all,16091.921525488939,NSFG 2017-2019 FemPreg weighted
United States,2013,41,unmarried,all,36893.8283586757,NSFG 2017-2019 FemPreg weighted
United States,2013,42,unmarried,all,7470.61005249797,NSFG 2017-2019 FemPreg weighted
United States,2013,15,unmarried,first,10450.98981778742,NSFG 2017-2019 FemPreg weighted
United States,2013,16,unmarried,first,4118.46305156259,NSFG 2017-2019 FemPreg weighted
United States,2013,17,unmarried,first,15110.88893235329,NSFG 2017-2019 FemPreg weighted
United States,2013,18,unmarried,first,70328.68597754909,NSFG 2017-2019 FemPreg weighted
United States,2013,19,unmarried,first,72576.48161348185,NSFG 2017-2019 FemPreg weighted
United States,2013,20,unmarried,first,62695.76993057994,NSFG 2017-2019 FemPreg weighted
United States,2013,21,unmarried,first,30739.198375484342,NSFG 2017-2019 FemPreg weighted
United States,2013,22,unmarried,first,41456.48034686759,NSFG 2017-2019 FemPreg weighted
United States,2013,23,unmarried,first,55256.38048392019,NSFG 2017-2019 FemPreg weighted
United States,2013,24,unmarried,first,104100.50393396625,NSFG 2017-2019 FemPreg weighted
United States,2013,25,unmarried,first,52599.6392916717,NSFG 2017-2019 FemPreg weighted
United States,2013,26,unmarried,first,37638.26412275752,NSFG 2017-2019 FemPreg weighted
United States,2013,27,unmarried,first,25933.54690904637,NSFG 2017-2019 FemPreg weighted
United States,2013,28,unmarried,first,52514.33141278214,NSFG 2017-2019 FemPreg weighted
United States,2013,29,unmarried,first,6606.19275017559,NSFG 2017-2019 FemPreg weighted
United States,2013,30,unmarried,first,7647.56516092103,NSFG 2017-2019 FemPreg weighted
United States,2013,31,unmarried,first,4668.68620505857,NSFG 2017-2019 FemPreg weighted
United States,2013,32,unmarried,first,8482.696458628281,NSFG 2017-2019 FemPreg weighted
United States,2013,33,unmarried,first,7589.42360596375,NSFG 2017-2019 FemPreg weighted
United States,2013,34,unmarried,first,25325.28830908257,NSFG 2017-2019 FemPreg weighted
United States,2013,36,unmarried,first,10033.348017637061,NSFG 2017-2019 FemPreg weighted
United States,2013,38,unmarried,first,7020.57777440593,NSFG 2017-2019 FemPreg weighted
United States,2013,39,unmarried,first,13150.2592404048,NSFG 2017-2019 FemPreg weighted
United States,2013,41,unmarried,first,36893.8283586757,NSFG 2017-2019 FemPreg weighted
United States,2013,42,unmarried,first,7470.61005249797,NSFG 2017-2019 FemPreg weighted
United States,2013,17,unmarried,second,4002.63643203585,NSFG 2017-2019 FemPreg weighted
United States,2013,18,unmarried,second,6880.28747089237,NSFG 2017-2019 FemPreg weighted
United States,2013,19,unmarried,second,4600.24184376505,NSFG 2017-2019 FemPreg weighted
United States,2013,20,unmarried,second,22368.88740665069,NSFG 2017-2019 FemPreg weighted
United States,2013,21,unmarried,second,45179.58520465715,NSFG 2017-2019 FemPreg weighted
United States,2013,22,unmarried,second,20080.480023555,NSFG 2017-2019 FemPreg weighted
United States,2013,23,unmarried,second,52147.956446075455,NSFG 2017-2019 FemPreg weighted
United States,2013,24,unmarried,second,60820.25419541708,NSFG 2017-2019 FemPreg weighted
United States,2013,25,unmarried,second,119169.399646358,NSFG 2017-2019 FemPreg weighted
United States,2013,26,unmarried,second,41764.99786718661,NSFG 2017-2019 FemPreg weighted
United States,2013,27,unmarried,second,49135.25182699001,NSFG 2017-2019 FemPreg weighted
United States,2013,28,unmarried,second,29211.72629472181,NSFG 2017-2019 FemPreg weighted
United States,2013,29,unmarried,second,6347.10090262644,NSFG 2017-2019 FemPreg weighted
United States,2013,30,unmarried,second,6941.67172998083,NSFG 2017-2019 FemPreg weighted
United States,2013,31,unmarried,second,1909.28483638567,NSFG 2017-2019 FemPreg weighted
United States,2013,32,unmarried,second,17797.22016987787,NSFG 2017-2019 FemPreg weighted
United States,2013,33,unmarried,second,5435.61559800611,NSFG 2017-2019 FemPreg weighted
United States,2013,36,unmarried,second,20572.9432650411,NSFG 2017-2019 FemPreg weighted
United States,2013,38,unmarried,second,13146.92216579193,NSFG 2017-2019 FemPreg weighted
United States,2013,40,unmarried,second,4224.93573388934,NSFG 2017-2019 FemPreg weighted
United States,2013,19,unmarried,third_plus,4240.08809942017,NSFG 2017-2019 FemPreg weighted
United States,2013,20,unmarried,third_plus,5371.30028837234,NSFG 2017-2019 FemPreg weighted
United States,2013,21,unmarried,third_plus,6989.731942917069,NSFG 2017-2019 FemPreg weighted
United States,2013,22,unmarried,third_plus,10548.076284015311,NSFG 2017-2019 FemPreg weighted
United States,2013,23,unmarried,third_plus,15574.28417026336,NSFG 2017-2019 FemPreg weighted
United States,2013,24,unmarried,third_plus,6832.44551020918,NSFG 2017-2019 FemPreg weighted
United States,2013,25,unmarried,third_plus,23597.196005978138,NSFG 2017-2019 FemPreg weighted
United States,2013,26,unmarried,third_plus,10311.30823216349,NSFG 2017-2019 FemPreg weighted
United States,2013,27,unmarried,third_plus,41462.615651411295,NSFG 2017-2019 FemPreg weighted
United States,2013,28,unmarried,third_plus,12242.958057327989,NSFG 2017-2019 FemPreg weighted
United States,2013,29,unmarried,third_plus,36912.12850404874,NSFG 2017-2019 FemPreg weighted
United States,2013,30,unmarried,third_plus,29987.62784725889,NSFG 2017-2019 FemPreg weighted
United States,2013,31,unmarried,third_plus,36892.39522394932,NSFG 2017-2019 FemPreg weighted
United States,2013,32,unmarried,third_plus,10331.299834309171,NSFG 2017-2019 FemPreg weighted
United States,2013,33,unmarried,third_plus,47204.60400070998,NSFG 2017-2019 FemPreg weighted
United States,2013,35,unmarried,third_plus,7151.94002567202,NSFG 2017-2019 FemPreg weighted
United States,2013,36,unmarried,third_plus,41505.247674698854,NSFG 2017-2019 FemPreg weighted
United States,2013,39,unmarried,third_plus,3753.73411742551,NSFG 2017-2019 FemPreg weighted
United States,2013,40,unmarried,third_plus,11866.9857915996,NSFG 2017-2019 FemPreg weighted
United States,2014,16,married,all,3864.62563944885,NSFG 2017-2019 FemPreg weighted
United States,2014,19,married,all,8188.22297504555,NSFG 2017-2019 FemPreg weighted
United States,2014,20,married,all,30312.96879170712,NSFG 2017-2019 FemPreg weighted
United States,2014,21,married,all,34323.044702782936,NSFG 2017-2019 FemPreg weighted
United States,2014,22,married,all,49512.74526978795,NSFG 2017-2019 FemPreg weighted
United States,2014,23,married,all,24133.56809843732,NSFG 2017-2019 FemPreg weighted
United States,2014,24,married,all,96325.97377206609,NSFG 2017-2019 FemPreg weighted
United States,2014,25,married,all,121347.78302737529,NSFG 2017-2019 FemPreg weighted
United States,2014,26,married,all,175406.44641920156,NSFG 2017-2019 FemPreg weighted
United States,2014,27,married,all,138014.8871028878,NSFG 2017-2019 FemPreg weighted
United States,2014,28,married,all,164319.11189907804,NSFG 2017-2019 FemPreg weighted
United States,2014,29,married,all,241685.93019939773,NSFG 2017-2019 FemPreg weighted
United States,2014,30,married,all,111120.60285403205,NSFG 2017-2019 FemPreg weighted
United States,2014,31,married,all,174403.04497640245,NSFG 2017-2019 FemPreg weighted
United States,2014,32,married,all,186461.09642972524,NSFG 2017-2019 FemPreg weighted
United States,2014,33,married,all,77538.32766855447,NSFG 2017-2019 FemPreg weighted
United States,2014,34,married,all,59406.91653991954,NSFG 2017-2019 FemPreg weighted
United States,2014,35,married,all,78556.96808460087,NSFG 2017-2019 FemPreg weighted
United States,2014,36,married,all,123783.0580239879,NSFG 2017-2019 FemPreg weighted
United States,2014,37,married,all,46077.329642086086,NSFG 2017-2019 FemPreg weighted
United States,2014,38,married,all,117595.37502091817,NSFG 2017-2019 FemPreg weighted
United States,2014,39,married,all,34739.69753688489,NSFG 2017-2019 FemPreg weighted
United States,2014,40,married,all,131143.0765842967,NSFG 2017-2019 FemPreg weighted
United States,2014,41,married,all,23121.76057055864,NSFG 2017-2019 FemPreg weighted
United States,2014,42,married,all,27521.107455959507,NSFG 2017-2019 FemPreg weighted
United States,2014,44,married,all,5653.32676286721,NSFG 2017-2019 FemPreg weighted
United States,2014,16,married,first,3864.62563944885,NSFG 2017-2019 FemPreg weighted
United States,2014,19,married,first,3113.37317216576,NSFG 2017-2019 FemPreg weighted
United States,2014,20,married,first,22693.5002236628,NSFG 2017-2019 FemPreg weighted
United States,2014,21,married,first,10553.76576124358,NSFG 2017-2019 FemPreg weighted
United States,2014,22,married,first,14765.67523105317,NSFG 2017-2019 FemPreg weighted
United States,2014,24,married,first,61350.762716278514,NSFG 2017-2019 FemPreg weighted
United States,2014,25,married,first,64821.91808342893,NSFG 2017-2019 FemPreg weighted
United States,2014,26,married,first,96272.92264900103,NSFG 2017-2019 FemPreg weighted
United States,2014,27,married,first,47201.51870073424,NSFG 2017-2019 FemPreg weighted
United States,2014,28,married,first,100988.20514754491,NSFG 2017-2019 FemPreg weighted
United States,2014,29,married,first,74026.61079511447,NSFG 2017-2019 FemPreg weighted
United States,2014,30,married,first,42093.94892533434,NSFG 2017-2019 FemPreg weighted
United States,2014,31,married,first,38594.55350707635,NSFG 2017-2019 FemPreg weighted
United States,2014,32,married,first,79165.970573387,NSFG 2017-2019 FemPreg weighted
United States,2014,33,married,first,13213.9332479486,NSFG 2017-2019 FemPreg weighted
United States,2014,34,married,first,5968.21912701112,NSFG 2017-2019 FemPreg weighted
United States,2014,35,married,first,17536.16630249623,NSFG 2017-2019 FemPreg weighted
United States,2014,37,married,first,24639.599846528232,NSFG 2017-2019 FemPreg weighted
United States,2014,38,married,first,9501.99781494051,NSFG 2017-2019 FemPreg weighted
United States,2014,42,married,first,27521.107455959507,NSFG 2017-2019 FemPreg weighted
United States,2014,19,married,second,5074.84980287979,NSFG 2017-2019 FemPreg weighted
United States,2014,20,married,second,7619.46856804432,NSFG 2017-2019 FemPreg weighted
United States,2014,21,married,second,21302.25841095077,NSFG 2017-2019 FemPreg weighted
United States,2014,22,married,second,16357.808103140469,NSFG 2017-2019 FemPreg weighted
United States,2014,23,married,second,17494.3757521447,NSFG 2017-2019 FemPreg weighted
United States,2014,24,married,second,25908.72545929415,NSFG 2017-2019 FemPreg weighted
United States,2014,25,married,second,42026.16495705671,NSFG 2017-2019 FemPreg weighted
United States,2014,26,married,second,27361.974753306647,NSFG 2017-2019 FemPreg weighted
United States,2014,27,married,second,52741.65492971891,NSFG 2017-2019 FemPreg weighted
United States,2014,28,married,second,37387.15152716575,NSFG 2017-2019 FemPreg weighted
United States,2014,29,married,second,47032.908348452096,NSFG 2017-2019 FemPreg weighted
United States,2014,30,married,second,25710.74947523056,NSFG 2017-2019 FemPreg weighted
United States,2014,31,married,second,109305.39740664611,NSFG 2017-2019 FemPreg weighted
United States,2014,32,married,second,48247.55391784513,NSFG 2017-2019 FemPreg weighted
United States,2014,33,married,second,52001.417245538665,NSFG 2017-2019 FemPreg weighted
United States,2014,34,married,second,53438.69741290842,NSFG 2017-2019 FemPreg weighted
United States,2014,35,married,second,36517.60175146303,NSFG 2017-2019 FemPreg weighted
United States,2014,36,married,second,38540.256082849795,NSFG 2017-2019 FemPreg weighted
United States,2014,37,married,second,12809.7532470775,NSFG 2017-2019 FemPreg weighted
United States,2014,38,married,second,73629.9323734155,NSFG 2017-2019 FemPreg weighted
United States,2014,40,married,second,23335.9101299401,NSFG 2017-2019 FemPreg weighted
United States,2014,41,married,second,16932.6654141303,NSFG 2017-2019 FemPreg weighted
United States,2014,21,married,third_plus,2467.02053058859,NSFG 2017-2019 FemPreg weighted
United States,2014,22,married,third_plus,18389.261935594302,NSFG 2017-2019 FemPreg weighted
United States,2014,23,married,third_plus,6639.19234629262,NSFG 2017-2019 FemPreg weighted
United States,2014,24,married,third_plus,9066.48559649343,NSFG 2017-2019 FemPreg weighted
United States,2014,25,married,third_plus,14499.69998688965,NSFG 2017-2019 FemPreg weighted
United States,2014,26,married,third_plus,51771.549016893856,NSFG 2017-2019 FemPreg weighted
United States,2014,27,married,third_plus,38071.71347243464,NSFG 2017-2019 FemPreg weighted
United States,2014,28,married,third_plus,25943.75522436737,NSFG 2017-2019 FemPreg weighted
United States,2014,29,married,third_plus,120626.41105583117,NSFG 2017-2019 FemPreg weighted
United States,2014,30,married,third_plus,43315.90445346714,NSFG 2017-2019 FemPreg weighted
United States,2014,31,married,third_plus,26503.09406268,NSFG 2017-2019 FemPreg weighted
United States,2014,32,married,third_plus,59047.571938493114,NSFG 2017-2019 FemPreg weighted
United States,2014,33,married,third_plus,12322.9771750672,NSFG 2017-2019 FemPreg weighted
United States,2014,35,married,third_plus,24503.2000306416,NSFG 2017-2019 FemPreg weighted
United States,2014,36,married,third_plus,85242.80194113811,NSFG 2017-2019 FemPreg weighted
United States,2014,37,married,third_plus,8627.97654848035,NSFG 2017-2019 FemPreg weighted
United States,2014,38,married,third_plus,34463.44483256217,NSFG 2017-2019 FemPreg weighted
United States,2014,39,married,third_plus,34739.69753688489,NSFG 2017-2019 FemPreg weighted
United States,2014,40,married,third_plus,107807.1664543566,NSFG 2017-2019 FemPreg weighted
United States,2014,41,married,third_plus,6189.09515642834,NSFG 2017-2019 FemPreg weighted
United States,2014,44,married,third_plus,5653.32676286721,NSFG 2017-2019 FemPreg weighted
United States,2014,15,unmarried,all,21686.1027425109,NSFG 2017-2019 FemPreg weighted
United States,2014,17,unmarried,all,5782.23263071578,NSFG 2017-2019 FemPreg weighted
United States,2014,18,unmarried,all,88553.23824232051,NSFG 2017-2019 FemPreg weighted
United States,2014,19,unmarried,all,91995.07875138092,NSFG 2017-2019 FemPreg weighted
United States,2014,20,unmarried,all,92548.52855617298,NSFG 2017-2019 FemPreg weighted
United States,2014,21,unmarried,all,25938.767670897258,NSFG 2017-2019 FemPreg weighted
United States,2014,22,unmarried,all,153780.6583403015,NSFG 2017-2019 FemPreg weighted
United States,2014,23,unmarried,all,178104.47572287603,NSFG 2017-2019 FemPreg weighted
United States,2014,24,unmarried,all,131674.7847469331,NSFG 2017-2019 FemPreg weighted
United States,2014,25,unmarried,all,39716.96990769591,NSFG 2017-2019 FemPreg weighted
United States,2014,26,unmarried,all,129229.88254877282,NSFG 2017-2019 FemPreg weighted
United States,2014,27,unmarried,all,32521.95243944749,NSFG 2017-2019 FemPreg weighted
United States,2014,28,unmarried,all,40211.06308095657,NSFG 2017-2019 FemPreg weighted
United States,2014,29,unmarried,all,41940.17727875202,NSFG 2017-2019 FemPreg weighted
United States,2014,30,unmarried,all,79148.62297950884,NSFG 2017-2019 FemPreg weighted
United States,2014,31,unmarried,all,92446.20731763542,NSFG 2017-2019 FemPreg weighted
United States,2014,32,unmarried,all,98512.37751805273,NSFG 2017-2019 FemPreg weighted
United States,2014,33,unmarried,all,69439.30337382187,NSFG 2017-2019 FemPreg weighted
United States,2014,34,unmarried,all,43681.92936016067,NSFG 2017-2019 FemPreg weighted
United States,2014,35,unmarried,all,46052.160415163715,NSFG 2017-2019 FemPreg weighted
United States,2014,36,unmarried,all,17821.510373016208,NSFG 2017-2019 FemPreg weighted
United States,2014,37,unmarried,all,10161.81900983857,NSFG 2017-2019 FemPreg weighted
United States,2014,38,unmarried,all,49995.1952533529,NSFG 2017-2019 FemPreg weighted
United States,2014,40,unmarried,all,8370.68355234388,NSFG 2017-2019 FemPreg weighted
United States,2014,42,unmarried,all,4224.93573388934,NSFG 2017-2019 FemPreg weighted
United States,2014,15,unmarried,first,21686.1027425109,NSFG 2017-2019 FemPreg weighted
United States,2014,17,unmarried,first,5782.23263071578,NSFG 2017-2019 FemPreg weighted
United States,2014,18,unmarried,first,79223.85623986828,NSFG 2017-2019 FemPreg weighted
United States,2014,19,unmarried,first,87825.69706278857,NSFG 2017-2019 FemPreg weighted
United States,2014,20,unmarried,first,69952.12349460655,NSFG 2017-2019 FemPreg weighted
United States,2014,21,unmarried,first,13218.28686598516,NSFG 2017-2019 FemPreg weighted
United States,2014,22,unmarried,first,112143.40385799039,NSFG 2017-2019 FemPreg weighted
United States,2014,23,unmarried,first,109825.09599703943,NSFG 2017-2019 FemPreg weighted
United States,2014,24,unmarried,first,23385.44053213452,NSFG 2017-2019 FemPreg weighted
United States,2014,25,unmarried,first,15916.699055950281,NSFG 2017-2019 FemPreg weighted
United States,2014,26,unmarried,first,91701.36461322561,NSFG 2017-2019 FemPreg weighted
United States,2014,27,unmarried,first,11969.46620738678,NSFG 2017-2019 FemPreg weighted
United States,2014,28,unmarried,first,11285.4814880869,NSFG 2017-2019 FemPreg weighted
United States,2014,29,unmarried,first,8623.87902914412,NSFG 2017-2019 FemPreg weighted
United States,2014,30,unmarried,first,17257.49000237559,NSFG 2017-2019 FemPreg weighted
United States,2014,31,unmarried,first,19302.09593225011,NSFG 2017-2019 FemPreg weighted
United States,2014,32,unmarried,first,17812.877527921402,NSFG 2017-2019 FemPreg weighted
United States,2014,33,unmarried,first,10469.21882188983,NSFG 2017-2019 FemPreg weighted
United States,2014,34,unmarried,first,3326.72588851414,NSFG 2017-2019 FemPreg weighted
United States,2014,35,unmarried,first,22481.432186676,NSFG 2017-2019 FemPreg weighted
United States,2014,36,unmarried,first,3486.64416050391,NSFG 2017-2019 FemPreg weighted
United States,2014,40,unmarried,first,1413.89366105048,NSFG 2017-2019 FemPreg weighted
United States,2014,18,unmarried,second,9329.382002452221,NSFG 2017-2019 FemPreg weighted
United States,2014,19,unmarried,second,4169.38168859235,NSFG 2017-2019 FemPreg weighted
United States,2014,20,unmarried,second,18778.010536993952,NSFG 2017-2019 FemPreg weighted
United States,2014,21,unmarried,second,12720.4808049121,NSFG 2017-2019 FemPreg weighted
United States,2014,22,unmarried,second,31147.760543338558,NSFG 2017-2019 FemPreg weighted
United States,2014,23,unmarried,second,47678.798795619005,NSFG 2017-2019 FemPreg weighted
United States,2014,24,unmarried,second,73951.6574197892,NSFG 2017-2019 FemPreg weighted
United States,2014,25,unmarried,second,9175.0191963242,NSFG 2017-2019 FemPreg weighted
United States,2014,26,unmarried,second,4513.92150302146,NSFG 2017-2019 FemPreg weighted
United States,2014,27,unmarried,second,19094.74818955103,NSFG 2017-2019 FemPreg weighted
United States,2014,28,unmarried,second,19945.05810374465,NSFG 2017-2019 FemPreg weighted
United States,2014,29,unmarried,second,7335.79832453767,NSFG 2017-2019 FemPreg weighted
United States,2014,30,unmarried,second,12161.81605121904,NSFG 2017-2019 FemPreg weighted
United States,2014,31,unmarried,second,21821.07077861476,NSFG 2017-2019 FemPreg weighted
United States,2014,32,unmarried,second,33194.65271398844,NSFG 2017-2019 FemPreg weighted
United States,2014,33,unmarried,second,11321.42117393069,NSFG 2017-2019 FemPreg weighted
United States,2014,35,unmarried,second,18318.9543653904,NSFG 2017-2019 FemPreg weighted
United States,2014,37,unmarried,second,5514.954606394,NSFG 2017-2019 FemPreg weighted
United States,2014,20,unmarried,third_plus,3818.39452457247,NSFG 2017-2019 FemPreg weighted
United States,2014,22,unmarried,third_plus,10489.493938972551,NSFG 2017-2019 FemPreg weighted
United States,2014,23,unmarried,third_plus,20600.58093021759,NSFG 2017-2019 FemPreg weighted
United States,2014,24,unmarried,third_plus,34337.686795009366,NSFG 2017-2019 FemPreg weighted
United States,2014,25,unmarried,third_plus,14625.251655421427,NSFG 2017-2019 FemPreg weighted
United States,2014,26,unmarried,third_plus,33014.59643252575,NSFG 2017-2019 FemPreg weighted
United States,2014,27,unmarried,third_plus,1457.73804250968,NSFG 2017-2019 FemPreg weighted
United States,2014,28,unmarried,third_plus,8980.52348912502,NSFG 2017-2019 FemPreg weighted
United States,2014,29,unmarried,third_plus,25980.49992507023,NSFG 2017-2019 FemPreg weighted
United States,2014,30,unmarried,third_plus,49729.316925914216,NSFG 2017-2019 FemPreg weighted
United States,2014,31,unmarried,third_plus,51323.04060677055,NSFG 2017-2019 FemPreg weighted
United States,2014,32,unmarried,third_plus,47504.847276142886,NSFG 2017-2019 FemPreg weighted
United States,2014,33,unmarried,third_plus,47648.66337800134,NSFG 2017-2019 FemPreg weighted
United States,2014,34,unmarried,third_plus,40355.20347164653,NSFG 2017-2019 FemPreg weighted
United States,2014,35,unmarried,third_plus,5251.77386309731,NSFG 2017-2019 FemPreg weighted
United States,2014,36,unmarried,third_plus,14334.8662125123,NSFG 2017-2019 FemPreg weighted
United States,2014,37,unmarried,third_plus,4646.86440344457,NSFG 2017-2019 FemPreg weighted
United States,2014,38,unmarried,third_plus,49995.1952533529,NSFG 2017-2019 FemPreg weighted
United States,2014,40,unmarried,third_plus,6956.7898912934,NSFG 2017-2019 FemPreg weighted
United States,2014,42,unmarried,third_plus,4224.93573388934,NSFG 2017-2019 FemPreg weighted
United States,2015,19,married,all,34569.732237077,NSFG 2017-2019 FemPreg weighted
United States,2015,20,married,all,5451.90491788743,NSFG 2017-2019 FemPreg weighted
United States,2015,21,married,all,18942.70309596328,NSFG 2017-2019 FemPreg weighted
United States,2015,22,married,all,66257.44674571052,NSFG 2017-2019 FemPreg weighted
United States,2015,23,married,all,74223.67119270953,NSFG 2017-2019 FemPreg weighted
United States,2015,24,married,all,124556.26305685646,NSFG 2017-2019 FemPreg weighted
United States,2015,25,married,all,192089.46494794864,NSFG 2017-2019 FemPreg weighted
United States,2015,26,married,all,148629.64537575812,NSFG 2017-2019 FemPreg weighted
United States,2015,27,married,all,39162.609441067354,NSFG 2017-2019 FemPreg weighted
United States,2015,28,married,all,184466.17673657511,NSFG 2017-2019 FemPreg weighted
United States,2015,29,married,all,101204.67395172885,NSFG 2017-2019 FemPreg weighted
United States,2015,30,married,all,161027.69485926823,NSFG 2017-2019 FemPreg weighted
United States,2015,31,married,all,97854.58730567951,NSFG 2017-2019 FemPreg weighted
United States,2015,32,married,all,217691.1644735841,NSFG 2017-2019 FemPreg weighted
United States,2015,33,married,all,84285.97617336414,NSFG 2017-2019 FemPreg weighted
United States,2015,34,married,all,149373.385151634,NSFG 2017-2019 FemPreg weighted
United States,2015,35,married,all,42850.53336668436,NSFG 2017-2019 FemPreg weighted
United States,2015,36,married,all,73245.25023754108,NSFG 2017-2019 FemPreg weighted
United States,2015,37,married,all,68518.23377984871,NSFG 2017-2019 FemPreg weighted
United States,2015,38,married,all,80909.42254746133,NSFG 2017-2019 FemPreg weighted
United States,2015,39,married,all,16627.50898159392,NSFG 2017-2019 FemPreg weighted
United States,2015,40,married,all,38078.04612309876,NSFG 2017-2019 FemPreg weighted
United States,2015,41,married,all,20485.585094255788,NSFG 2017-2019 FemPreg weighted
United States,2015,42,married,all,4854.88468224785,NSFG 2017-2019 FemPreg weighted
United States,2015,19,married,first,12373.7296118007,NSFG 2017-2019 FemPreg weighted
United States,2015,21,married,first,13490.79817807585,NSFG 2017-2019 FemPreg weighted
United States,2015,22,married,first,28229.368751670423,NSFG 2017-2019 FemPreg weighted
United States,2015,23,married,first,51666.81413048931,NSFG 2017-2019 FemPreg weighted
United States,2015,24,married,first,40185.09343613434,NSFG 2017-2019 FemPreg weighted
United States,2015,25,married,first,129182.442631538,NSFG 2017-2019 FemPreg weighted
United States,2015,26,married,first,74183.53977009041,NSFG 2017-2019 FemPreg weighted
United States,2015,27,married,first,6884.91003951735,NSFG 2017-2019 FemPreg weighted
United States,2015,28,married,first,85734.05493973075,NSFG 2017-2019 FemPreg weighted
United States,2015,29,married,first,5285.37130956133,NSFG 2017-2019 FemPreg weighted
United States,2015,30,married,first,65205.40896723032,NSFG 2017-2019 FemPreg weighted
United States,2015,31,married,first,43381.04653247018,NSFG 2017-2019 FemPreg weighted
United States,2015,32,married,first,109471.65330812913,NSFG 2017-2019 FemPreg weighted
United States,2015,33,married,first,52359.57085959246,NSFG 2017-2019 FemPreg weighted
United States,2015,34,married,first,12871.3283356239,NSFG 2017-2019 FemPreg weighted
United States,2015,35,married,first,5006.3627477957,NSFG 2017-2019 FemPreg weighted
United States,2015,36,married,first,14152.649532413532,NSFG 2017-2019 FemPreg weighted
United States,2015,37,married,first,15414.9912963114,NSFG 2017-2019 FemPreg weighted
United States,2015,38,married,first,14471.0857279833,NSFG 2017-2019 FemPreg weighted
United States,2015,39,married,first,11065.9006423428,NSFG 2017-2019 FemPreg weighted
United States,2015,41,married,first,16283.51904491852,NSFG 2017-2019 FemPreg weighted
United States,2015,19,married,second,22196.0026252763,NSFG 2017-2019 FemPreg weighted
United States,2015,21,married,second,5451.90491788743,NSFG 2017-2019 FemPreg weighted
United States,2015,22,married,second,38028.0779940401,NSFG 2017-2019 FemPreg weighted
United States,2015,23,married,second,22556.857062220217,NSFG 2017-2019 FemPreg weighted
United States,2015,24,married,second,78248.4981290873,NSFG 2017-2019 FemPreg weighted
United States,2015,25,married,second,52088.329251796655,NSFG 2017-2019 FemPreg weighted
United States,2015,26,married,second,49771.25629009151,NSFG 2017-2019 FemPreg weighted
United States,2015,27,married,second,18154.0287868551,NSFG 2017-2019 FemPreg weighted
United States,2015,28,married,second,59230.25796035099,NSFG 2017-2019 FemPreg weighted
United States,2015,29,married,second,72946.2606175841,NSFG 2017-2019 FemPreg weighted
United States,2015,30,married,second,32089.72480763201,NSFG 2017-2019 FemPreg weighted
United States,2015,31,married,second,32902.663081626626,NSFG 2017-2019 FemPreg weighted
United States,2015,32,married,second,83059.48911133525,NSFG 2017-2019 FemPreg weighted
United States,2015,34,married,second,111933.22646888578,NSFG 2017-2019 FemPreg weighted
United States,2015,35,married,second,25521.19344382146,NSFG 2017-2019 FemPreg weighted
United States,2015,36,married,second,14751.0999397858,NSFG 2017-2019 FemPreg weighted
United States,2015,37,married,second,16298.87936128912,NSFG 2017-2019 FemPreg weighted
United States,2015,38,married,second,3750.98762465098,NSFG 2017-2019 FemPreg weighted
United States,2015,39,married,second,5561.60833925112,NSFG 2017-2019 FemPreg weighted
United States,2015,40,married,second,28736.17963472,NSFG 2017-2019 FemPreg weighted
United States,2015,42,married,second,4854.88468224785,NSFG 2017-2019 FemPreg weighted
United States,2015,20,married,third_plus,5451.90491788743,NSFG 2017-2019 FemPreg weighted
United States,2015,24,married,third_plus,6122.67149163483,NSFG 2017-2019 FemPreg weighted
United States,2015,25,married,third_plus,10818.693064614,NSFG 2017-2019 FemPreg weighted
United States,2015,26,married,third_plus,24674.84931557619,NSFG 2017-2019 FemPreg weighted
United States,2015,27,married,third_plus,14123.670614694911,NSFG 2017-2019 FemPreg weighted
United States,2015,28,married,third_plus,39501.863836493365,NSFG 2017-2019 FemPreg weighted
United States,2015,29,married,third_plus,22973.042024583418,NSFG 2017-2019 FemPreg weighted
United States,2015,30,married,third_plus,63732.561084405905,NSFG 2017-2019 FemPreg weighted
United States,2015,31,married,third_plus,21570.8776915827,NSFG 2017-2019 FemPreg weighted
United States,2015,32,married,third_plus,25160.02205411972,NSFG 2017-2019 FemPreg weighted
United States,2015,33,married,third_plus,31926.405313771676,NSFG 2017-2019 FemPreg weighted
United States,2015,34,married,third_plus,24568.830347124298,NSFG 2017-2019 FemPreg weighted
United States,2015,35,married,third_plus,12322.9771750672,NSFG 2017-2019 FemPreg weighted
United States,2015,36,married,third_plus,44341.50076534175,NSFG 2017-2019 FemPreg weighted
United States,2015,37,married,third_plus,36804.36312224819,NSFG 2017-2019 FemPreg weighted
United States,2015,38,married,third_plus,62687.34919482705,NSFG 2017-2019 FemPreg weighted
United States,2015,40,married,third_plus,9341.86648837876,NSFG 2017-2019 FemPreg weighted
United States,2015,41,married,third_plus,4202.06604933727,NSFG 2017-2019 FemPreg weighted
United States,2015,15,unmarried,all,16277.1143445715,NSFG 2017-2019 FemPreg weighted
United States,2015,16,unmarried,all,6456.98838378614,NSFG 2017-2019 FemPreg weighted
United States,2015,17,unmarried,all,25929.209141738982,NSFG 2017-2019 FemPreg weighted
United States,2015,18,unmarried,all,16737.30092255736,NSFG 2017-2019 FemPreg weighted
United States,2015,19,unmarried,all,33665.77843680965,NSFG 2017-2019 FemPreg weighted
United States,2015,20,unmarried,all,108138.34025412072,NSFG 2017-2019 FemPreg weighted
United States,2015,21,unmarried,all,104833.50217794543,NSFG 2017-2019 FemPreg weighted
United States,2015,22,unmarried,all,143562.65416197624,NSFG 2017-2019 FemPreg weighted
United States,2015,23,unmarried,all,100986.56207016416,NSFG 2017-2019 FemPreg weighted
United States,2015,24,unmarried,all,83961.40020130023,NSFG 2017-2019 FemPreg weighted
United States,2015,25,unmarried,all,126780.88135866402,NSFG 2017-2019 FemPreg weighted
United States,2015,26,unmarried,all,44333.506727437314,NSFG 2017-2019 FemPreg weighted
United States,2015,27,unmarried,all,131192.22310021557,NSFG 2017-2019 FemPreg weighted
United States,2015,28,unmarried,all,79654.46214843683,NSFG 2017-2019 FemPreg weighted
United States,2015,29,unmarried,all,118174.36063915378,NSFG 2017-2019 FemPreg weighted
United States,2015,30,unmarried,all,83674.21639103343,NSFG 2017-2019 FemPreg weighted
United States,2015,31,unmarried,all,46304.39874896924,NSFG 2017-2019 FemPreg weighted
United States,2015,32,unmarried,all,22372.43925291885,NSFG 2017-2019 FemPreg weighted
United States,2015,33,unmarried,all,69617.46873814079,NSFG 2017-2019 FemPreg weighted
United States,2015,34,unmarried,all,15507.33861530929,NSFG 2017-2019 FemPreg weighted
United States,2015,35,unmarried,all,30292.20984689059,NSFG 2017-2019 FemPreg weighted
United States,2015,36,unmarried,all,42174.95268194779,NSFG 2017-2019 FemPreg weighted
United States,2015,37,unmarried,all,79160.88507344856,NSFG 2017-2019 FemPreg weighted
United States,2015,38,unmarried,all,5584.18119860689,NSFG 2017-2019 FemPreg weighted
United States,2015,39,unmarried,all,1872.90066752959,NSFG 2017-2019 FemPreg weighted
United States,2015,40,unmarried,all,6459.103282728491,NSFG 2017-2019 FemPreg weighted
United States,2015,41,unmarried,all,15817.06890962248,NSFG 2017-2019 FemPreg weighted
United States,2015,15,unmarried,first,16277.1143445715,NSFG 2017-2019 FemPreg weighted
United States,2015,16,unmarried,first,6456.98838378614,NSFG 2017-2019 FemPreg weighted
United States,2015,17,unmarried,first,25929.209141738982,NSFG 2017-2019 FemPreg weighted
United States,2015,18,unmarried,first,16737.30092255736,NSFG 2017-2019 FemPreg weighted
United States,2015,19,unmarried,first,27655.30502316849,NSFG 2017-2019 FemPreg weighted
United States,2015,20,unmarried,first,85720.8162592596,NSFG 2017-2019 FemPreg weighted
United States,2015,21,unmarried,first,67985.51007397083,NSFG 2017-2019 FemPreg weighted
United States,2015,22,unmarried,first,78299.97450473919,NSFG 2017-2019 FemPreg weighted
United States,2015,23,unmarried,first,32524.05856449592,NSFG 2017-2019 FemPreg weighted
United States,2015,24,unmarried,first,32060.933059203315,NSFG 2017-2019 FemPreg weighted
United States,2015,25,unmarried,first,66908.18878179659,NSFG 2017-2019 FemPreg weighted
United States,2015,26,unmarried,first,13749.025910192999,NSFG 2017-2019 FemPreg weighted
United States,2015,27,unmarried,first,49820.08899623113,NSFG 2017-2019 FemPreg weighted
United States,2015,28,unmarried,first,11347.18391244128,NSFG 2017-2019 FemPreg weighted
United States,2015,29,unmarried,first,23654.9815642504,NSFG 2017-2019 FemPreg weighted
United States,2015,30,unmarried,first,24184.24990441824,NSFG 2017-2019 FemPreg weighted
United States,2015,31,unmarried,first,2502.74081602214,NSFG 2017-2019 FemPreg weighted
United States,2015,32,unmarried,first,17288.2802838636,NSFG 2017-2019 FemPreg weighted
United States,2015,19,unmarried,second,6010.47341364116,NSFG 2017-2019 FemPreg weighted
United States,2015,20,unmarried,second,19463.84927814933,NSFG 2017-2019 FemPreg weighted
United States,2015,21,unmarried,second,30052.129699390993,NSFG 2017-2019 FemPreg weighted
United States,2015,22,unmarried,second,29011.885983777007,NSFG 2017-2019 FemPreg weighted
United States,2015,23,unmarried,second,62627.06103346366,NSFG 2017-2019 FemPreg weighted
United States,2015,24,unmarried,second,17747.73705008593,NSFG 2017-2019 FemPreg weighted
United States,2015,25,unmarried,second,20252.30309050849,NSFG 2017-2019 FemPreg weighted
United States,2015,26,unmarried,second,9984.90524792229,NSFG 2017-2019 FemPreg weighted
United States,2015,27,unmarried,second,29111.69880772096,NSFG 2017-2019 FemPreg weighted
United States,2015,28,unmarried,second,24096.91838947992,NSFG 2017-2019 FemPreg weighted
United States,2015,29,unmarried,second,19243.12284815406,NSFG 2017-2019 FemPreg weighted
United States,2015,30,unmarried,second,19291.15672176502,NSFG 2017-2019 FemPreg weighted
United States,2015,31,unmarried,second,10839.10795322191,NSFG 2017-2019 FemPreg weighted
United States,2015,33,unmarried,second,18056.33751612678,NSFG 2017-2019 FemPreg weighted
United States,2015,34,unmarried,second,3253.19726774927,NSFG 2017-2019 FemPreg weighted
United States,2015,37,unmarried,second,65369.561285512005,NSFG 2017-2019 FemPreg weighted
United States,2015,38,unmarried,second,2727.0685599464,NSFG 2017-2019 FemPreg weighted
United States,2015,41,unmarried,second,13150.2592404048,NSFG 2017-2019 FemPreg weighted
United States,2015,20,unmarried,third_plus,2953.67471671179,NSFG 2017-2019 FemPreg weighted
United States,2015,21,unmarried,third_plus,6795.86240458361,NSFG 2017-2019 FemPreg weighted
United States,2015,22,unmarried,third_plus,36250.79367346006,NSFG 2017-2019 FemPreg weighted
United States,2015,23,unmarried,third_plus,5835.44247220459,NSFG 2017-2019 FemPreg weighted
United States,2015,24,unmarried,third_plus,34152.73009201099,NSFG 2017-2019 FemPreg weighted
United States,2015,25,unmarried,third_plus,39620.38948635894,NSFG 2017-2019 FemPreg weighted
United States,2015,26,unmarried,third_plus,20599.575569322027,NSFG 2017-2019 FemPreg weighted
United States,2015,27,unmarried,third_plus,52260.435296263495,NSFG 2017-2019 FemPreg weighted
United States,2015,28,unmarried,third_plus,44210.359846515625,NSFG 2017-2019 FemPreg weighted
United States,2015,29,unmarried,third_plus,75276.25622674932,NSFG 2017-2019 FemPreg weighted
United States,2015,30,unmarried,third_plus,40198.80976485017,NSFG 2017-2019 FemPreg weighted
United States,2015,31,unmarried,third_plus,32962.54997972519,NSFG 2017-2019 FemPreg weighted
United States,2015,32,unmarried,third_plus,5084.15896905525,NSFG 2017-2019 FemPreg weighted
United States,2015,33,unmarried,third_plus,51561.131222014,NSFG 2017-2019 FemPreg weighted
United States,2015,34,unmarried,third_plus,12254.14134756002,NSFG 2017-2019 FemPreg weighted
United States,2015,35,unmarried,third_plus,30292.20984689059,NSFG 2017-2019 FemPreg weighted
United States,2015,36,unmarried,third_plus,42174.95268194779,NSFG 2017-2019 FemPreg weighted
United States,2015,37,unmarried,third_plus,13791.32378793656,NSFG 2017-2019 FemPreg weighted
United States,2015,38,unmarried,third_plus,2857.11263866049,NSFG 2017-2019 FemPreg weighted
United States,2015,39,unmarried,third_plus,1872.90066752959,NSFG 2017-2019 FemPreg weighted
United States,2015,40,unmarried,third_plus,6459.103282728491,NSFG 2017-2019 FemPreg weighted
United States,2015,41,unmarried,third_plus,2666.80966921768,NSFG 2017-2019 FemPreg weighted
United States,2016,17,married,all,3384.73906730073,NSFG 2017-2019 FemPreg weighted
United States,2016,18,married,all,16221.185449350942,NSFG 2017-2019 FemPreg weighted
United States,2016,20,married,all,16674.506541543207,NSFG 2017-2019 FemPreg weighted
United States,2016,21,married,all,18994.92284538751,NSFG 2017-2019 FemPreg weighted
United States,2016,22,married,all,106356.34387004522,NSFG 2017-2019 FemPreg weighted
United States,2016,23,married,all,46370.33875594448,NSFG 2017-2019 FemPreg weighted
United States,2016,24,married,all,118369.18276343017,NSFG 2017-2019 FemPreg weighted
United States,2016,25,married,all,65454.357511270464,NSFG 2017-2019 FemPreg weighted
United States,2016,26,married,all,106612.46604369038,NSFG 2017-2019 FemPreg weighted
United States,2016,27,married,all,136711.19740048892,NSFG 2017-2019 FemPreg weighted
United States,2016,28,married,all,95966.91208390157,NSFG 2017-2019 FemPreg weighted
United States,2016,29,married,all,125403.43714501112,NSFG 2017-2019 FemPreg weighted
United States,2016,30,married,all,236907.10189248857,NSFG 2017-2019 FemPreg weighted
United States,2016,31,married,all,165513.44193340142,NSFG 2017-2019 FemPreg weighted
United States,2016,32,married,all,195094.84804190992,NSFG 2017-2019 FemPreg weighted
United States,2016,33,married,all,156560.70839958306,NSFG 2017-2019 FemPreg weighted
United States,2016,34,married,all,199175.93898728632,NSFG 2017-2019 FemPreg weighted
United States,2016,35,married,all,97730.86419167228,NSFG 2017-2019 FemPreg weighted
United States,2016,36,married,all,74238.92120073625,NSFG 2017-2019 FemPreg weighted
United States,2016,37,married,all,48697.601372648605,NSFG 2017-2019 FemPreg weighted
United States,2016,38,married,all,57226.77058504618,NSFG 2017-2019 FemPreg weighted
United States,2016,39,married,all,42708.43560106808,NSFG 2017-2019 FemPreg weighted
United States,2016,41,married,all,7712.67426810988,NSFG 2017-2019 FemPreg weighted
United States,2016,42,married,all,5980.08707213135,NSFG 2017-2019 FemPreg weighted
United States,2016,44,married,all,2875.26083164378,NSFG 2017-2019 FemPreg weighted
United States,2016,17,married,first,3384.73906730073,NSFG 2017-2019 FemPreg weighted
United States,2016,18,married,first,3935.74233659734,NSFG 2017-2019 FemPreg weighted
United States,2016,20,married,first,16674.506541543207,NSFG 2017-2019 FemPreg weighted
United States,2016,21,married,first,16628.4270559834,NSFG 2017-2019 FemPreg weighted
United States,2016,22,married,first,33707.7649100676,NSFG 2017-2019 FemPreg weighted
United States,2016,23,married,first,7221.56279203936,NSFG 2017-2019 FemPreg weighted
United States,2016,24,married,first,84266.34244371719,NSFG 2017-2019 FemPreg weighted
United States,2016,25,married,first,14753.6965648419,NSFG 2017-2019 FemPreg weighted
United States,2016,26,married,first,54573.854975043,NSFG 2017-2019 FemPreg weighted
United States,2016,27,married,first,3255.13778044039,NSFG 2017-2019 FemPreg weighted
United States,2016,28,married,first,18052.0695101014,NSFG 2017-2019 FemPreg weighted
United States,2016,29,married,first,74959.94938465531,NSFG 2017-2019 FemPreg weighted
United States,2016,30,married,first,130531.05577703132,NSFG 2017-2019 FemPreg weighted
United States,2016,31,married,first,70242.28232537303,NSFG 2017-2019 FemPreg weighted
United States,2016,32,married,first,67897.7537892409,NSFG 2017-2019 FemPreg weighted
United States,2016,33,married,first,19445.0654488969,NSFG 2017-2019 FemPreg weighted
United States,2016,34,married,first,67277.76082217148,NSFG 2017-2019 FemPreg weighted
United States,2016,35,married,first,36891.22525980688,NSFG 2017-2019 FemPreg weighted
United States,2016,36,married,first,18956.9127890964,NSFG 2017-2019 FemPreg weighted
United States,2016,37,married,first,12183.8742109948,NSFG 2017-2019 FemPreg weighted
United States,2016,38,married,first,23304.9613395125,NSFG 2017-2019 FemPreg weighted
United States,2016,41,married,first,7712.67426810988,NSFG 2017-2019 FemPreg weighted
United States,2016,42,married,first,5980.08707213135,NSFG 2017-2019 FemPreg weighted
United States,2016,18,married,second,12285.4431127536,NSFG 2017-2019 FemPreg weighted
United States,2016,21,married,second,2366.49578940411,NSFG 2017-2019 FemPreg weighted
United States,2016,22,married,second,54186.79305386281,NSFG 2017-2019 FemPreg weighted
United States,2016,23,married,second,35952.6252385813,NSFG 2017-2019 FemPreg weighted
United States,2016,24,married,second,32176.0266621977,NSFG 2017-2019 FemPreg weighted
United States,2016,25,married,second,48288.07377545357,NSFG 2017-2019 FemPreg weighted
United States,2016,26,married,second,17625.03780880159,NSFG 2017-2019 FemPreg weighted
United States,2016,27,married,second,29598.924595186043,NSFG 2017-2019 FemPreg weighted
United States,2016,28,married,second,36792.85555753474,NSFG 2017-2019 FemPreg weighted
United States,2016,29,married,second,48593.28157663625,NSFG 2017-2019 FemPreg weighted
United States,2016,30,married,second,69299.93167151892,NSFG 2017-2019 FemPreg weighted
United States,2016,31,married,second,37235.27060756964,NSFG 2017-2019 FemPreg weighted
United States,2016,32,married,second,23682.0194325568,NSFG 2017-2019 FemPreg weighted
United States,2016,33,married,second,79990.78316290476,NSFG 2017-2019 FemPreg weighted
United States,2016,34,married,second,88900.38162963607,NSFG 2017-2019 FemPreg weighted
United States,2016,35,married,second,24810.764144127912,NSFG 2017-2019 FemPreg weighted
United States,2016,36,married,second,25403.57626975865,NSFG 2017-2019 FemPreg weighted
United States,2016,37,married,second,36513.727161653806,NSFG 2017-2019 FemPreg weighted
United States,2016,38,married,second,20856.9216746002,NSFG 2017-2019 FemPreg weighted
United States,2016,39,married,second,38738.18041816279,NSFG 2017-2019 FemPreg weighted
United States,2016,22,married,third_plus,18461.7859061148,NSFG 2017-2019 FemPreg weighted
United States,2016,23,married,third_plus,3196.15072532382,NSFG 2017-2019 FemPreg weighted
United States,2016,24,married,third_plus,1926.81365751527,NSFG 2017-2019 FemPreg weighted
United States,2016,25,married,third_plus,2412.58717097499,NSFG 2017-2019 FemPreg weighted
United States,2016,26,married,third_plus,34413.57325984578,NSFG 2017-2019 FemPreg weighted
United States,2016,27,married,third_plus,103857.1350248625,NSFG 2017-2019 FemPreg weighted
United States,2016,28,married,third_plus,41121.987016265426,NSFG 2017-2019 FemPreg weighted
United States,2016,29,married,third_plus,1850.20618371956,NSFG 2017-2019 FemPreg weighted
United States,2016,30,married,third_plus,37076.11444393834,NSFG 2017-2019 FemPreg weighted
United States,2016,31,married,third_plus,58035.889000458745,NSFG 2017-2019 FemPreg weighted
United States,2016,32,married,third_plus,103515.07482011219,NSFG 2017-2019 FemPreg weighted
United States,2016,33,married,third_plus,57124.8597877814,NSFG 2017-2019 FemPreg weighted
United States,2016,34,married,third_plus,42997.79653547875,NSFG 2017-2019 FemPreg weighted
United States,2016,35,married,third_plus,36028.87478773749,NSFG 2017-2019 FemPreg weighted
United States,2016,36,married,third_plus,29878.4321418812,NSFG 2017-2019 FemPreg weighted
United States,2016,38,married,third_plus,13064.88757093348,NSFG 2017-2019 FemPreg weighted
United States,2016,39,married,third_plus,3970.25518290529,NSFG 2017-2019 FemPreg weighted
United States,2016,44,married,third_plus,2875.26083164378,NSFG 2017-2019 FemPreg weighted
United States,2016,15,unmarried,all,2684.98270173752,NSFG 2017-2019 FemPreg weighted
United States,2016,16,unmarried,all,3352.07063971249,NSFG 2017-2019 FemPreg weighted
United States,2016,17,unmarried,all,21135.99048180055,NSFG 2017-2019 FemPreg weighted
United States,2016,18,unmarried,all,48491.634505483846,NSFG 2017-2019 FemPreg weighted
United States,2016,19,unmarried,all,163358.81776363958,NSFG 2017-2019 FemPreg weighted
United States,2016,20,unmarried,all,41037.872031953804,NSFG 2017-2019 FemPreg weighted
United States,2016,21,unmarried,all,78792.8091210706,NSFG 2017-2019 FemPreg weighted
United States,2016,22,unmarried,all,110796.0080068242,NSFG 2017-2019 FemPreg weighted
United States,2016,23,unmarried,all,93708.91507103216,NSFG 2017-2019 FemPreg weighted
United States,2016,24,unmarried,all,51968.48956318229,NSFG 2017-2019 FemPreg weighted
United States,2016,25,unmarried,all,166843.2525519541,NSFG 2017-2019 FemPreg weighted
United States,2016,26,unmarried,all,85790.64112231828,NSFG 2017-2019 FemPreg weighted
United States,2016,27,unmarried,all,74569.0901181905,NSFG 2017-2019 FemPreg weighted
United States,2016,28,unmarried,all,83898.31095168552,NSFG 2017-2019 FemPreg weighted
United States,2016,29,unmarried,all,36656.23870620507,NSFG 2017-2019 FemPreg weighted
United States,2016,30,unmarried,all,134208.3947833379,NSFG 2017-2019 FemPreg weighted
United States,2016,31,unmarried,all,45940.663550211146,NSFG 2017-2019 FemPreg weighted
United States,2016,32,unmarried,all,16390.61613639826,NSFG 2017-2019 FemPreg weighted
United States,2016,33,unmarried,all,61087.74181451577,NSFG 2017-2019 FemPreg weighted
United States,2016,34,unmarried,all,19782.936918881212,NSFG 2017-2019 FemPreg weighted
United States,2016,35,unmarried,all,95453.20739303512,NSFG 2017-2019 FemPreg weighted
United States,2016,36,unmarried,all,20976.10856351258,NSFG 2017-2019 FemPreg weighted
United States,2016,37,unmarried,all,9560.2417864505,NSFG 2017-2019 FemPreg weighted
United States,2016,39,unmarried,all,26609.59613329907,NSFG 2017-2019 FemPreg weighted
United States,2016,40,unmarried,all,12771.605378299399,NSFG 2017-2019 FemPreg weighted
United States,2016,41,unmarried,all,9989.50766598001,NSFG 2017-2019 FemPreg weighted
United States,2016,15,unmarried,first,2684.98270173752,NSFG 2017-2019 FemPreg weighted
United States,2016,16,unmarried,first,3352.07063971249,NSFG 2017-2019 FemPreg weighted
United States,2016,17,unmarried,first,21135.99048180055,NSFG 2017-2019 FemPreg weighted
United States,2016,18,unmarried,first,39388.8416915337,NSFG 2017-2019 FemPreg weighted
United States,2016,19,unmarried,first,148261.1465876995,NSFG 2017-2019 FemPreg weighted
United States,2016,20,unmarried,first,39697.0100319538,NSFG 2017-2019 FemPreg weighted
United States,2016,21,unmarried,first,33369.34858132249,NSFG 2017-2019 FemPreg weighted
United States,2016,22,unmarried,first,74501.87786112267,NSFG 2017-2019 FemPreg weighted
United States,2016,23,unmarried,first,48612.83285320644,NSFG 2017-2019 FemPreg weighted
United States,2016,24,unmarried,first,14287.211343171628,NSFG 2017-2019 FemPreg weighted
United States,2016,25,unmarried,first,82459.6430510561,NSFG 2017-2019 FemPreg weighted
United States,2016,26,unmarried,first,1763.08654320255,NSFG 2017-2019 FemPreg weighted
United States,2016,27,unmarried,first,28021.9688020686,NSFG 2017-2019 FemPreg weighted
United States,2016,28,unmarried,first,15800.98471388894,NSFG 2017-2019 FemPreg weighted
United States,2016,29,unmarried,first,12891.73915721875,NSFG 2017-2019 FemPreg weighted
United States,2016,30,unmarried,first,14254.22337310478,NSFG 2017-2019 FemPreg weighted
United States,2016,31,unmarried,first,15411.16826286762,NSFG 2017-2019 FemPreg weighted
United States,2016,35,unmarried,first,49704.5386489168,NSFG 2017-2019 FemPreg weighted
United States,2016,37,unmarried,first,5649.32992335319,NSFG 2017-2019 FemPreg weighted
United States,2016,18,unmarried,second,9102.79281395015,NSFG 2017-2019 FemPreg weighted
United States,2016,19,unmarried,second,15097.67117594008,NSFG 2017-2019 FemPreg weighted
United States,2016,20,unmarried,second,1340.862,NSFG 2017-2019 FemPreg weighted
United States,2016,21,unmarried,second,34373.79138026339,NSFG 2017-2019 FemPreg weighted
United States,2016,22,unmarried,second,25960.98704156707,NSFG 2017-2019 FemPreg weighted
United States,2016,23,unmarried,second,35549.06226087363,NSFG 2017-2019 FemPreg weighted
United States,2016,24,unmarried,second,1936.74268199676,NSFG 2017-2019 FemPreg weighted
United States,2016,25,unmarried,second,62910.88831818287,NSFG 2017-2019 FemPreg weighted
United States,2016,26,unmarried,second,26298.18962233995,NSFG 2017-2019 FemPreg weighted
United States,2016,27,unmarried,second,24952.277936786933,NSFG 2017-2019 FemPreg weighted
United States,2016,28,unmarried,second,12174.891471467541,NSFG 2017-2019 FemPreg weighted
United States,2016,29,unmarried,second,7173.98485330349,NSFG 2017-2019 FemPreg weighted
United States,2016,30,unmarried,second,56049.49812622272,NSFG 2017-2019 FemPreg weighted
United States,2016,31,unmarried,second,4298.271707844,NSFG 2017-2019 FemPreg weighted
United States,2016,33,unmarried,second,8659.88581778777,NSFG 2017-2019 FemPreg weighted
United States,2016,34,unmarried,second,3743.61683295085,NSFG 2017-2019 FemPreg weighted
United States,2016,35,unmarried,second,31973.65739503569,NSFG 2017-2019 FemPreg weighted
United States,2016,21,unmarried,third_plus,11049.66915948472,NSFG 2017-2019 FemPreg weighted
United States,2016,22,unmarried,third_plus,10333.143104134451,NSFG 2017-2019 FemPreg weighted
United States,2016,23,unmarried,third_plus,9547.01995695209,NSFG 2017-2019 FemPreg weighted
United States,2016,24,unmarried,third_plus,35744.5355380139,NSFG 2017-2019 FemPreg weighted
United States,2016,25,unmarried,third_plus,21472.72118271512,NSFG 2017-2019 FemPreg weighted
United States,2016,26,unmarried,third_plus,57729.36495677578,NSFG 2017-2019 FemPreg weighted
United States,2016,27,unmarried,third_plus,21594.84337933498,NSFG 2017-2019 FemPreg weighted
United States,2016,28,unmarried,third_plus,55922.434766329025,NSFG 2017-2019 FemPreg weighted
United States,2016,29,unmarried,third_plus,16590.51469568283,NSFG 2017-2019 FemPreg weighted
United States,2016,30,unmarried,third_plus,63904.67328401037,NSFG 2017-2019 FemPreg weighted
United States,2016,31,unmarried,third_plus,26231.22357949952,NSFG 2017-2019 FemPreg weighted
United States,2016,32,unmarried,third_plus,16390.61613639826,NSFG 2017-2019 FemPreg weighted
United States,2016,33,unmarried,third_plus,52427.855996728,NSFG 2017-2019 FemPreg weighted
United States,2016,34,unmarried,third_plus,16039.320085930362,NSFG 2017-2019 FemPreg weighted
United States,2016,35,unmarried,third_plus,13775.01134908263,NSFG 2017-2019 FemPreg weighted
United States,2016,36,unmarried,third_plus,20976.10856351258,NSFG 2017-2019 FemPreg weighted
United States,2016,37,unmarried,third_plus,3910.91186309731,NSFG 2017-2019 FemPreg weighted
United States,2016,39,unmarried,third_plus,26609.59613329907,NSFG 2017-2019 FemPreg weighted
United States,2016,40,unmarried,third_plus,12771.605378299399,NSFG 2017-2019 FemPreg weighted
United States,2016,41,unmarried,third_plus,9989.50766598001,NSFG 2017-2019 FemPreg weighted
United States,2017,18,married,all,7249.36470674958,NSFG 2017-2019 FemPreg weighted
United States,2017,19,married,all,14866.11962387306,NSFG 2017-2019 FemPreg weighted
United States,2017,20,married,all,20943.29782921209,NSFG 2017-2019 FemPreg weighted
United States,2017,21,married,all,3518.13959256996,NSFG 2017-2019 FemPreg weighted
United States,2017,22,married,all,49409.88627542747,NSFG 2017-2019 FemPreg weighted
United States,2017,23,married,all,31283.56634822279,NSFG 2017-2019 FemPreg weighted
United States,2017,24,married,all,27698.632564223488,NSFG 2017-2019 FemPreg weighted
United States,2017,25,married,all,26341.038372653908,NSFG 2017-2019 FemPreg weighted
United States,2017,26,married,all,88673.02543680886,NSFG 2017-2019 FemPreg weighted
United States,2017,27,married,all,265720.263731559,NSFG 2017-2019 FemPreg weighted
United States,2017,28,married,all,166408.9079252535,NSFG 2017-2019 FemPreg weighted
United States,2017,29,married,all,229455.58497429267,NSFG 2017-2019 FemPreg weighted
United States,2017,30,married,all,44513.81465651993,NSFG 2017-2019 FemPreg weighted
United States,2017,31,married,all,197139.6372067599,NSFG 2017-2019 FemPreg weighted
United States,2017,32,married,all,67458.46506537255,NSFG 2017-2019 FemPreg weighted
United States,2017,33,married,all,170174.7303762682,NSFG 2017-2019 FemPreg weighted
United States,2017,34,married,all,131883.14490472412,NSFG 2017-2019 FemPreg weighted
United States,2017,35,married,all,65047.303845642746,NSFG 2017-2019 FemPreg weighted
United States,2017,36,married,all,87227.52197506225,NSFG 2017-2019 FemPreg weighted
United States,2017,37,married,all,23877.1348559255,NSFG 2017-2019 FemPreg weighted
United States,2017,38,married,all,76438.23289876367,NSFG 2017-2019 FemPreg weighted
United States,2017,40,married,all,25408.49496325005,NSFG 2017-2019 FemPreg weighted
United States,2017,41,married,all,9431.78178007921,NSFG 2017-2019 FemPreg weighted
United States,2017,42,married,all,5896.40327736707,NSFG 2017-2019 FemPreg weighted
United States,2017,19,married,first,2580.67651111946,NSFG 2017-2019 FemPreg weighted
United States,2017,20,married,first,11454.2393149631,NSFG 2017-2019 FemPreg weighted
United States,2017,22,married,first,20808.67403320017,NSFG 2017-2019 FemPreg weighted
United States,2017,26,married,first,22185.16446587225,NSFG 2017-2019 FemPreg weighted
United States,2017,27,married,first,23702.89709521831,NSFG 2017-2019 FemPreg weighted
United States,2017,28,married,first,98319.47858989972,NSFG 2017-2019 FemPreg weighted
United States,2017,29,married,first,103909.69653908008,NSFG 2017-2019 FemPreg weighted
United States,2017,30,married,first,38178.00292144222,NSFG 2017-2019 FemPreg weighted
United States,2017,31,married,first,95680.32470761589,NSFG 2017-2019 FemPreg weighted
United States,2017,32,married,first,28208.855799737947,NSFG 2017-2019 FemPreg weighted
United States,2017,33,married,first,30198.516243161343,NSFG 2017-2019 FemPreg weighted
United States,2017,34,married,first,65746.9015962464,NSFG 2017-2019 FemPreg weighted
United States,2017,35,married,first,15366.62258499716,NSFG 2017-2019 FemPreg weighted
United States,2017,36,married,first,69602.07896270684,NSFG 2017-2019 FemPreg weighted
United States,2017,37,married,first,8232.17431529136,NSFG 2017-2019 FemPreg weighted
United States,2017,40,married,first,19169.83021629419,NSFG 2017-2019 FemPreg weighted
United States,2017,18,married,second,7249.36470674958,NSFG 2017-2019 FemPreg weighted
United States,2017,20,married,second,9489.05851424899,NSFG 2017-2019 FemPreg weighted
United States,2017,22,married,second,12373.7296118007,NSFG 2017-2019 FemPreg weighted
United States,2017,23,married,second,11552.0260968174,NSFG 2017-2019 FemPreg weighted
United States,2017,24,married,second,19189.84194260512,NSFG 2017-2019 FemPreg weighted
United States,2017,25,married,second,12977.3018994774,NSFG 2017-2019 FemPreg weighted
United States,2017,26,married,second,10541.9287101878,NSFG 2017-2019 FemPreg weighted
United States,2017,27,married,second,158409.77270207155,NSFG 2017-2019 FemPreg weighted
United States,2017,28,married,second,52146.56708600989,NSFG 2017-2019 FemPreg weighted
United States,2017,29,married,second,75852.9902422051,NSFG 2017-2019 FemPreg weighted
United States,2017,30,married,second,6335.81173507771,NSFG 2017-2019 FemPreg weighted
United States,2017,31,married,second,53344.1136634155,NSFG 2017-2019 FemPreg weighted
United States,2017,33,married,second,88863.76033756736,NSFG 2017-2019 FemPreg weighted
United States,2017,34,married,second,52370.82951816911,NSFG 2017-2019 FemPreg weighted
United States,2017,35,married,second,34257.81154992243,NSFG 2017-2019 FemPreg weighted
United States,2017,37,married,second,15644.96054063414,NSFG 2017-2019 FemPreg weighted
United States,2017,38,married,second,30684.703528661397,NSFG 2017-2019 FemPreg weighted
United States,2017,40,married,second,6238.66474695586,NSFG 2017-2019 FemPreg weighted
United States,2017,19,married,third_plus,12285.4431127536,NSFG 2017-2019 FemPreg weighted
United States,2017,21,married,third_plus,3518.13959256996,NSFG 2017-2019 FemPreg weighted
United States,2017,22,married,third_plus,16227.4826304266,NSFG 2017-2019 FemPreg weighted
United States,2017,23,married,third_plus,19731.54025140539,NSFG 2017-2019 FemPreg weighted
United States,2017,24,married,third_plus,8508.790621618371,NSFG 2017-2019 FemPreg weighted
United States,2017,25,married,third_plus,13363.736473176508,NSFG 2017-2019 FemPreg weighted
United States,2017,26,married,third_plus,55945.932260748814,NSFG 2017-2019 FemPreg weighted
United States,2017,27,married,third_plus,83607.59393426913,NSFG 2017-2019 FemPreg weighted
United States,2017,28,married,third_plus,15942.86224934388,NSFG 2017-2019 FemPreg weighted
United States,2017,29,married,third_plus,49692.8981930075,NSFG 2017-2019 FemPreg weighted
United States,2017,31,married,third_plus,48115.198835728486,NSFG 2017-2019 FemPreg weighted
United States,2017,32,married,third_plus,39249.60926563461,NSFG 2017-2019 FemPreg weighted
United States,2017,33,married,third_plus,51112.45379553952,NSFG 2017-2019 FemPreg weighted
United States,2017,34,married,third_plus,13765.4137903086,NSFG 2017-2019 FemPreg weighted
United States,2017,35,married,third_plus,15422.86971072316,NSFG 2017-2019 FemPreg weighted
United States,2017,36,married,third_plus,17625.4430123554,NSFG 2017-2019 FemPreg weighted
United States,2017,38,married,third_plus,45753.529370102275,NSFG 2017-2019 FemPreg weighted
United States,2017,41,married,third_plus,9431.78178007921,NSFG 2017-2019 FemPreg weighted
United States,2017,42,married,third_plus,5896.40327736707,NSFG 2017-2019 FemPreg weighted
United States,2017,16,unmarried,all,27674.8978126518,NSFG 2017-2019 FemPreg weighted
United States,2017,17,unmarried,all,94767.27801860422,NSFG 2017-2019 FemPreg weighted
United States,2017,18,unmarried,all,7971.26689174014,NSFG 2017-2019 FemPreg weighted
United States,2017,19,unmarried,all,44933.94804881353,NSFG 2017-2019 FemPreg weighted
United States,2017,20,unmarried,all,24089.10371078122,NSFG 2017-2019 FemPreg weighted
United States,2017,21,unmarried,all,131160.56847362037,NSFG 2017-2019 FemPreg weighted
United States,2017,22,unmarried,all,56584.047477888605,NSFG 2017-2019 FemPreg weighted
United States,2017,23,unmarried,all,62408.347890052464,NSFG 2017-2019 FemPreg weighted
United States,2017,24,unmarried,all,57365.077168291966,NSFG 2017-2019 FemPreg weighted
United States,2017,25,unmarried,all,103323.26880393489,NSFG 2017-2019 FemPreg weighted
United States,2017,26,unmarried,all,99903.31416540564,NSFG 2017-2019 FemPreg weighted
United States,2017,27,unmarried,all,84559.27359807059,NSFG 2017-2019 FemPreg weighted
United States,2017,28,unmarried,all,64626.11019623466,NSFG 2017-2019 FemPreg weighted
United States,2017,29,unmarried,all,115493.05050534988,NSFG 2017-2019 FemPreg weighted
United States,2017,30,unmarried,all,75803.99144683624,NSFG 2017-2019 FemPreg weighted
United States,2017,31,unmarried,all,42490.32905405584,NSFG 2017-2019 FemPreg weighted
United States,2017,32,unmarried,all,49104.155603653846,NSFG 2017-2019 FemPreg weighted
United States,2017,33,unmarried,all,17468.5363212288,NSFG 2017-2019 FemPreg weighted
United States,2017,34,unmarried,all,20474.072115840267,NSFG 2017-2019 FemPreg weighted
United States,2017,35,unmarried,all,14502.87996251088,NSFG 2017-2019 FemPreg weighted
United States,2017,36,unmarried,all,41551.67685039769,NSFG 2017-2019 FemPreg weighted
United States,2017,37,unmarried,all,27480.43528922095,NSFG 2017-2019 FemPreg weighted
United States,2017,38,unmarried,all,6959.14566182441,NSFG 2017-2019 FemPreg weighted
United States,2017,39,unmarried,all,10226.93752996123,NSFG 2017-2019 FemPreg weighted
United States,2017,16,unmarried,first,27674.8978126518,NSFG 2017-2019 FemPreg weighted
United States,2017,17,unmarried,first,78490.16367403272,NSFG 2017-2019 FemPreg weighted
United States,2017,18,unmarried,first,7971.26689174014,NSFG 2017-2019 FemPreg weighted
United States,2017,19,unmarried,first,40595.48984400627,NSFG 2017-2019 FemPreg weighted
United States,2017,20,unmarried,first,17713.396425040788,NSFG 2017-2019 FemPreg weighted
United States,2017,21,unmarried,first,70053.64560560042,NSFG 2017-2019 FemPreg weighted
United States,2017,22,unmarried,first,41589.690661940775,NSFG 2017-2019 FemPreg weighted
United States,2017,23,unmarried,first,20938.71489320574,NSFG 2017-2019 FemPreg weighted
United States,2017,24,unmarried,first,30164.89011459169,NSFG 2017-2019 FemPreg weighted
United States,2017,25,unmarried,first,34964.83418553348,NSFG 2017-2019 FemPreg weighted
United States,2017,26,unmarried,first,22989.666929124447,NSFG 2017-2019 FemPreg weighted
United States,2017,27,unmarried,first,10416.963443070279,NSFG 2017-2019 FemPreg weighted
United States,2017,28,unmarried,first,25606.94404293385,NSFG 2017-2019 FemPreg weighted
United States,2017,29,unmarried,first,4561.33412694131,NSFG 2017-2019 FemPreg weighted
United States,2017,30,unmarried,first,3911.77031233454,NSFG 2017-2019 FemPreg weighted
United States,2017,31,unmarried,first,10601.771277942491,NSFG 2017-2019 FemPreg weighted
United States,2017,32,unmarried,first,10428.2411290691,NSFG 2017-2019 FemPreg weighted
United States,2017,33,unmarried,first,7744.0120883017,NSFG 2017-2019 FemPreg weighted
United States,2017,35,unmarried,first,7681.46271823829,NSFG 2017-2019 FemPreg weighted
United States,2017,17,unmarried,second,16277.1143445715,NSFG 2017-2019 FemPreg weighted
United States,2017,19,unmarried,second,4338.45820480726,NSFG 2017-2019 FemPreg weighted
United States,2017,21,unmarried,second,56526.06224255264,NSFG 2017-2019 FemPreg weighted
United States,2017,22,unmarried,second,14994.356815947831,NSFG 2017-2019 FemPreg weighted
United States,2017,23,unmarried,second,41469.632996846725,NSFG 2017-2019 FemPreg weighted
United States,2017,24,unmarried,second,25535.9273372394,NSFG 2017-2019 FemPreg weighted
United States,2017,25,unmarried,second,44501.68123843094,NSFG 2017-2019 FemPreg weighted
United States,2017,26,unmarried,second,49856.84802638125,NSFG 2017-2019 FemPreg weighted
United States,2017,27,unmarried,second,35971.83809679473,NSFG 2017-2019 FemPreg weighted
United States,2017,28,unmarried,second,26437.667950164257,NSFG 2017-2019 FemPreg weighted
United States,2017,29,unmarried,second,54572.328281087044,NSFG 2017-2019 FemPreg weighted
United States,2017,30,unmarried,second,55837.92381905876,NSFG 2017-2019 FemPreg weighted
United States,2017,31,unmarried,second,8632.6138973264,NSFG 2017-2019 FemPreg weighted
United States,2017,32,unmarried,second,14060.8220961527,NSFG 2017-2019 FemPreg weighted
United States,2017,33,unmarried,second,2162.43000677405,NSFG 2017-2019 FemPreg weighted
United States,2017,36,unmarried,second,3531.75442458209,NSFG 2017-2019 FemPreg weighted
United States,2017,37,unmarried,second,1876.83740765715,NSFG 2017-2019 FemPreg weighted
United States,2017,39,unmarried,second,7559.39843153921,NSFG 2017-2019 FemPreg weighted
United States,2017,20,unmarried,third_plus,6375.70728574043,NSFG 2017-2019 FemPreg weighted
United States,2017,21,unmarried,third_plus,4580.86062546731,NSFG 2017-2019 FemPreg weighted
United States,2017,24,unmarried,third_plus,1664.25971646088,NSFG 2017-2019 FemPreg weighted
United States,2017,25,unmarried,third_plus,23856.75337997046,NSFG 2017-2019 FemPreg weighted
United States,2017,26,unmarried,third_plus,27056.79920989994,NSFG 2017-2019 FemPreg weighted
United States,2017,27,unmarried,third_plus,38170.47205820558,NSFG 2017-2019 FemPreg weighted
United States,2017,28,unmarried,third_plus,12581.49820313655,NSFG 2017-2019 FemPreg weighted
United States,2017,29,unmarried,third_plus,56359.38809732152,NSFG 2017-2019 FemPreg weighted
United States,2017,30,unmarried,third_plus,16054.29731544294,NSFG 2017-2019 FemPreg weighted
United States,2017,31,unmarried,third_plus,23255.94387878694,NSFG 2017-2019 FemPreg weighted
United States,2017,32,unmarried,third_plus,24615.092378432048,NSFG 2017-2019 FemPreg weighted
United States,2017,33,unmarried,third_plus,7562.09422615305,NSFG 2017-2019 FemPreg weighted
United States,2017,34,unmarried,third_plus,20474.072115840267,NSFG 2017-2019 FemPreg weighted
United States,2017,35,unmarried,third_plus,6821.41724427259,NSFG 2017-2019 FemPreg weighted
United States,2017,36,unmarried,third_plus,38019.9224258156,NSFG 2017-2019 FemPreg weighted
United States,2017,37,unmarried,third_plus,25603.5978815638,NSFG 2017-2019 FemPreg weighted
United States,2017,38,unmarried,third_plus,6959.14566182441,NSFG 2017-2019 FemPreg weighted
United States,2017,39,unmarried,third_plus,2667.53909842202,NSFG 2017-2019 FemPreg weighted
