country,entity,state,year,marital,parity,births_15_44,female_15_44,asfr_15_44,housing_cost_burden,rent_burden_share,median_gross_rent,housing_estimate_type,housing_source_url
United States,Alabama,01,2010,all,all,60050.0,958387.0,62.657360753015226,0.46679734319738303,0.46679734319738303,,1yr_sequence,https://www2.census.gov/programs-surveys/acs/summary_file/2010/data/1_year_seq_by_state/Alabama/20101al0148000.zip
United States,Alaska,02,2010,all,all,11471.0,140950.0,81.38346931536006,0.4152463925946093,0.4152463925946093,,1yr_sequence,https://www2.census.gov/programs-surveys/acs/summary_file/2010/data/1_year_seq_by_state/Alaska/20101ak0148000.zip
United States,Arizona,04,2010,all,all,87477.0,1260823.0,69.38087265222795,0.49090754421091043,0.49090754421091043,,1yr_sequence,https://www2.census.gov/programs-surveys/acs/summary_file/2010/data/1_year_seq_by_state/Arizona/20101az0148000.zip
United States,Arkansas,05,2010,all,all,38540.0,569533.0,67.66947657115567,0.4334937000115596,0.4334937000115596,,1yr_sequence,https://www2.census.gov/programs-surveys/acs/summary_file/2010/data/1_year_seq_by_state/Arkansas/20101ar0148000.zip
United States,California,06,2010,all,all,510198.0,7866929.0,64.85351526624939,0.5440435738556866,0.5440435738556866,,1yr_sequence,https://www2.census.gov/programs-surveys/acs/summary_file/2010/data/1_year_seq_by_state/California/20101ca0148000.zip
United States,Colorado,08,2010,all,all,66355.0,1023504.0,64.83120730353765,0.4900455680128423,0.4900455680128423,,1yr_sequence,https://www2.census.gov/programs-surveys/acs/summary_file/2010/data/1_year_seq_by_state/Colorado/20101co0148000.zip
United States,Connecticut,09,2010,all,all,37708.0,691424.0,54.536724209746836,0.5051310685858196,0.5051310685858196,,1yr_sequence,https://www2.census.gov/programs-surveys/acs/summary_file/2010/data/1_year_seq_by_state/Connecticut/20101ct0148000.zip
United States,Delaware,10,2010,all,all,11364.0,178514.0,63.658872693458214,0.5092651972862592,0.5092651972862592,,1yr_sequence,https://www2.census.gov/programs-surveys/acs/summary_file/2010/data/1_year_seq_by_state/Delaware/20101de0148000.zip
United States,Florida,12,2010,all,all,214590.0,3553835.0,60.38265704513575,0.5563888871535044,0.5563888871535044,,1yr_sequence,https://www2.census.gov/programs-surveys/acs/summary_file/2010/data/1_year_seq_by_state/Florida/20101fl0148000.zip
United States,Georgia,13,2010,all,all,133947.0,2065974.0,64.83479462955486,0.48959605518330074,0.48959605518330074,,1yr_sequence,https://www2.census.gov/programs-surveys/acs/summary_file/2010/data/1_year_seq_by_state/Georgia/20101ga0148000.zip
United States,Hawaii,15,2010,all,all,18988.0,256943.0,73.8996586791623,0.5132823220969783,0.5132823220969783,,1yr_sequence,https://www2.census.gov/programs-surveys/acs/summary_file/2010/data/1_year_seq_by_state/Hawaii/20101hi0148000.zip
United States,Idaho,16,2010,all,all,23198.0,305827.0,75.85334192206705,0.4689200066218739,0.4689200066218739,,1yr_sequence,https://www2.census.gov/programs-surveys/acs/summary_file/2010/data/1_year_seq_by_state/Idaho/20101id0148000.zip
United States,Illinois,17,2010,all,all,165200.0,2624134.0,62.95410219142772,0.48812958952579005,0.48812958952579005,,1yr_sequence,https://www2.census.gov/programs-surveys/acs/summary_file/2010/data/1_year_seq_by_state/Illinois/20101il0148000.zip
United States,Indiana,18,2010,all,all,83940.0,1286994.0,65.22174928554446,0.4669769557885675,0.4669769557885675,,1yr_sequence,https://www2.census.gov/programs-surveys/acs/summary_file/2010/data/1_year_seq_by_state/Indiana/20101in0148000.zip
United States,Iowa,19,2010,all,all,38719.0,576835.0,67.12318080560298,0.42261684730375126,0.42261684730375126,,1yr_sequence,https://www2.census.gov/programs-surveys/acs/summary_file/2010/data/1_year_seq_by_state/Iowa/20101ia0148000.zip
United States,Kansas,20,2010,all,all,40649.0,553099.0,73.49317210842905,0.41808836364360014,0.41808836364360014,,1yr_sequence,https://www2.census.gov/programs-surveys/acs/summary_file/2010/data/1_year_seq_by_state/Kansas/20101ks0148000.zip
United States,Kentucky,21,2010,all,all,55784.0,853956.0,65.32420874143398,0.4368854818428349,0.4368854818428349,,1yr_sequence,https://www2.census.gov/programs-surveys/acs/summary_file/2010/data/1_year_seq_by_state/Kentucky/20101ky0148000.zip
United States,Louisiana,22,2010,all,all,62379.0,926732.0,67.31072197787493,0.4641558365765851,0.4641558365765851,,1yr_sequence,https://www2.census.gov/programs-surveys/acs/summary_file/2010/data/1_year_seq_by_state/Louisiana/20101la0148000.zip
United States,Maine,23,2010,all,all,12970.0,240866.0,53.8473674159076,0.45075223792460173,0.45075223792460173,,1yr_sequence,https://www2.census.gov/programs-surveys/acs/summary_file/2010/data/1_year_seq_by_state/Maine/20101me0148000.zip
United States,Maryland,24,2010,all,all,73801.0,1189270.0,62.055714850286314,0.4870773504931743,0.4870773504931743,,1yr_sequence,https://www2.census.gov/programs-surveys/acs/summary_file/2010/data/1_year_seq_by_state/Maryland/20101md0148000.zip
United States,Massachusetts,25,2010,all,all,72865.0,1353520.0,53.8337076659377,0.47804339537223867,0.47804339537223867,,1yr_sequence,https://www2.census.gov/programs-surveys/acs/summary_file/2010/data/1_year_seq_by_state/Massachusetts/20101ma0148000.zip
United States,Michigan,26,2010,all,all,114531.0,1913502.0,59.85413132570543,0.5117789474394662,0.5117789474394662,,1yr_sequence,https://www2.census.gov/programs-surveys/acs/summary_file/2010/data/1_year_seq_by_state/Michigan/20101mi0148000.zip
United States,Minnesota,27,2010,all,all,68610.0,1044566.0,65.682781174191,0.4748147885576548,0.4748147885576548,,1yr_sequence,https://www2.census.gov/programs-surveys/acs/summary_file/2010/data/1_year_seq_by_state/Minnesota/20101mn0148000.zip
United States,Mississippi,28,2010,all,all,40036.0,601799.0,66.52719595745424,0.4702487562189055,0.4702487562189055,,1yr_sequence,https://www2.census.gov/programs-surveys/acs/summary_file/2010/data/1_year_seq_by_state/Mississippi/20101ms0148000.zip
United States,Missouri,29,2010,all,all,76759.0,1173864.0,65.39002814636108,0.4575300614186768,0.4575300614186768,,1yr_sequence,https://www2.census.gov/programs-surveys/acs/summary_file/2010/data/1_year_seq_by_state/Missouri/20101mo0148000.zip
United States,Montana,30,2010,all,all,12060.0,179324.0,67.25257076576476,0.39907791080465793,0.39907791080465793,,1yr_sequence,https://www2.census.gov/programs-surveys/acs/summary_file/2010/data/1_year_seq_by_state/Montana/20101mt0148000.zip
United States,Nebraska,31,2010,all,all,25918.0,354218.0,73.16963000186325,0.4098016236602672,0.4098016236602672,,1yr_sequence,https://www2.census.gov/programs-surveys/acs/summary_file/2010/data/1_year_seq_by_state/Nebraska/20101ne0148000.zip
United States,Nevada,32,2010,all,all,35934.0,547651.0,65.6147802158674,0.5025451594793627,0.5025451594793627,,1yr_sequence,https://www2.census.gov/programs-surveys/acs/summary_file/2010/data/1_year_seq_by_state/Nevada/20101nv0148000.zip
United States,New Hampshire,33,2010,all,all,12874.0,249484.0,51.60250757563611,0.47734325229650026,0.47734325229650026,,1yr_sequence,https://www2.census.gov/programs-surveys/acs/summary_file/2010/data/1_year_seq_by_state/NewHampshire/20101nh0148000.zip
United States,New Jersey,34,2010,all,all,106922.0,1735099.0,61.622996728140585,0.5146031737095017,0.5146031737095017,,1yr_sequence,https://www2.census.gov/programs-surveys/acs/summary_file/2010/data/1_year_seq_by_state/NewJersey/20101nj0148000.zip
United States,New Mexico,35,2010,all,all,27850.0,397629.0,70.04016306657714,0.4244595811983581,0.4244595811983581,,1yr_sequence,https://www2.census.gov/programs-surveys/acs/summary_file/2010/data/1_year_seq_by_state/NewMexico/20101nm0148000.zip
United States,New York,36,2010,all,all,244375.0,4042471.0,60.45188697704943,0.5018042076308871,0.5018042076308871,,1yr_sequence,https://www2.census.gov/programs-surveys/acs/summary_file/2010/data/1_year_seq_by_state/NewYork/20101ny0148000.zip
United States,North Carolina,37,2010,all,all,122350.0,1941487.0,63.0187067953584,0.4717773382405161,0.4717773382405161,,1yr_sequence,https://www2.census.gov/programs-surveys/acs/summary_file/2010/data/1_year_seq_by_state/NorthCarolina/20101nc0148000.zip
United States,North Dakota,38,2010,all,all,9104.0,128361.0,70.92496942217652,0.3619081508319046,0.3619081508319046,,1yr_sequence,https://www2.census.gov/programs-surveys/acs/summary_file/2010/data/1_year_seq_by_state/NorthDakota/20101nd0148000.zip
United States,Ohio,39,2010,all,all,139128.0,2231669.0,62.34257858132187,0.47879001502934887,0.47879001502934887,,1yr_sequence,https://www2.census.gov/programs-surveys/acs/summary_file/2010/data/1_year_seq_by_state/Ohio/20101oh0148000.zip
United States,Oklahoma,40,2010,all,all,53238.0,734697.0,72.46252536760052,0.4178356561470251,0.4178356561470251,,1yr_sequence,https://www2.census.gov/programs-surveys/acs/summary_file/2010/data/1_year_seq_by_state/Oklahoma/20101ok0148000.zip
United States,Oregon,41,2010,all,all,45540.0,754423.0,60.364013292277676,0.5117465626622117,0.5117465626622117,,1yr_sequence,https://www2.census.gov/programs-surveys/acs/summary_file/2010/data/1_year_seq_by_state/Oregon/20101or0148000.zip
United States,Pennsylvania,42,2010,all,all,143321.0,2439749.0,58.74415769818944,0.4629287985501427,0.4629287985501427,,1yr_sequence,https://www2.census.gov/programs-surveys/acs/summary_file/2010/data/1_year_seq_by_state/Pennsylvania/20101pa0148000.zip
United States,Rhode Island,44,2010,all,all,11177.0,214119.0,52.199944890458106,0.4814455662667402,0.4814455662667402,,1yr_sequence,https://www2.census.gov/programs-surveys/acs/summary_file/2010/data/1_year_seq_by_state/RhodeIsland/20101ri0148000.zip
United States,South Carolina,45,2010,all,all,58342.0,921992.0,63.278206318493,0.4718494720018577,0.4718494720018577,,1yr_sequence,https://www2.census.gov/programs-surveys/acs/summary_file/2010/data/1_year_seq_by_state/SouthCarolina/20101sc0148000.zip
United States,South Dakota,46,2010,all,all,11811.0,152018.0,77.69474667473588,0.37231480212270157,0.37231480212270157,,1yr_sequence,https://www2.census.gov/programs-surveys/acs/summary_file/2010/data/1_year_seq_by_state/SouthDakota/20101sd0148000.zip
United States,Tennessee,47,2010,all,all,79495.0,1272096.0,62.49135285387267,0.4669254848019334,0.4669254848019334,,1yr_sequence,https://www2.census.gov/programs-surveys/acs/summary_file/2010/data/1_year_seq_by_state/Tennessee/20101tn0148000.zip
United States,Texas,48,2010,all,all,386118.0,5322420.0,72.54557137542697,0.46305330497640257,0.46305330497640257,,1yr_sequence,https://www2.census.gov/programs-surveys/acs/summary_file/2010/data/1_year_seq_by_state/Texas/20101tx0148000.zip
United States,Utah,49,2010,all,all,52258.0,603344.0,86.61393831711263,0.45797956078721547,0.45797956078721547,,1yr_sequence,https://www2.census.gov/programs-surveys/acs/summary_file/2010/data/1_year_seq_by_state/Utah/20101ut0148000.zip
United States,Vermont,50,2010,all,all,6223.0,118062.0,52.70959326455591,0.49862635557016105,0.49862635557016105,,1yr_sequence,https://www2.census.gov/programs-surveys/acs/summary_file/2010/data/1_year_seq_by_state/Vermont/20101vt0148000.zip
United States,Virginia,51,2010,all,all,103002.0,1632522.0,63.093789853980525,0.46567516837348527,0.46567516837348527,,1yr_sequence,https://www2.census.gov/programs-surveys/acs/summary_file/2010/data/1_year_seq_by_state/Virginia/20101va0148000.zip
United States,Washington,53,2010,all,all,86539.0,1351925.0,64.011687038852,0.48435947122641704,0.48435947122641704,,1yr_sequence,https://www2.census.gov/programs-surveys/acs/summary_file/2010/data/1_year_seq_by_state/Washington/20101wa0148000.zip
United States,West Virginia,54,2010,all,all,20470.0,341654.0,59.91441633933746,0.4022736073756969,0.4022736073756969,,1yr_sequence,https://www2.census.gov/programs-surveys/acs/summary_file/2010/data/1_year_seq_by_state/WestVirginia/20101wv0148000.zip
United States,Wisconsin,55,2010,all,all,68487.0,1095634.0,62.50901304632751,0.4651902681596035,0.4651902681596035,,1yr_sequence,https://www2.census.gov/programs-surveys/acs/summary_file/2010/data/1_year_seq_by_state/Wisconsin/20101wi0148000.zip
United States,Wyoming,56,2010,all,all,7556.0,106230.0,71.12868304622047,0.3430581266197705,0.3430581266197705,,1yr_sequence,https://www2.census.gov/programs-surveys/acs/summary_file/2010/data/1_year_seq_by_state/Wyoming/20101wy0148000.zip
United States,Alabama,01,2011,all,all,59354.0,956950.0,62.0241391922253,0.46752465655494313,0.46752465655494313,,1yr_sequence,https://www2.census.gov/programs-surveys/acs/summary_file/2011/data/1_year_seq_by_state/Alabama/20111al0155000.zip
United States,Alaska,02,2011,all,all,11456.0,142513.0,80.38564902850969,0.40598623418720664,0.40598623418720664,,1yr_sequence,https://www2.census.gov/programs-surveys/acs/summary_file/2011/data/1_year_seq_by_state/Alaska/20111ak0155000.zip
United States,Arizona,04,2011,all,all,85543.0,1269384.0,67.38937941552753,0.47445896969902646,0.47445896969902646,,1yr_sequence,https://www2.census.gov/programs-surveys/acs/summary_file/2011/data/1_year_seq_by_state/Arizona/20111az0155000.zip
United States,Arkansas,05,2011,all,all,38715.0,572242.0,67.65494318837136,0.45607043386603013,0.45607043386603013,,1yr_sequence,https://www2.census.gov/programs-surveys/acs/summary_file/2011/data/1_year_seq_by_state/Arkansas/20111ar0155000.zip
United States,California,06,2011,all,all,502120.0,7906241.0,63.509321307053504,0.545280722668395,0.545280722668395,,1yr_sequence,https://www2.census.gov/programs-surveys/acs/summary_file/2011/data/1_year_seq_by_state/California/20111ca0155000.zip
United States,Colorado,08,2011,all,all,65055.0,1037195.0,62.7220532301062,0.48779392368217583,0.48779392368217583,,1yr_sequence,https://www2.census.gov/programs-surveys/acs/summary_file/2011/data/1_year_seq_by_state/Colorado/20111co0155000.zip
United States,Connecticut,09,2011,all,all,37281.0,688816.0,54.123307240249936,0.5198032611261416,0.5198032611261416,,1yr_sequence,https://www2.census.gov/programs-surveys/acs/summary_file/2011/data/1_year_seq_by_state/Connecticut/20111ct0155000.zip
United States,Delaware,10,2011,all,all,11257.0,178655.0,63.009711455039046,0.49766463775467074,0.49766463775467074,,1yr_sequence,https://www2.census.gov/programs-surveys/acs/summary_file/2011/data/1_year_seq_by_state/Delaware/20111de0155000.zip
United States,Florida,12,2011,all,all,213414.0,3571276.0,59.75847288196152,0.5619238649807156,0.5619238649807156,,1yr_sequence,https://www2.census.gov/programs-surveys/acs/summary_file/2011/data/1_year_seq_by_state/Florida/20111fl0155000.zip
United States,Georgia,13,2011,all,all,132409.0,2067629.0,64.03905149328047,0.4960354294863872,0.4960354294863872,,1yr_sequence,https://www2.census.gov/programs-surveys/acs/summary_file/2011/data/1_year_seq_by_state/Georgia/20111ga0155000.zip
United States,Hawaii,15,2011,all,all,18956.0,258623.0,73.29587855681822,0.5345579094515199,0.5345579094515199,,1yr_sequence,https://www2.census.gov/programs-surveys/acs/summary_file/2011/data/1_year_seq_by_state/Hawaii/20111hi0155000.zip
United States,Idaho,16,2011,all,all,22305.0,307549.0,72.52502853203879,0.4639728300721701,0.4639728300721701,,1yr_sequence,https://www2.census.gov/programs-surveys/acs/summary_file/2011/data/1_year_seq_by_state/Idaho/20111id0155000.zip
United States,Illinois,17,2011,all,all,161312.0,2617791.0,61.62142050301189,0.49210110890889414,0.49210110890889414,,1yr_sequence,https://www2.census.gov/programs-surveys/acs/summary_file/2011/data/1_year_seq_by_state/Illinois/20111il0155000.zip
United States,Indiana,18,2011,all,all,83701.0,1287251.0,65.02306077058786,0.47535569955919893,0.47535569955919893,,1yr_sequence,https://www2.census.gov/programs-surveys/acs/summary_file/2011/data/1_year_seq_by_state/Indiana/20111in0155000.zip
United States,Iowa,19,2011,all,all,38214.0,579227.0,65.97413449303987,0.4338772343391885,0.4338772343391885,,1yr_sequence,https://www2.census.gov/programs-surveys/acs/summary_file/2011/data/1_year_seq_by_state/Iowa/20111ia0155000.zip
United States,Kansas,20,2011,all,all,39642.0,553769.0,71.58580563375703,0.4282024239894874,0.4282024239894874,,1yr_sequence,https://www2.census.gov/programs-surveys/acs/summary_file/2011/data/1_year_seq_by_state/Kansas/20111ks0155000.zip
United States,Kentucky,21,2011,all,all,55370.0,853645.0,64.86302854230973,0.4493589805149283,0.4493589805149283,,1yr_sequence,https://www2.census.gov/programs-surveys/acs/summary_file/2011/data/1_year_seq_by_state/Kentucky/20111ky0155000.zip
United States,Louisiana,22,2011,all,all,61888.0,930158.0,66.5349327748619,0.4792206337426663,0.4792206337426663,,1yr_sequence,https://www2.census.gov/programs-surveys/acs/summary_file/2011/data/1_year_seq_by_state/Louisiana/20111la0155000.zip
United States,Maine,23,2011,all,all,12704.0,238875.0,53.18262689691261,0.496464073237961,0.496464073237961,,1yr_sequence,https://www2.census.gov/programs-surveys/acs/summary_file/2011/data/1_year_seq_by_state/Maine/20111me0155000.zip
United States,Maryland,24,2011,all,all,73093.0,1190910.0,61.37575467499643,0.5062188876296498,0.5062188876296498,,1yr_sequence,https://www2.census.gov/programs-surveys/acs/summary_file/2011/data/1_year_seq_by_state/Maryland/20111md0155000.zip
United States,Massachusetts,25,2011,all,all,73166.0,1356419.0,53.94055966482333,0.4894564804732642,0.4894564804732642,,1yr_sequence,https://www2.census.gov/programs-surveys/acs/summary_file/2011/data/1_year_seq_by_state/Massachusetts/20111ma0155000.zip
United States,Michigan,26,2011,all,all,114008.0,1904716.0,59.85564252098476,0.509691385757954,0.509691385757954,,1yr_sequence,https://www2.census.gov/programs-surveys/acs/summary_file/2011/data/1_year_seq_by_state/Michigan/20111mi0155000.zip
United States,Minnesota,27,2011,all,all,68409.0,1044775.0,65.47725586848843,0.47268785418578424,0.47268785418578424,,1yr_sequence,https://www2.census.gov/programs-surveys/acs/summary_file/2011/data/1_year_seq_by_state/Minnesota/20111mn0155000.zip
United States,Mississippi,28,2011,all,all,39860.0,601092.0,66.31264432066972,0.46274913583878796,0.46274913583878796,,1yr_sequence,https://www2.census.gov/programs-surveys/acs/summary_file/2011/data/1_year_seq_by_state/Mississippi/20111ms0155000.zip
United States,Missouri,29,2011,all,all,76117.0,1172084.0,64.94159121701175,0.4535688456412265,0.4535688456412265,,1yr_sequence,https://www2.census.gov/programs-surveys/acs/summary_file/2011/data/1_year_seq_by_state/Missouri/20111mo0155000.zip
United States,Montana,30,2011,all,all,12069.0,180516.0,66.858339426976,0.4156230721776681,0.4156230721776681,,1yr_sequence,https://www2.census.gov/programs-surveys/acs/summary_file/2011/data/1_year_seq_by_state/Montana/20111mt0155000.zip
United States,Nebraska,31,2011,all,all,25720.0,355861.0,72.27541090481958,0.40280259883419905,0.40280259883419905,,1yr_sequence,https://www2.census.gov/programs-surveys/acs/summary_file/2011/data/1_year_seq_by_state/Nebraska/20111ne0155000.zip
United States,Nevada,32,2011,all,all,35296.0,546017.0,64.6426759606386,0.4934542261639972,0.4934542261639972,,1yr_sequence,https://www2.census.gov/programs-surveys/acs/summary_file/2011/data/1_year_seq_by_state/Nevada/20111nv0155000.zip
United States,New Hampshire,33,2011,all,all,12851.0,247942.0,51.83067007606618,0.4704241980133529,0.4704241980133529,,1yr_sequence,https://www2.census.gov/programs-surveys/acs/summary_file/2011/data/1_year_seq_by_state/NewHampshire/20111nh0155000.zip
United States,New Jersey,34,2011,all,all,105883.0,1726406.0,61.33145969140515,0.5137492785523899,0.5137492785523899,,1yr_sequence,https://www2.census.gov/programs-surveys/acs/summary_file/2011/data/1_year_seq_by_state/NewJersey/20111nj0155000.zip
United States,New Mexico,35,2011,all,all,27289.0,399665.0,68.27968423554726,0.47571034996581807,0.47571034996581807,,1yr_sequence,https://www2.census.gov/programs-surveys/acs/summary_file/2011/data/1_year_seq_by_state/NewMexico/20111nm0155000.zip
United States,New York,36,2011,all,all,241312.0,4040994.0,59.71600056817704,0.513086395478038,0.513086395478038,,1yr_sequence,https://www2.census.gov/programs-surveys/acs/summary_file/2011/data/1_year_seq_by_state/NewYork/20111ny0155000.zip
United States,North Carolina,37,2011,all,all,120389.0,1947387.0,61.82078857463873,0.4785019724969233,0.4785019724969233,,1yr_sequence,https://www2.census.gov/programs-surveys/acs/summary_file/2011/data/1_year_seq_by_state/NorthCarolina/20111nc0155000.zip
United States,North Dakota,38,2011,all,all,9527.0,130638.0,72.92671351367902,0.37975634350626636,0.37975634350626636,,1yr_sequence,https://www2.census.gov/programs-surveys/acs/summary_file/2011/data/1_year_seq_by_state/NorthDakota/20111nd0155000.zip
United States,Ohio,39,2011,all,all,137918.0,2221866.0,62.07305030996469,0.474775860297483,0.474775860297483,,1yr_sequence,https://www2.census.gov/programs-surveys/acs/summary_file/2011/data/1_year_seq_by_state/Ohio/20111oh0155000.zip
United States,Oklahoma,40,2011,all,all,52272.0,741044.0,70.53832161113239,0.42967168558834473,0.42967168558834473,,1yr_sequence,https://www2.census.gov/programs-surveys/acs/summary_file/2011/data/1_year_seq_by_state/Oklahoma/20111ok0155000.zip
United States,Oregon,41,2011,all,all,45155.0,761477.0,59.29923031161808,0.518484218452452,0.518484218452452,,1yr_sequence,https://www2.census.gov/programs-surveys/acs/summary_file/2011/data/1_year_seq_by_state/Oregon/20111or0155000.zip
United States,Pennsylvania,42,2011,all,all,143178.0,2434700.0,58.80724524582084,0.47140628423100156,0.47140628423100156,,1yr_sequence,https://www2.census.gov/programs-surveys/acs/summary_file/2011/data/1_year_seq_by_state/Pennsylvania/20111pa0155000.zip
United States,Rhode Island,44,2011,all,all,10960.0,212494.0,51.57792690617147,0.478680655979816,0.478680655979816,,1yr_sequence,https://www2.census.gov/programs-surveys/acs/summary_file/2011/data/1_year_seq_by_state/RhodeIsland/20111ri0155000.zip
United States,South Carolina,45,2011,all,all,57393.0,921170.0,62.304460631588086,0.473285536159601,0.473285536159601,,1yr_sequence,https://www2.census.gov/programs-surveys/acs/summary_file/2011/data/1_year_seq_by_state/SouthCarolina/20111sc0155000.zip
United States,South Dakota,46,2011,all,all,11846.0,152741.0,77.55612441976942,0.3560829986350201,0.3560829986350201,,1yr_sequence,https://www2.census.gov/programs-surveys/acs/summary_file/2011/data/1_year_seq_by_state/SouthDakota/20111sd0155000.zip
United States,Tennessee,47,2011,all,all,79588.0,1274725.0,62.43542724901449,0.46994495585568624,0.46994495585568624,,1yr_sequence,https://www2.census.gov/programs-surveys/acs/summary_file/2011/data/1_year_seq_by_state/Tennessee/20111tn0155000.zip
United States,Texas,48,2011,all,all,377445.0,5395961.0,69.94954188883129,0.4605523343499682,0.4605523343499682,,1yr_sequence,https://www2.census.gov/programs-surveys/acs/summary_file/2011/data/1_year_seq_by_state/Texas/20111tx0155000.zip
United States,Utah,49,2011,all,all,51223.0,610903.0,83.8480086036572,0.4780797328940662,0.4780797328940662,,1yr_sequence,https://www2.census.gov/programs-surveys/acs/summary_file/2011/data/1_year_seq_by_state/Utah/20111ut0155000.zip
United States,Vermont,50,2011,all,all,6078.0,117463.0,51.74395341511795,0.4921657240278191,0.4921657240278191,,1yr_sequence,https://www2.census.gov/programs-surveys/acs/summary_file/2011/data/1_year_seq_by_state/Vermont/20111vt0155000.zip
United States,Virginia,51,2011,all,all,102652.0,1638663.0,62.643752864377845,0.465249141552932,0.465249141552932,,1yr_sequence,https://www2.census.gov/programs-surveys/acs/summary_file/2011/data/1_year_seq_by_state/Virginia/20111va0155000.zip
United States,Washington,53,2011,all,all,86976.0,1363510.0,63.78831105015731,0.48022441309662084,0.48022441309662084,,1yr_sequence,https://www2.census.gov/programs-surveys/acs/summary_file/2011/data/1_year_seq_by_state/Washington/20111wa0155000.zip
United States,West Virginia,54,2011,all,all,20717.0,341074.0,60.740484469645885,0.3872147282566073,0.3872147282566073,,1yr_sequence,https://www2.census.gov/programs-surveys/acs/summary_file/2011/data/1_year_seq_by_state/WestVirginia/20111wv0155000.zip
United States,Wisconsin,55,2011,all,all,67810.0,1091066.0,62.15022739229341,0.45980826966931165,0.45980826966931165,,1yr_sequence,https://www2.census.gov/programs-surveys/acs/summary_file/2011/data/1_year_seq_by_state/Wisconsin/20111wi0155000.zip
United States,Wyoming,56,2011,all,all,7399.0,106384.0,69.54993232064973,0.3330424398309756,0.3330424398309756,,1yr_sequence,https://www2.census.gov/programs-surveys/acs/summary_file/2011/data/1_year_seq_by_state/Wyoming/20111wy0155000.zip
United States,Alabama,01,2012,all,all,58448.0,957963.0,61.012794857421426,0.426018549992716,0.426018549992716,,1yr_sequence,https://www2.census.gov/programs-surveys/acs/summary_file/2012/data/1_year_seq_by_state/Alabama/20121al0155000.zip
United States,Alaska,02,2012,all,all,11187.0,143564.0,77.92343484438996,0.44312760235947257,0.44312760235947257,,1yr_sequence,https://www2.census.gov/programs-surveys/acs/summary_file/2012/data/1_year_seq_by_state/Alaska/20121ak0155000.zip
United States,Arizona,04,2012,all,all,86441.0,1282267.0,67.4126371496732,0.47744433947726345,0.47744433947726345,,1yr_sequence,https://www2.census.gov/programs-surveys/acs/summary_file/2012/data/1_year_seq_by_state/Arizona/20121az0155000.zip
United States,Arkansas,05,2012,all,all,38347.0,574043.0,66.8016159068223,0.4254992399070796,0.4254992399070796,,1yr_sequence,https://www2.census.gov/programs-surveys/acs/summary_file/2012/data/1_year_seq_by_state/Arkansas/20121ar0155000.zip
United States,California,06,2012,all,all,503755.0,7942767.0,63.42311187020845,0.5464045881700779,0.5464045881700779,,1yr_sequence,https://www2.census.gov/programs-surveys/acs/summary_file/2012/data/1_year_seq_by_state/California/20121ca0155000.zip
United States,Colorado,08,2012,all,all,65187.0,1050449.0,62.056320678110026,0.48584959536445055,0.48584959536445055,,1yr_sequence,https://www2.census.gov/programs-surveys/acs/summary_file/2012/data/1_year_seq_by_state/Colorado/20121co0155000.zip
United States,Connecticut,09,2012,all,all,36539.0,686720.0,53.208003261882574,0.4961055723695923,0.4961055723695923,,1yr_sequence,https://www2.census.gov/programs-surveys/acs/summary_file/2012/data/1_year_seq_by_state/Connecticut/20121ct0155000.zip
United States,Delaware,10,2012,all,all,11023.0,178459.0,61.76768893695471,0.4563460879727579,0.4563460879727579,,1yr_sequence,https://www2.census.gov/programs-surveys/acs/summary_file/2012/data/1_year_seq_by_state/Delaware/20121de0155000.zip
United States,Florida,12,2012,all,all,213148.0,3603008.0,59.15834769170648,0.5421151680907534,0.5421151680907534,,1yr_sequence,https://www2.census.gov/programs-surveys/acs/summary_file/2012/data/1_year_seq_by_state/Florida/20121fl0155000.zip
United States,Georgia,13,2012,all,all,130280.0,2078223.0,62.68817157735239,0.4774919288649952,0.4774919288649952,,1yr_sequence,https://www2.census.gov/programs-surveys/acs/summary_file/2012/data/1_year_seq_by_state/Georgia/20121ga0155000.zip
United States,Hawaii,15,2012,all,all,18980.0,260194.0,72.9455713813539,0.5026946076754863,0.5026946076754863,,1yr_sequence,https://www2.census.gov/programs-surveys/acs/summary_file/2012/data/1_year_seq_by_state/Hawaii/20121hi0155000.zip
United States,Idaho,16,2012,all,all,22963.0,308769.0,74.3695124834423,0.45829696098896633,0.45829696098896633,,1yr_sequence,https://www2.census.gov/programs-surveys/acs/summary_file/2012/data/1_year_seq_by_state/Idaho/20121id0155000.zip
United States,Illinois,17,2012,all,all,159160.0,2609351.0,60.99601011899127,0.4697411947849776,0.4697411947849776,,1yr_sequence,https://www2.census.gov/programs-surveys/acs/summary_file/2012/data/1_year_seq_by_state/Illinois/20121il0155000.zip
United States,Indiana,18,2012,all,all,83227.0,1286985.0,64.6681973760378,0.4535656008123303,0.4535656008123303,,1yr_sequence,https://www2.census.gov/programs-surveys/acs/summary_file/2012/data/1_year_seq_by_state/Indiana/20121in0155000.zip
United States,Iowa,19,2012,all,all,38702.0,580355.0,66.68676930499436,0.41470226206512145,0.41470226206512145,,1yr_sequence,https://www2.census.gov/programs-surveys/acs/summary_file/2012/data/1_year_seq_by_state/Iowa/20121ia0155000.zip
United States,Kansas,20,2012,all,all,40341.0,555894.0,72.56959060540319,0.4092869342442357,0.4092869342442357,,1yr_sequence,https://www2.census.gov/programs-surveys/acs/summary_file/2012/data/1_year_seq_by_state/Kansas/20121ks0155000.zip
United States,Kentucky,21,2012,all,all,55758.0,851599.0,65.47447801136451,0.42662365935364627,0.42662365935364627,,1yr_sequence,https://www2.census.gov/programs-surveys/acs/summary_file/2012/data/1_year_seq_by_state/Kentucky/20121ky0155000.zip
United States,Louisiana,22,2012,all,all,62642.0,932578.0,67.17078893132799,0.45691528984167007,0.45691528984167007,,1yr_sequence,https://www2.census.gov/programs-surveys/acs/summary_file/2012/data/1_year_seq_by_state/Louisiana/20121la0155000.zip
United States,Maine,23,2012,all,all,12798.0,236436.0,54.128812871136375,0.4721092039942219,0.4721092039942219,,1yr_sequence,https://www2.census.gov/programs-surveys/acs/summary_file/2012/data/1_year_seq_by_state/Maine/20121me0155000.zip
United States,Maryland,24,2012,all,all,72883.0,1192271.0,61.12955863222371,0.4796719997789384,0.4796719997789384,,1yr_sequence,https://www2.census.gov/programs-surveys/acs/summary_file/2012/data/1_year_seq_by_state/Maryland/20121md0155000.zip
United States,Massachusetts,25,2012,all,all,72439.0,1359120.0,53.298457825651894,0.4678323580153706,0.4678323580153706,,1yr_sequence,https://www2.census.gov/programs-surveys/acs/summary_file/2012/data/1_year_seq_by_state/Massachusetts/20121ma0155000.zip
United States,Michigan,26,2012,all,all,113091.0,1899211.0,59.546306334577885,0.49754412254412256,0.49754412254412256,,1yr_sequence,https://www2.census.gov/programs-surveys/acs/summary_file/2012/data/1_year_seq_by_state/Michigan/20121mi0155000.zip
United States,Minnesota,27,2012,all,all,68772.0,1044844.0,65.82035212912167,0.45326652662016503,0.45326652662016503,,1yr_sequence,https://www2.census.gov/programs-surveys/acs/summary_file/2012/data/1_year_seq_by_state/Minnesota/20121mn0155000.zip
United States,Mississippi,28,2012,all,all,38669.0,600147.0,64.43254735923031,0.45227292381309275,0.45227292381309275,,1yr_sequence,https://www2.census.gov/programs-surveys/acs/summary_file/2012/data/1_year_seq_by_state/Mississippi/20121ms0155000.zip
United States,Missouri,29,2012,all,all,75446.0,1170720.0,64.44410277436108,0.46407774327675194,0.46407774327675194,,1yr_sequence,https://www2.census.gov/programs-surveys/acs/summary_file/2012/data/1_year_seq_by_state/Missouri/20121mo0155000.zip
United States,Montana,30,2012,all,all,12118.0,181417.0,66.79638622620813,0.4233646524468985,0.4233646524468985,,1yr_sequence,https://www2.census.gov/programs-surveys/acs/summary_file/2012/data/1_year_seq_by_state/Montana/20121mt0155000.zip
United States,Nebraska,31,2012,all,all,25942.0,357739.0,72.51655536578343,0.39421612777813775,0.39421612777813775,,1yr_sequence,https://www2.census.gov/programs-surveys/acs/summary_file/2012/data/1_year_seq_by_state/Nebraska/20121ne0155000.zip
United States,Nevada,32,2012,all,all,34911.0,549749.0,63.50352615466331,0.4855364851270469,0.4855364851270469,,1yr_sequence,https://www2.census.gov/programs-surveys/acs/summary_file/2012/data/1_year_seq_by_state/Nevada/20121nv0155000.zip
United States,New Hampshire,33,2012,all,all,12352.0,246449.0,50.119903103684734,0.4609714822110872,0.4609714822110872,,1yr_sequence,https://www2.census.gov/programs-surveys/acs/summary_file/2012/data/1_year_seq_by_state/NewHampshire/20121nh0155000.zip
United States,New Jersey,34,2012,all,all,104230.0,1716249.0,60.731280833958245,0.5134124752308653,0.5134124752308653,,1yr_sequence,https://www2.census.gov/programs-surveys/acs/summary_file/2012/data/1_year_seq_by_state/NewJersey/20121nj0155000.zip
United States,New Mexico,35,2012,all,all,27068.0,399945.0,67.67930590456187,0.4597270039288752,0.4597270039288752,,1yr_sequence,https://www2.census.gov/programs-surveys/acs/summary_file/2012/data/1_year_seq_by_state/NewMexico/20121nm0155000.zip
United States,New York,36,2012,all,all,240916.0,4033018.0,59.73590993147067,0.5038165094847168,0.5038165094847168,,1yr_sequence,https://www2.census.gov/programs-surveys/acs/summary_file/2012/data/1_year_seq_by_state/NewYork/20121ny0155000.zip
United States,North Carolina,37,2012,all,all,119831.0,1953911.0,61.328791331846745,0.4484883682161497,0.4484883682161497,,1yr_sequence,https://www2.census.gov/programs-surveys/acs/summary_file/2012/data/1_year_seq_by_state/NorthCarolina/20121nc0155000.zip
United States,North Dakota,38,2012,all,all,10106.0,134086.0,75.3695389526125,0.31700916944305213,0.31700916944305213,,1yr_sequence,https://www2.census.gov/programs-surveys/acs/summary_file/2012/data/1_year_seq_by_state/NorthDakota/20121nd0155000.zip
United States,Ohio,39,2012,all,all,138483.0,2212463.0,62.59223318084868,0.454335662969211,0.454335662969211,,1yr_sequence,https://www2.census.gov/programs-surveys/acs/summary_file/2012/data/1_year_seq_by_state/Ohio/20121oh0155000.zip
United States,Oklahoma,40,2012,all,all,52751.0,746958.0,70.62110587208385,0.4236969923791585,0.4236969923791585,,1yr_sequence,https://www2.census.gov/programs-surveys/acs/summary_file/2012/data/1_year_seq_by_state/Oklahoma/20121ok0155000.zip
United States,Oregon,41,2012,all,all,45067.0,765859.0,58.84503544386108,0.49986282155484907,0.49986282155484907,,1yr_sequence,https://www2.census.gov/programs-surveys/acs/summary_file/2012/data/1_year_seq_by_state/Oregon/20121or0155000.zip
United States,Pennsylvania,42,2012,all,all,142514.0,2426021.0,58.743926783815965,0.4594376520188098,0.4594376520188098,,1yr_sequence,https://www2.census.gov/programs-surveys/acs/summary_file/2012/data/1_year_seq_by_state/Pennsylvania/20121pa0155000.zip
United States,Rhode Island,44,2012,all,all,10926.0,211435.0,51.67545581384349,0.47786052645907573,0.47786052645907573,,1yr_sequence,https://www2.census.gov/programs-surveys/acs/summary_file/2012/data/1_year_seq_by_state/RhodeIsland/20121ri0155000.zip
United States,South Carolina,45,2012,all,all,57155.0,924316.0,61.834913600976286,0.4625312473667949,0.4625312473667949,,1yr_sequence,https://www2.census.gov/programs-surveys/acs/summary_file/2012/data/1_year_seq_by_state/SouthCarolina/20121sc0155000.zip
United States,South Dakota,46,2012,all,all,12104.0,154429.0,78.37906092767551,0.3669685168676395,0.3669685168676395,,1yr_sequence,https://www2.census.gov/programs-surveys/acs/summary_file/2012/data/1_year_seq_by_state/SouthDakota/20121sd0155000.zip
United States,Tennessee,47,2012,all,all,80371.0,1281016.0,62.740043840201835,0.452945142714647,0.452945142714647,,1yr_sequence,https://www2.census.gov/programs-surveys/acs/summary_file/2012/data/1_year_seq_by_state/Tennessee/20121tn0155000.zip
United States,Texas,48,2012,all,all,382727.0,5476739.0,69.88227848725309,0.4448744615633744,0.4448744615633744,,1yr_sequence,https://www2.census.gov/programs-surveys/acs/summary_file/2012/data/1_year_seq_by_state/Texas/20121tx0155000.zip
United States,Utah,49,2012,all,all,51465.0,619015.0,83.14015007713868,0.4636533358813974,0.4636533358813974,,1yr_sequence,https://www2.census.gov/programs-surveys/acs/summary_file/2012/data/1_year_seq_by_state/Utah/20121ut0155000.zip
United States,Vermont,50,2012,all,all,6009.0,116546.0,51.559041065330426,0.46946916231972996,0.46946916231972996,,1yr_sequence,https://www2.census.gov/programs-surveys/acs/summary_file/2012/data/1_year_seq_by_state/Vermont/20121vt0155000.zip
United States,Virginia,51,2012,all,all,103013.0,1648143.0,62.502464895339784,0.46401983422862836,0.46401983422862836,,1yr_sequence,https://www2.census.gov/programs-surveys/acs/summary_file/2012/data/1_year_seq_by_state/Virginia/20121va0155000.zip
United States,Washington,53,2012,all,all,87463.0,1372482.0,63.72615451423043,0.4770464568356189,0.4770464568356189,,1yr_sequence,https://www2.census.gov/programs-surveys/acs/summary_file/2012/data/1_year_seq_by_state/Washington/20121wa0155000.zip
United States,West Virginia,54,2012,all,all,20827.0,339831.0,61.286345271620306,0.3891166873610349,0.3891166873610349,,1yr_sequence,https://www2.census.gov/programs-surveys/acs/summary_file/2012/data/1_year_seq_by_state/WestVirginia/20121wv0155000.zip
United States,Wisconsin,55,2012,all,all,67295.0,1087681.0,61.87016229942419,0.45915889198807347,0.45915889198807347,,1yr_sequence,https://www2.census.gov/programs-surveys/acs/summary_file/2012/data/1_year_seq_by_state/Wisconsin/20121wi0155000.zip
United States,Wyoming,56,2012,all,all,7572.0,108281.0,69.92916578162374,0.3881099676225717,0.3881099676225717,,1yr_sequence,https://www2.census.gov/programs-surveys/acs/summary_file/2012/data/1_year_seq_by_state/Wyoming/20121wy0155000.zip
United States,Alabama,01,2013,all,all,58167.0,959105.0,60.64716584732641,0.43555188505928694,0.43555188505928694,,1yr_sequence,https://www2.census.gov/programs-surveys/acs/summary_file/2013/data/1_year_seq_by_state/Alabama/20131al0146000.zip
United States,Alaska,02,2013,all,all,11446.0,144566.0,79.17490972981199,0.3984406281977132,0.3984406281977132,,1yr_sequence,https://www2.census.gov/programs-surveys/acs/summary_file/2013/data/1_year_seq_by_state/Alaska/20131ak0146000.zip
United States,Arizona,04,2013,all,all,85600.0,1294004.0,66.151263829169,0.4580468566434411,0.4580468566434411,,1yr_sequence,https://www2.census.gov/programs-surveys/acs/summary_file/2013/data/1_year_seq_by_state/Arizona/20131az0146000.zip
United States,Arkansas,05,2013,all,all,37832.0,575314.0,65.75887254612265,0.42218433217935697,0.42218433217935697,,1yr_sequence,https://www2.census.gov/programs-surveys/acs/summary_file/2013/data/1_year_seq_by_state/Arkansas/20131ar0146000.zip
United States,California,06,2013,all,all,494705.0,7975692.0,62.02659280222957,0.5412905303891428,0.5412905303891428,,1yr_sequence,https://www2.census.gov/programs-surveys/acs/summary_file/2013/data/1_year_seq_by_state/California/20131ca0146000.zip
United States,Colorado,08,2013,all,all,65007.0,1064592.0,61.062829703773836,0.48979468386661135,0.48979468386661135,,1yr_sequence,https://www2.census.gov/programs-surveys/acs/summary_file/2013/data/1_year_seq_by_state/Colorado/20131co0146000.zip
United States,Connecticut,09,2013,all,all,36085.0,683436.0,52.79938428762898,0.4932739896584268,0.4932739896584268,,1yr_sequence,https://www2.census.gov/programs-surveys/acs/summary_file/2013/data/1_year_seq_by_state/Connecticut/20131ct0146000.zip
United States,Delaware,10,2013,all,all,10831.0,178784.0,60.581483801682474,0.4671957010747313,0.4671957010747313,,1yr_sequence,https://www2.census.gov/programs-surveys/acs/summary_file/2013/data/1_year_seq_by_state/Delaware/20131de0146000.zip
United States,Florida,12,2013,all,all,215407.0,3635323.0,59.25388197967553,0.534349151786734,0.534349151786734,,1yr_sequence,https://www2.census.gov/programs-surveys/acs/summary_file/2013/data/1_year_seq_by_state/Florida/20131fl0146000.zip
United States,Georgia,13,2013,all,all,128748.0,2081959.0,61.839834502024296,0.47762096591543934,0.47762096591543934,,1yr_sequence,https://www2.census.gov/programs-surveys/acs/summary_file/2013/data/1_year_seq_by_state/Georgia/20131ga0146000.zip
United States,Hawaii,15,2013,all,all,18987.0,260955.0,72.75967120767949,0.5079063113519108,0.5079063113519108,,1yr_sequence,https://www2.census.gov/programs-surveys/acs/summary_file/2013/data/1_year_seq_by_state/Hawaii/20131hi0146000.zip
United States,Idaho,16,2013,all,all,22383.0,310808.0,72.01552083601452,0.4307018273576796,0.4307018273576796,,1yr_sequence,https://www2.census.gov/programs-surveys/acs/summary_file/2013/data/1_year_seq_by_state/Idaho/20131id0146000.zip
United States,Illinois,17,2013,all,all,156931.0,2601261.0,60.32881744661531,0.45777387175845746,0.45777387175845746,,1yr_sequence,https://www2.census.gov/programs-surveys/acs/summary_file/2013/data/1_year_seq_by_state/Illinois/20131il0146000.zip
United States,Indiana,18,2013,all,all,83102.0,1291398.0,64.35041714483064,0.45234652678429504,0.45234652678429504,,1yr_sequence,https://www2.census.gov/programs-surveys/acs/summary_file/2013/data/1_year_seq_by_state/Indiana/20131in0146000.zip
United States,Iowa,19,2013,all,all,39094.0,584234.0,66.91496900214639,0.3961291073502066,0.3961291073502066,,1yr_sequence,https://www2.census.gov/programs-surveys/acs/summary_file/2013/data/1_year_seq_by_state/Iowa/20131ia0146000.zip
United States,Kansas,20,2013,all,all,38839.0,556826.0,69.75069411270307,0.4128288429384749,0.4128288429384749,,1yr_sequence,https://www2.census.gov/programs-surveys/acs/summary_file/2013/data/1_year_seq_by_state/Kansas/20131ks0146000.zip
United States,Kentucky,21,2013,all,all,55686.0,852664.0,65.30825741440943,0.4008322622974394,0.4008322622974394,,1yr_sequence,https://www2.census.gov/programs-surveys/acs/summary_file/2013/data/1_year_seq_by_state/Kentucky/20131ky0146000.zip
United States,Louisiana,22,2013,all,all,63201.0,934904.0,67.6015933186723,0.45512219922903874,0.45512219922903874,,1yr_sequence,https://www2.census.gov/programs-surveys/acs/summary_file/2013/data/1_year_seq_by_state/Louisiana/20131la0146000.zip
United States,Maine,23,2013,all,all,12776.0,234569.0,54.465850133649376,0.47818585613861203,0.47818585613861203,,1yr_sequence,https://www2.census.gov/programs-surveys/acs/summary_file/2013/data/1_year_seq_by_state/Maine/20131me0146000.zip
United States,Maryland,24,2013,all,all,71953.0,1191591.0,60.38397403135808,0.4844178798051252,0.4844178798051252,,1yr_sequence,https://www2.census.gov/programs-surveys/acs/summary_file/2013/data/1_year_seq_by_state/Maryland/20131md0146000.zip
United States,Massachusetts,25,2013,all,all,71788.0,1366099.0,52.549632200887345,0.47513203322972963,0.47513203322972963,,1yr_sequence,https://www2.census.gov/programs-surveys/acs/summary_file/2013/data/1_year_seq_by_state/Massachusetts/20131ma0146000.zip
United States,Michigan,26,2013,all,all,113489.0,1896229.0,59.849838811662515,0.4816576562526307,0.4816576562526307,,1yr_sequence,https://www2.census.gov/programs-surveys/acs/summary_file/2013/data/1_year_seq_by_state/Michigan/20131mi0146000.zip
United States,Minnesota,27,2013,all,all,69159.0,1048069.0,65.98706764535541,0.44835288382134936,0.44835288382134936,,1yr_sequence,https://www2.census.gov/programs-surveys/acs/summary_file/2013/data/1_year_seq_by_state/Minnesota/20131mn0146000.zip
United States,Mississippi,28,2013,all,all,38634.0,600368.0,64.35053167390667,0.4354667910958617,0.4354667910958617,,1yr_sequence,https://www2.census.gov/programs-surveys/acs/summary_file/2013/data/1_year_seq_by_state/Mississippi/20131ms0146000.zip
United States,Missouri,29,2013,all,all,75296.0,1170470.0,64.32971370475109,0.446537278282407,0.446537278282407,,1yr_sequence,https://www2.census.gov/programs-surveys/acs/summary_file/2013/data/1_year_seq_by_state/Missouri/20131mo0146000.zip
United States,Montana,30,2013,all,all,12377.0,183478.0,67.45767884978035,0.42455543252903716,0.42455543252903716,,1yr_sequence,https://www2.census.gov/programs-surveys/acs/summary_file/2013/data/1_year_seq_by_state/Montana/20131mt0146000.zip
United States,Nebraska,31,2013,all,all,26095.0,359792.0,72.52801618713033,0.41330850733696856,0.41330850733696856,,1yr_sequence,https://www2.census.gov/programs-surveys/acs/summary_file/2013/data/1_year_seq_by_state/Nebraska/20131ne0146000.zip
United States,Nevada,32,2013,all,all,35030.0,552882.0,63.358908410836314,0.46670930506683894,0.46670930506683894,,1yr_sequence,https://www2.census.gov/programs-surveys/acs/summary_file/2013/data/1_year_seq_by_state/Nevada/20131nv0146000.zip
United States,New Hampshire,33,2013,all,all,12396.0,245008.0,50.594266309671525,0.45305211270331824,0.45305211270331824,,1yr_sequence,https://www2.census.gov/programs-surveys/acs/summary_file/2013/data/1_year_seq_by_state/NewHampshire/20131nh0146000.zip
United States,New Jersey,34,2013,all,all,102575.0,1707609.0,60.069371852689926,0.510757358684877,0.510757358684877,,1yr_sequence,https://www2.census.gov/programs-surveys/acs/summary_file/2013/data/1_year_seq_by_state/NewJersey/20131nj0146000.zip
United States,New Mexico,35,2013,all,all,26354.0,400062.0,65.87478940764181,0.4600974302563127,0.4600974302563127,,1yr_sequence,https://www2.census.gov/programs-surveys/acs/summary_file/2013/data/1_year_seq_by_state/NewMexico/20131nm0146000.zip
United States,New York,36,2013,all,all,236980.0,4022854.0,58.908426704026546,0.5081195568395876,0.5081195568395876,,1yr_sequence,https://www2.census.gov/programs-surveys/acs/summary_file/2013/data/1_year_seq_by_state/NewYork/20131ny0146000.zip
United States,North Carolina,37,2013,all,all,119002.0,1964498.0,60.576289718798385,0.45148622653439213,0.45148622653439213,,1yr_sequence,https://www2.census.gov/programs-surveys/acs/summary_file/2013/data/1_year_seq_by_state/NorthCarolina/20131nc0146000.zip
United States,North Dakota,38,2013,all,all,10599.0,139129.0,76.18109811757434,0.38556272579092354,0.38556272579092354,,1yr_sequence,https://www2.census.gov/programs-surveys/acs/summary_file/2013/data/1_year_seq_by_state/NorthDakota/20131nd0146000.zip
United States,Ohio,39,2013,all,all,138936.0,2213491.0,62.76781789489996,0.44573808063526904,0.44573808063526904,,1yr_sequence,https://www2.census.gov/programs-surveys/acs/summary_file/2013/data/1_year_seq_by_state/Ohio/20131oh0146000.zip
United States,Oklahoma,40,2013,all,all,53369.0,754604.0,70.7245124595152,0.4036095176415626,0.4036095176415626,,1yr_sequence,https://www2.census.gov/programs-surveys/acs/summary_file/2013/data/1_year_seq_by_state/Oklahoma/20131ok0146000.zip
United States,Oregon,41,2013,all,all,45155.0,768504.0,58.75701362647429,0.5022509126793316,0.5022509126793316,,1yr_sequence,https://www2.census.gov/programs-surveys/acs/summary_file/2013/data/1_year_seq_by_state/Oregon/20131or0146000.zip
United States,Pennsylvania,42,2013,all,all,140921.0,2416613.0,58.31343289140628,0.46082541578536945,0.46082541578536945,,1yr_sequence,https://www2.census.gov/programs-surveys/acs/summary_file/2013/data/1_year_seq_by_state/Pennsylvania/20131pa0146000.zip
United States,Rhode Island,44,2013,all,all,10809.0,210313.0,51.3948258072492,0.49252284771709215,0.49252284771709215,,1yr_sequence,https://www2.census.gov/programs-surveys/acs/summary_file/2013/data/1_year_seq_by_state/RhodeIsland/20131ri0146000.zip
United States,South Carolina,45,2013,all,all,56795.0,929134.0,61.12681270946925,0.4520673813169985,0.4520673813169985,,1yr_sequence,https://www2.census.gov/programs-surveys/acs/summary_file/2013/data/1_year_seq_by_state/SouthCarolina/20131sc0146000.zip
United States,South Dakota,46,2013,all,all,12248.0,155679.0,78.67470885604352,0.3642918312660571,0.3642918312660571,,1yr_sequence,https://www2.census.gov/programs-surveys/acs/summary_file/2013/data/1_year_seq_by_state/SouthDakota/20131sd0146000.zip
United States,Tennessee,47,2013,all,all,79992.0,1285302.0,62.235956996877,0.4461734703018012,0.4461734703018012,,1yr_sequence,https://www2.census.gov/programs-surveys/acs/summary_file/2013/data/1_year_seq_by_state/Tennessee/20131tn0146000.zip
United States,Texas,48,2013,all,all,387340.0,5551574.0,69.77120362621483,0.44163356858666214,0.44163356858666214,,1yr_sequence,https://www2.census.gov/programs-surveys/acs/summary_file/2013/data/1_year_seq_by_state/Texas/20131tx0146000.zip
United States,Utah,49,2013,all,all,50957.0,628684.0,81.05343861144867,0.4356399172273323,0.4356399172273323,,1yr_sequence,https://www2.census.gov/programs-surveys/acs/summary_file/2013/data/1_year_seq_by_state/Utah/20131ut0146000.zip
United States,Vermont,50,2013,all,all,5975.0,116143.0,51.4452011744143,0.5032474163637106,0.5032474163637106,,1yr_sequence,https://www2.census.gov/programs-surveys/acs/summary_file/2013/data/1_year_seq_by_state/Vermont/20131vt0146000.zip
United States,Virginia,51,2013,all,all,102147.0,1652243.0,61.82323060227824,0.45640167093219475,0.45640167093219475,,1yr_sequence,https://www2.census.gov/programs-surveys/acs/summary_file/2013/data/1_year_seq_by_state/Virginia/20131va0146000.zip
United States,Washington,53,2013,all,all,86577.0,1380000.0,62.73695652173913,0.4797705778969111,0.4797705778969111,,1yr_sequence,https://www2.census.gov/programs-surveys/acs/summary_file/2013/data/1_year_seq_by_state/Washington/20131wa0146000.zip
United States,West Virginia,54,2013,all,all,20825.0,337937.0,61.62391214930594,0.3837719620132396,0.3837719620132396,,1yr_sequence,https://www2.census.gov/programs-surveys/acs/summary_file/2013/data/1_year_seq_by_state/WestVirginia/20131wv0146000.zip
United States,Wisconsin,55,2013,all,all,66649.0,1087112.0,61.3083104592719,0.4430963222789681,0.4430963222789681,,1yr_sequence,https://www2.census.gov/programs-surveys/acs/summary_file/2013/data/1_year_seq_by_state/Wisconsin/20131wi0146000.zip
United States,Wyoming,56,2013,all,all,7644.0,109661.0,69.70572947538322,0.37406210319750666,0.37406210319750666,,1yr_sequence,https://www2.census.gov/programs-surveys/acs/summary_file/2013/data/1_year_seq_by_state/Wyoming/20131wy0146000.zip
United States,Alabama,01,2014,all,all,59422.0,957755.0,62.04300682324811,0.4469962378410349,0.4469962378410349,,1yr_sequence,https://www2.census.gov/programs-surveys/acs/summary_file/2014/data/1_year_seq_by_state/Alabama/20141al0141000.zip
United States,Alaska,02,2014,all,all,11392.0,144107.0,79.05237080780253,0.46836727066938594,0.46836727066938594,,1yr_sequence,https://www2.census.gov/programs-surveys/acs/summary_file/2014/data/1_year_seq_by_state/Alaska/20141ak0141000.zip
United States,Arizona,04,2014,all,all,86887.0,1309452.0,66.35371132351548,0.4560264692981991,0.4560264692981991,,1yr_sequence,https://www2.census.gov/programs-surveys/acs/summary_file/2014/data/1_year_seq_by_state/Arizona/20141az0141000.zip
United States,Arkansas,05,2014,all,all,38511.0,575786.0,66.88422434724012,0.4179574644029253,0.4179574644029253,,1yr_sequence,https://www2.census.gov/programs-surveys/acs/summary_file/2014/data/1_year_seq_by_state/Arkansas/20141ar0141000.zip
United States,California,06,2014,all,all,502879.0,8005164.0,62.8193251256314,0.5380480301408107,0.5380480301408107,,1yr_sequence,https://www2.census.gov/programs-surveys/acs/summary_file/2014/data/1_year_seq_by_state/California/20141ca0141000.zip
United States,Colorado,08,2014,all,all,65830.0,1078253.0,61.05246171353106,0.4814879134506193,0.4814879134506193,,1yr_sequence,https://www2.census.gov/programs-surveys/acs/summary_file/2014/data/1_year_seq_by_state/Colorado/20141co0141000.zip
United States,Connecticut,09,2014,all,all,36285.0,680830.0,53.29524257156706,0.4973122879998596,0.4973122879998596,,1yr_sequence,https://www2.census.gov/programs-surveys/acs/summary_file/2014/data/1_year_seq_by_state/Connecticut/20141ct0141000.zip
United States,Delaware,10,2014,all,all,10972.0,179035.0,61.2841064596308,0.462779621879059,0.462779621879059,,1yr_sequence,https://www2.census.gov/programs-surveys/acs/summary_file/2014/data/1_year_seq_by_state/Delaware/20141de0141000.zip
United States,Florida,12,2014,all,all,219991.0,3674296.0,59.8729661409968,0.5363057445738311,0.5363057445738311,,1yr_sequence,https://www2.census.gov/programs-surveys/acs/summary_file/2014/data/1_year_seq_by_state/Florida/20141fl0141000.zip
United States,Georgia,13,2014,all,all,130946.0,2091522.0,62.60799551714015,0.47507616416033444,0.47507616416033444,,1yr_sequence,https://www2.census.gov/programs-surveys/acs/summary_file/2014/data/1_year_seq_by_state/Georgia/20141ga0141000.zip
United States,Hawaii,15,2014,all,all,18550.0,259973.0,71.35356363930102,0.525901511817149,0.525901511817149,,1yr_sequence,https://www2.census.gov/programs-surveys/acs/summary_file/2014/data/1_year_seq_by_state/Hawaii/20141hi0141000.zip
United States,Idaho,16,2014,all,all,22876.0,313669.0,72.93038202691372,0.41926498337676343,0.41926498337676343,,1yr_sequence,https://www2.census.gov/programs-surveys/acs/summary_file/2014/data/1_year_seq_by_state/Idaho/20141id0141000.zip
United States,Illinois,17,2014,all,all,158556.0,2588205.0,61.260989759311954,0.46312105059249464,0.46312105059249464,,1yr_sequence,https://www2.census.gov/programs-surveys/acs/summary_file/2014/data/1_year_seq_by_state/Illinois/20141il0141000.zip
United States,Indiana,18,2014,all,all,84080.0,1293763.0,64.98871895393515,0.45377531478971206,0.45377531478971206,,1yr_sequence,https://www2.census.gov/programs-surveys/acs/summary_file/2014/data/1_year_seq_by_state/Indiana/20141in0141000.zip
United States,Iowa,19,2014,all,all,39687.0,587004.0,67.60942003802359,0.40189937305202256,0.40189937305202256,,1yr_sequence,https://www2.census.gov/programs-surveys/acs/summary_file/2014/data/1_year_seq_by_state/Iowa/20141ia0141000.zip
United States,Kansas,20,2014,all,all,39223.0,556910.0,70.42969240990466,0.4201728125540377,0.4201728125540377,,1yr_sequence,https://www2.census.gov/programs-surveys/acs/summary_file/2014/data/1_year_seq_by_state/Kansas/20141ks0141000.zip
United States,Kentucky,21,2014,all,all,56170.0,850503.0,66.04327086441789,0.43159114266384574,0.43159114266384574,,1yr_sequence,https://www2.census.gov/programs-surveys/acs/summary_file/2014/data/1_year_seq_by_state/Kentucky/20141ky0141000.zip
United States,Louisiana,22,2014,all,all,64497.0,936239.0,68.88946091756486,0.45354909724914094,0.45354909724914094,,1yr_sequence,https://www2.census.gov/programs-surveys/acs/summary_file/2014/data/1_year_seq_by_state/Louisiana/20141la0141000.zip
United States,Maine,23,2014,all,all,12698.0,233951.0,54.27632281973575,0.4664557202825582,0.4664557202825582,,1yr_sequence,https://www2.census.gov/programs-surveys/acs/summary_file/2014/data/1_year_seq_by_state/Maine/20141me0141000.zip
United States,Maryland,24,2014,all,all,73921.0,1189785.0,62.12971251108394,0.48807077393764636,0.48807077393764636,,1yr_sequence,https://www2.census.gov/programs-surveys/acs/summary_file/2014/data/1_year_seq_by_state/Maryland/20141md0141000.zip
United States,Massachusetts,25,2014,all,all,71908.0,1372590.0,52.388550113289476,0.4777661786877275,0.4777661786877275,,1yr_sequence,https://www2.census.gov/programs-surveys/acs/summary_file/2014/data/1_year_seq_by_state/Massachusetts/20141ma0141000.zip
United States,Michigan,26,2014,all,all,114375.0,1892402.0,60.439061045169055,0.47975098353617396,0.47975098353617396,,1yr_sequence,https://www2.census.gov/programs-surveys/acs/summary_file/2014/data/1_year_seq_by_state/Michigan/20141mi0141000.zip
United States,Minnesota,27,2014,all,all,69904.0,1050877.0,66.51967832581738,0.45464001499695583,0.45464001499695583,,1yr_sequence,https://www2.census.gov/programs-surveys/acs/summary_file/2014/data/1_year_seq_by_state/Minnesota/20141mn0141000.zip
United States,Mississippi,28,2014,all,all,38736.0,598941.0,64.67414987452855,0.4354014320428766,0.4354014320428766,,1yr_sequence,https://www2.census.gov/programs-surveys/acs/summary_file/2014/data/1_year_seq_by_state/Mississippi/20141ms0141000.zip
United States,Missouri,29,2014,all,all,75360.0,1170209.0,64.3987527014405,0.4361196278666244,0.4361196278666244,,1yr_sequence,https://www2.census.gov/programs-surveys/acs/summary_file/2014/data/1_year_seq_by_state/Missouri/20141mo0141000.zip
United States,Montana,30,2014,all,all,12432.0,184677.0,67.31753277343687,0.4113434608199499,0.4113434608199499,,1yr_sequence,https://www2.census.gov/programs-surveys/acs/summary_file/2014/data/1_year_seq_by_state/Montana/20141mt0141000.zip
United States,Nebraska,31,2014,all,all,26794.0,362002.0,74.01616565654332,0.38757247539898626,0.38757247539898626,,1yr_sequence,https://www2.census.gov/programs-surveys/acs/summary_file/2014/data/1_year_seq_by_state/Nebraska/20141ne0141000.zip
United States,Nevada,32,2014,all,all,35861.0,558514.0,64.20788019637824,0.46870658384253844,0.46870658384253844,,1yr_sequence,https://www2.census.gov/programs-surveys/acs/summary_file/2014/data/1_year_seq_by_state/Nevada/20141nv0141000.zip
United States,New Hampshire,33,2014,all,all,12302.0,244535.0,50.307726910258246,0.4693525458774877,0.4693525458774877,,1yr_sequence,https://www2.census.gov/programs-surveys/acs/summary_file/2014/data/1_year_seq_by_state/NewHampshire/20141nh0141000.zip
United States,New Jersey,34,2014,all,all,103305.0,1697694.0,60.850188549880016,0.5001133089449319,0.5001133089449319,,1yr_sequence,https://www2.census.gov/programs-surveys/acs/summary_file/2014/data/1_year_seq_by_state/NewJersey/20141nj0141000.zip
United States,New Mexico,35,2014,all,all,26052.0,398213.0,65.42227400913582,0.45790320338410817,0.45790320338410817,,1yr_sequence,https://www2.census.gov/programs-surveys/acs/summary_file/2014/data/1_year_seq_by_state/NewMexico/20141nm0141000.zip
United States,New York,36,2014,all,all,238773.0,4004770.0,59.62215058542688,0.5138972437371733,0.5138972437371733,,1yr_sequence,https://www2.census.gov/programs-surveys/acs/summary_file/2014/data/1_year_seq_by_state/NewYork/20141ny0141000.zip
United States,North Carolina,37,2014,all,all,120975.0,1971768.0,61.35356695108147,0.46319607802626256,0.46319607802626256,,1yr_sequence,https://www2.census.gov/programs-surveys/acs/summary_file/2014/data/1_year_seq_by_state/NorthCarolina/20141nc0141000.zip
United States,North Dakota,38,2014,all,all,11359.0,142193.0,79.8843824942156,0.36418875476550544,0.36418875476550544,,1yr_sequence,https://www2.census.gov/programs-surveys/acs/summary_file/2014/data/1_year_seq_by_state/NorthDakota/20141nd0141000.zip
United States,Ohio,39,2014,all,all,139467.0,2211361.0,63.06839995821578,0.4430660427122425,0.4430660427122425,,1yr_sequence,https://www2.census.gov/programs-surveys/acs/summary_file/2014/data/1_year_seq_by_state/Ohio/20141oh0141000.zip
United States,Oklahoma,40,2014,all,all,53339.0,759515.0,70.22771110511313,0.39857586915601384,0.39857586915601384,,1yr_sequence,https://www2.census.gov/programs-surveys/acs/summary_file/2014/data/1_year_seq_by_state/Oklahoma/20141ok0141000.zip
United States,Oregon,41,2014,all,all,45556.0,774894.0,58.789976435486665,0.5192557356011003,0.5192557356011003,,1yr_sequence,https://www2.census.gov/programs-surveys/acs/summary_file/2014/data/1_year_seq_by_state/Oregon/20141or0141000.zip
United States,Pennsylvania,42,2014,all,all,142268.0,2407590.0,59.091456601830046,0.4658543735666179,0.4658543735666179,,1yr_sequence,https://www2.census.gov/programs-surveys/acs/summary_file/2014/data/1_year_seq_by_state/Pennsylvania/20141pa0141000.zip
United States,Rhode Island,44,2014,all,all,10823.0,209554.0,51.64778529639138,0.49335806038773283,0.49335806038773283,,1yr_sequence,https://www2.census.gov/programs-surveys/acs/summary_file/2014/data/1_year_seq_by_state/RhodeIsland/20141ri0141000.zip
United States,South Carolina,45,2014,all,all,57627.0,936159.0,61.55685091955533,0.4626758283267979,0.4626758283267979,,1yr_sequence,https://www2.census.gov/programs-surveys/acs/summary_file/2014/data/1_year_seq_by_state/SouthCarolina/20141sc0141000.zip
United States,South Dakota,46,2014,all,all,12283.0,156394.0,78.53881862475542,0.3586436857183112,0.3586436857183112,,1yr_sequence,https://www2.census.gov/programs-surveys/acs/summary_file/2014/data/1_year_seq_by_state/SouthDakota/20141sd0141000.zip
United States,Tennessee,47,2014,all,all,81602.0,1289982.0,63.25824701429943,0.4563085090861169,0.4563085090861169,,1yr_sequence,https://www2.census.gov/programs-surveys/acs/summary_file/2014/data/1_year_seq_by_state/Tennessee/20141tn0141000.zip
United States,Texas,48,2014,all,all,399766.0,5645777.0,70.80796850460088,0.45301247087114027,0.45301247087114027,,1yr_sequence,https://www2.census.gov/programs-surveys/acs/summary_file/2014/data/1_year_seq_by_state/Texas/20141tx0141000.zip
United States,Utah,49,2014,all,all,51154.0,636682.0,80.3446618563113,0.4367547412316786,0.4367547412316786,,1yr_sequence,https://www2.census.gov/programs-surveys/acs/summary_file/2014/data/1_year_seq_by_state/Utah/20141ut0141000.zip
United States,Vermont,50,2014,all,all,6130.0,115384.0,53.12695001040006,0.47217859692387565,0.47217859692387565,,1yr_sequence,https://www2.census.gov/programs-surveys/acs/summary_file/2014/data/1_year_seq_by_state/Vermont/20141vt0141000.zip
United States,Virginia,51,2014,all,all,103300.0,1654578.0,62.43283785956298,0.46610595991798004,0.46610595991798004,,1yr_sequence,https://www2.census.gov/programs-surveys/acs/summary_file/2014/data/1_year_seq_by_state/Virginia/20141va0141000.zip
United States,Washington,53,2014,all,all,88585.0,1393345.0,63.577218851038324,0.47099019396457104,0.47099019396457104,,1yr_sequence,https://www2.census.gov/programs-surveys/acs/summary_file/2014/data/1_year_seq_by_state/Washington/20141wa0141000.zip
United States,West Virginia,54,2014,all,all,20301.0,335995.0,60.420541972350776,0.37876551656729546,0.37876551656729546,,1yr_sequence,https://www2.census.gov/programs-surveys/acs/summary_file/2014/data/1_year_seq_by_state/WestVirginia/20141wv0141000.zip
United States,Wisconsin,55,2014,all,all,67161.0,1086448.0,61.817040484220136,0.4455702705788332,0.4455702705788332,,1yr_sequence,https://www2.census.gov/programs-surveys/acs/summary_file/2014/data/1_year_seq_by_state/Wisconsin/20141wi0141000.zip
United States,Wyoming,56,2014,all,all,7696.0,109480.0,70.29594446474242,0.36208218039154555,0.36208218039154555,,1yr_sequence,https://www2.census.gov/programs-surveys/acs/summary_file/2014/data/1_year_seq_by_state/Wyoming/20141wy0141000.zip
United States,Alabama,01,2015,all,all,59657.0,954761.0,62.483700109242,0.42743444192343055,0.42743444192343055,,1yr_sequence,https://www2.census.gov/programs-surveys/acs/summary_file/2015/data/1_year_seq_by_state/Alabama/20151al0141000.zip
United States,Alaska,02,2015,all,all,11282.0,143658.0,78.53373985437636,0.4387401260760223,0.4387401260760223,,1yr_sequence,https://www2.census.gov/programs-surveys/acs/summary_file/2015/data/1_year_seq_by_state/Alaska/20151ak0141000.zip
United States,Arizona,04,2015,all,all,85351.0,1321883.0,64.56774162312398,0.44912063783069345,0.44912063783069345,,1yr_sequence,https://www2.census.gov/programs-surveys/acs/summary_file/2015/data/1_year_seq_by_state/Arizona/20151az0141000.zip
United States,Arkansas,05,2015,all,all,38886.0,576090.0,67.49986981200854,0.4180924740946614,0.4180924740946614,,1yr_sequence,https://www2.census.gov/programs-surveys/acs/summary_file/2015/data/1_year_seq_by_state/Arkansas/20151ar0141000.zip
United States,California,06,2015,all,all,491748.0,8024367.0,61.28184316594692,0.5290999934174628,0.5290999934174628,,1yr_sequence,https://www2.census.gov/programs-surveys/acs/summary_file/2015/data/1_year_seq_by_state/California/20151ca0141000.zip
United States,Colorado,08,2015,all,all,66581.0,1099132.0,60.5759817747095,0.4795756511287473,0.4795756511287473,,1yr_sequence,https://www2.census.gov/programs-surveys/acs/summary_file/2015/data/1_year_seq_by_state/Colorado/20151co0141000.zip
United States,Connecticut,09,2015,all,all,35746.0,676161.0,52.866107332425265,0.4913409344840631,0.4913409344840631,,1yr_sequence,https://www2.census.gov/programs-surveys/acs/summary_file/2015/data/1_year_seq_by_state/Connecticut/20151ct0141000.zip
United States,Delaware,10,2015,all,all,11166.0,178955.0,62.395574306389875,0.4396389218182172,0.4396389218182172,,1yr_sequence,https://www2.census.gov/programs-surveys/acs/summary_file/2015/data/1_year_seq_by_state/Delaware/20151de0141000.zip
United States,Florida,12,2015,all,all,224269.0,3721441.0,60.26402138311477,0.5294062808325068,0.5294062808325068,,1yr_sequence,https://www2.census.gov/programs-surveys/acs/summary_file/2015/data/1_year_seq_by_state/Florida/20151fl0141000.zip
United States,Georgia,13,2015,all,all,131404.0,2104203.0,62.44834742655533,0.4578843368278312,0.4578843368278312,,1yr_sequence,https://www2.census.gov/programs-surveys/acs/summary_file/2015/data/1_year_seq_by_state/Georgia/20151ga0141000.zip
United States,Hawaii,15,2015,all,all,18420.0,259467.0,70.99168680410226,0.5235425139921758,0.5235425139921758,,1yr_sequence,https://www2.census.gov/programs-surveys/acs/summary_file/2015/data/1_year_seq_by_state/Hawaii/20151hi0141000.zip
United States,Idaho,16,2015,all,all,22827.0,316630.0,72.09361083914979,0.42549726899705065,0.42549726899705065,,1yr_sequence,https://www2.census.gov/programs-surveys/acs/summary_file/2015/data/1_year_seq_by_state/Idaho/20151id0141000.zip
United States,Illinois,17,2015,all,all,158116.0,2567845.0,61.57536767211417,0.4560329200507904,0.4560329200507904,,1yr_sequence,https://www2.census.gov/programs-surveys/acs/summary_file/2015/data/1_year_seq_by_state/Illinois/20151il0141000.zip
United States,Indiana,18,2015,all,all,84040.0,1291965.0,65.04820177017179,0.43941429255132375,0.43941429255132375,,1yr_sequence,https://www2.census.gov/programs-surveys/acs/summary_file/2015/data/1_year_seq_by_state/Indiana/20151in0141000.zip
United States,Iowa,19,2015,all,all,39482.0,588341.0,67.10734081085629,0.4007037228414655,0.4007037228414655,,1yr_sequence,https://www2.census.gov/programs-surveys/acs/summary_file/2015/data/1_year_seq_by_state/Iowa/20151ia0141000.zip
United States,Kansas,20,2015,all,all,39154.0,558112.0,70.15437761596239,0.388818634359109,0.388818634359109,,1yr_sequence,https://www2.census.gov/programs-surveys/acs/summary_file/2015/data/1_year_seq_by_state/Kansas/20151ks0141000.zip
United States,Kentucky,21,2015,all,all,55971.0,848940.0,65.93045444907767,0.4063919434518917,0.4063919434518917,,1yr_sequence,https://www2.census.gov/programs-surveys/acs/summary_file/2015/data/1_year_seq_by_state/Kentucky/20151ky0141000.zip
United States,Louisiana,22,2015,all,all,64692.0,936902.0,69.04884395593136,0.46027543233259804,0.46027543233259804,,1yr_sequence,https://www2.census.gov/programs-surveys/acs/summary_file/2015/data/1_year_seq_by_state/Louisiana/20151la0141000.zip
United States,Maine,23,2015,all,all,12607.0,232028.0,54.33395969451962,0.44788616600790515,0.44788616600790515,,1yr_sequence,https://www2.census.gov/programs-surveys/acs/summary_file/2015/data/1_year_seq_by_state/Maine/20151me0141000.zip
United States,Maryland,24,2015,all,all,73616.0,1187745.0,61.97963367557851,0.4772201813218294,0.4772201813218294,,1yr_sequence,https://www2.census.gov/programs-surveys/acs/summary_file/2015/data/1_year_seq_by_state/Maryland/20151md0141000.zip
United States,Massachusetts,25,2015,all,all,71492.0,1374213.0,52.02395844021269,0.4810366959932571,0.4810366959932571,,1yr_sequence,https://www2.census.gov/programs-surveys/acs/summary_file/2015/data/1_year_seq_by_state/Massachusetts/20151ma0141000.zip
United States,Michigan,26,2015,all,all,113312.0,1883691.0,60.15423973464863,0.4606721194411709,0.4606721194411709,,1yr_sequence,https://www2.census.gov/programs-surveys/acs/summary_file/2015/data/1_year_seq_by_state/Michigan/20151mi0141000.zip
United States,Minnesota,27,2015,all,all,69834.0,1051518.0,66.41255784494416,0.43956383846510116,0.43956383846510116,,1yr_sequence,https://www2.census.gov/programs-surveys/acs/summary_file/2015/data/1_year_seq_by_state/Minnesota/20151mn0141000.zip
United States,Mississippi,28,2015,all,all,38394.0,596866.0,64.32599611973207,0.43607705293085447,0.43607705293085447,,1yr_sequence,https://www2.census.gov/programs-surveys/acs/summary_file/2015/data/1_year_seq_by_state/Mississippi/20151ms0141000.zip
United States,Missouri,29,2015,all,all,75061.0,1169604.0,64.17642210525956,0.4192313097682587,0.4192313097682587,,1yr_sequence,https://www2.census.gov/programs-surveys/acs/summary_file/2015/data/1_year_seq_by_state/Missouri/20151mo0141000.zip
United States,Montana,30,2015,all,all,12583.0,185844.0,67.70732442263404,0.4049047818731293,0.4049047818731293,,1yr_sequence,https://www2.census.gov/programs-surveys/acs/summary_file/2015/data/1_year_seq_by_state/Montana/20151mt0141000.zip
United States,Nebraska,31,2015,all,all,26679.0,363772.0,73.33989421945614,0.3974464563671113,0.3974464563671113,,1yr_sequence,https://www2.census.gov/programs-surveys/acs/summary_file/2015/data/1_year_seq_by_state/Nebraska/20151ne0141000.zip
United States,Nevada,32,2015,all,all,36298.0,565251.0,64.21572009602814,0.46793917825946296,0.46793917825946296,,1yr_sequence,https://www2.census.gov/programs-surveys/acs/summary_file/2015/data/1_year_seq_by_state/Nevada/20151nv0141000.zip
United States,New Hampshire,33,2015,all,all,12433.0,243185.0,51.12568620597487,0.4395795222566876,0.4395795222566876,,1yr_sequence,https://www2.census.gov/programs-surveys/acs/summary_file/2015/data/1_year_seq_by_state/NewHampshire/20151nh0141000.zip
United States,New Jersey,34,2015,all,all,103127.0,1688553.0,61.07418600422965,0.5045121461937063,0.5045121461937063,,1yr_sequence,https://www2.census.gov/programs-surveys/acs/summary_file/2015/data/1_year_seq_by_state/NewJersey/20151nj0141000.zip
United States,New Mexico,35,2015,all,all,25816.0,396990.0,65.02934582735081,0.4533945812529743,0.4533945812529743,,1yr_sequence,https://www2.census.gov/programs-surveys/acs/summary_file/2015/data/1_year_seq_by_state/NewMexico/20151nm0141000.zip
United States,New York,36,2015,all,all,237274.0,3976774.0,59.664944500240644,0.5023509540496148,0.5023509540496148,,1yr_sequence,https://www2.census.gov/programs-surveys/acs/summary_file/2015/data/1_year_seq_by_state/NewYork/20151ny0141000.zip
United States,North Carolina,37,2015,all,all,120843.0,1979226.0,61.05568540429441,0.4488349450239233,0.4488349450239233,,1yr_sequence,https://www2.census.gov/programs-surveys/acs/summary_file/2015/data/1_year_seq_by_state/NorthCarolina/20151nc0141000.zip
United States,North Dakota,38,2015,all,all,11314.0,145700.0,77.65271105010295,0.3616991168121998,0.3616991168121998,,1yr_sequence,https://www2.census.gov/programs-surveys/acs/summary_file/2015/data/1_year_seq_by_state/NorthDakota/20151nd0141000.zip
United States,Ohio,39,2015,all,all,139264.0,2206988.0,63.101385236349266,0.43262201282410095,0.43262201282410095,,1yr_sequence,https://www2.census.gov/programs-surveys/acs/summary_file/2015/data/1_year_seq_by_state/Ohio/20151oh0141000.zip
United States,Oklahoma,40,2015,all,all,53122.0,765578.0,69.38809631415741,0.3973996886396782,0.3973996886396782,,1yr_sequence,https://www2.census.gov/programs-surveys/acs/summary_file/2015/data/1_year_seq_by_state/Oklahoma/20151ok0141000.zip
United States,Oregon,41,2015,all,all,45655.0,783275.0,58.287319268456166,0.4819348881541715,0.4819348881541715,,1yr_sequence,https://www2.census.gov/programs-surveys/acs/summary_file/2015/data/1_year_seq_by_state/Oregon/20151or0141000.zip
United States,Pennsylvania,42,2015,all,all,141047.0,2393610.0,58.92647507321577,0.45210513448852174,0.45210513448852174,,1yr_sequence,https://www2.census.gov/programs-surveys/acs/summary_file/2015/data/1_year_seq_by_state/Pennsylvania/20151pa0141000.zip
United States,Rhode Island,44,2015,all,all,10993.0,208469.0,52.73206088195367,0.44588472187264033,0.44588472187264033,,1yr_sequence,https://www2.census.gov/programs-surveys/acs/summary_file/2015/data/1_year_seq_by_state/RhodeIsland/20151ri0141000.zip
United States,South Carolina,45,2015,all,all,58139.0,944685.0,61.54326574466621,0.4377876215293317,0.4377876215293317,,1yr_sequence,https://www2.census.gov/programs-surveys/acs/summary_file/2015/data/1_year_seq_by_state/SouthCarolina/20151sc0141000.zip
United States,South Dakota,46,2015,all,all,12336.0,156437.0,78.85602510914937,0.3723017085706348,0.3723017085706348,,1yr_sequence,https://www2.census.gov/programs-surveys/acs/summary_file/2015/data/1_year_seq_by_state/SouthDakota/20151sd0141000.zip
United States,Tennessee,47,2015,all,all,81685.0,1294231.0,63.11469899886496,0.4348121217167267,0.4348121217167267,,1yr_sequence,https://www2.census.gov/programs-surveys/acs/summary_file/2015/data/1_year_seq_by_state/Tennessee/20151tn0141000.zip
United States,Texas,48,2015,all,all,403618.0,5739945.0,70.31739851165823,0.4391980997583265,0.4391980997583265,,1yr_sequence,https://www2.census.gov/programs-surveys/acs/summary_file/2015/data/1_year_seq_by_state/Texas/20151tx0141000.zip
United States,Utah,49,2015,all,all,50778.0,646078.0,78.59422546503673,0.41528479975152277,0.41528479975152277,,1yr_sequence,https://www2.census.gov/programs-surveys/acs/summary_file/2015/data/1_year_seq_by_state/Utah/20151ut0141000.zip
United States,Vermont,50,2015,all,all,5903.0,115066.0,51.300992473884556,0.46288829651855923,0.46288829651855923,,1yr_sequence,https://www2.census.gov/programs-surveys/acs/summary_file/2015/data/1_year_seq_by_state/Vermont/20151vt0141000.zip
United States,Virginia,51,2015,all,all,103303.0,1653410.0,62.47875602542624,0.4600754719758313,0.4600754719758313,,1yr_sequence,https://www2.census.gov/programs-surveys/acs/summary_file/2015/data/1_year_seq_by_state/Virginia/20151va0141000.zip
United States,Washington,53,2015,all,all,88990.0,1410756.0,63.0796537459348,0.45365667158228196,0.45365667158228196,,1yr_sequence,https://www2.census.gov/programs-surveys/acs/summary_file/2015/data/1_year_seq_by_state/Washington/20151wa0141000.zip
United States,West Virginia,54,2015,all,all,19805.0,332273.0,59.604602239724564,0.38709344346928237,0.38709344346928237,,1yr_sequence,https://www2.census.gov/programs-surveys/acs/summary_file/2015/data/1_year_seq_by_state/WestVirginia/20151wv0141000.zip
United States,Wisconsin,55,2015,all,all,67041.0,1083632.0,61.86694375950507,0.4301533628852731,0.4301533628852731,,1yr_sequence,https://www2.census.gov/programs-surveys/acs/summary_file/2015/data/1_year_seq_by_state/Wisconsin/20151wi0141000.zip
United States,Wyoming,56,2015,all,all,7765.0,109668.0,70.80461027829449,0.358782475941223,0.358782475941223,,1yr_sequence,https://www2.census.gov/programs-surveys/acs/summary_file/2015/data/1_year_seq_by_state/Wyoming/20151wy0141000.zip
United States,Alabama,01,2016,all,all,59151.0,950852.0,62.20841939649914,0.4184178103288956,0.4184178103288956,,1yr_sequence,https://www2.census.gov/programs-surveys/acs/summary_file/2016/data/1_year_seq_by_state/Alabama/20161al0142000.zip
United States,Alaska,02,2016,all,all,11209.0,144035.0,77.82136286319297,0.38211732179076063,0.38211732179076063,,1yr_sequence,https://www2.census.gov/programs-surveys/acs/summary_file/2016/data/1_year_seq_by_state/Alaska/20161ak0142000.zip
United States,Arizona,04,2016,all,all,84520.0,1337661.0,63.1849175538496,0.44323775050267916,0.44323775050267916,,1yr_sequence,https://www2.census.gov/programs-surveys/acs/summary_file/2016/data/1_year_seq_by_state/Arizona/20161az0142000.zip
United States,Arkansas,05,2016,all,all,38274.0,575847.0,66.46557158411869,0.3921364845983322,0.3921364845983322,,1yr_sequence,https://www2.census.gov/programs-surveys/acs/summary_file/2016/data/1_year_seq_by_state/Arkansas/20161ar0142000.zip
United States,California,06,2016,all,all,488827.0,8038052.0,60.81411267307054,0.5257449485480982,0.5257449485480982,,1yr_sequence,https://www2.census.gov/programs-surveys/acs/summary_file/2016/data/1_year_seq_by_state/California/20161ca0142000.zip
United States,Colorado,08,2016,all,all,66613.0,1117781.0,59.59396339712341,0.49701544754830723,0.49701544754830723,,1yr_sequence,https://www2.census.gov/programs-surveys/acs/summary_file/2016/data/1_year_seq_by_state/Colorado/20161co0142000.zip
United States,Connecticut,09,2016,all,all,36015.0,671584.0,53.626947634249774,0.4812064509113418,0.4812064509113418,,1yr_sequence,https://www2.census.gov/programs-surveys/acs/summary_file/2016/data/1_year_seq_by_state/Connecticut/20161ct0142000.zip
United States,Delaware,10,2016,all,all,10992.0,178218.0,61.67727165606168,0.45551470588235293,0.45551470588235293,,1yr_sequence,https://www2.census.gov/programs-surveys/acs/summary_file/2016/data/1_year_seq_by_state/Delaware/20161de0142000.zip
United States,Florida,12,2016,all,all,225022.0,3773513.0,59.6319662871176,0.5214397656250288,0.5214397656250288,,1yr_sequence,https://www2.census.gov/programs-surveys/acs/summary_file/2016/data/1_year_seq_by_state/Florida/20161fl0142000.zip
United States,Georgia,13,2016,all,all,130042.0,2120722.0,61.31968263638515,0.44987368865116695,0.44987368865116695,,1yr_sequence,https://www2.census.gov/programs-surveys/acs/summary_file/2016/data/1_year_seq_by_state/Georgia/20161ga0142000.zip
United States,Hawaii,15,2016,all,all,18059.0,259581.0,69.56980672699466,0.5145819034838816,0.5145819034838816,,1yr_sequence,https://www2.census.gov/programs-surveys/acs/summary_file/2016/data/1_year_seq_by_state/Hawaii/20161hi0142000.zip
United States,Idaho,16,2016,all,all,22482.0,322931.0,69.61858725238518,0.4128831330616906,0.4128831330616906,,1yr_sequence,https://www2.census.gov/programs-surveys/acs/summary_file/2016/data/1_year_seq_by_state/Idaho/20161id0142000.zip
United States,Illinois,17,2016,all,all,154445.0,2543194.0,60.728752898913726,0.4527127701487833,0.4527127701487833,,1yr_sequence,https://www2.census.gov/programs-surveys/acs/summary_file/2016/data/1_year_seq_by_state/Illinois/20161il0142000.zip
United States,Indiana,18,2016,all,all,83091.0,1292701.0,64.27704473037461,0.42340141348308724,0.42340141348308724,,1yr_sequence,https://www2.census.gov/programs-surveys/acs/summary_file/2016/data/1_year_seq_by_state/Indiana/20161in0142000.zip
United States,Iowa,19,2016,all,all,39403.0,589130.0,66.8833703936313,0.4052584332204629,0.4052584332204629,,1yr_sequence,https://www2.census.gov/programs-surveys/acs/summary_file/2016/data/1_year_seq_by_state/Iowa/20161ia0142000.zip
United States,Kansas,20,2016,all,all,38053.0,557336.0,68.27658719336272,0.40593939871133683,0.40593939871133683,,1yr_sequence,https://www2.census.gov/programs-surveys/acs/summary_file/2016/data/1_year_seq_by_state/Kansas/20161ks0142000.zip
United States,Kentucky,21,2016,all,all,55449.0,846664.0,65.49115115323198,0.4016427551792615,0.4016427551792615,,1yr_sequence,https://www2.census.gov/programs-surveys/acs/summary_file/2016/data/1_year_seq_by_state/Kentucky/20161ky0142000.zip
United States,Louisiana,22,2016,all,all,63178.0,934989.0,67.5708484270938,0.474463128220052,0.474463128220052,,1yr_sequence,https://www2.census.gov/programs-surveys/acs/summary_file/2016/data/1_year_seq_by_state/Louisiana/20161la0142000.zip
United States,Maine,23,2016,all,all,12705.0,231251.0,54.94030296085206,0.4276132776975338,0.4276132776975338,,1yr_sequence,https://www2.census.gov/programs-surveys/acs/summary_file/2016/data/1_year_seq_by_state/Maine/20161me0142000.zip
United States,Maryland,24,2016,all,all,73136.0,1180800.0,61.93766937669377,0.46323914390733856,0.46323914390733856,,1yr_sequence,https://www2.census.gov/programs-surveys/acs/summary_file/2016/data/1_year_seq_by_state/Maryland/20161md0142000.zip
United States,Massachusetts,25,2016,all,all,71317.0,1376100.0,51.82544873192355,0.46771847729859617,0.46771847729859617,,1yr_sequence,https://www2.census.gov/programs-surveys/acs/summary_file/2016/data/1_year_seq_by_state/Massachusetts/20161ma0142000.zip
United States,Michigan,26,2016,all,all,113315.0,1878871.0,60.31015434268771,0.45754421573984927,0.45754421573984927,,1yr_sequence,https://www2.census.gov/programs-surveys/acs/summary_file/2016/data/1_year_seq_by_state/Michigan/20161mi0142000.zip
United States,Minnesota,27,2016,all,all,69749.0,1055396.0,66.08798972139368,0.43310458671561586,0.43310458671561586,,1yr_sequence,https://www2.census.gov/programs-surveys/acs/summary_file/2016/data/1_year_seq_by_state/Minnesota/20161mn0142000.zip
United States,Mississippi,28,2016,all,all,37928.0,593505.0,63.90510610694097,0.4084215595957786,0.4084215595957786,,1yr_sequence,https://www2.census.gov/programs-surveys/acs/summary_file/2016/data/1_year_seq_by_state/Mississippi/20161ms0142000.zip
United States,Missouri,29,2016,all,all,74705.0,1166698.0,64.03113744945135,0.40172857581410726,0.40172857581410726,,1yr_sequence,https://www2.census.gov/programs-surveys/acs/summary_file/2016/data/1_year_seq_by_state/Missouri/20161mo0142000.zip
United States,Montana,30,2016,all,all,12282.0,187726.0,65.42514089683901,0.39030271163524377,0.39030271163524377,,1yr_sequence,https://www2.census.gov/programs-surveys/acs/summary_file/2016/data/1_year_seq_by_state/Montana/20161mt0142000.zip
United States,Nebraska,31,2016,all,all,26589.0,366327.0,72.58269251242743,0.4070935063632471,0.4070935063632471,,1yr_sequence,https://www2.census.gov/programs-surveys/acs/summary_file/2016/data/1_year_seq_by_state/Nebraska/20161ne0142000.zip
United States,Nevada,32,2016,all,all,36260.0,571649.0,63.43053167240736,0.47255854373252504,0.47255854373252504,,1yr_sequence,https://www2.census.gov/programs-surveys/acs/summary_file/2016/data/1_year_seq_by_state/Nevada/20161nv0142000.zip
United States,New Hampshire,33,2016,all,all,12267.0,242924.0,50.4972748678599,0.4181285422369588,0.4181285422369588,,1yr_sequence,https://www2.census.gov/programs-surveys/acs/summary_file/2016/data/1_year_seq_by_state/NewHampshire/20161nh0142000.zip
United States,New Jersey,34,2016,all,all,102647.0,1678522.0,61.15320502203724,0.4910164550754645,0.4910164550754645,,1yr_sequence,https://www2.census.gov/programs-surveys/acs/summary_file/2016/data/1_year_seq_by_state/NewJersey/20161nj0142000.zip
United States,New Mexico,35,2016,all,all,24692.0,396315.0,62.30397537312491,0.4241320041251289,0.4241320041251289,,1yr_sequence,https://www2.census.gov/programs-surveys/acs/summary_file/2016/data/1_year_seq_by_state/NewMexico/20161nm0142000.zip
United States,New York,36,2016,all,all,234283.0,3945278.0,59.38314106128896,0.4976608458011024,0.4976608458011024,,1yr_sequence,https://www2.census.gov/programs-surveys/acs/summary_file/2016/data/1_year_seq_by_state/NewYork/20161ny0142000.zip
United States,North Carolina,37,2016,all,all,120779.0,1994750.0,60.54843965409199,0.4261980439657748,0.4261980439657748,,1yr_sequence,https://www2.census.gov/programs-surveys/acs/summary_file/2016/data/1_year_seq_by_state/NorthCarolina/20161nc0142000.zip
United States,North Dakota,38,2016,all,all,11383.0,145246.0,78.37048868815664,0.3634473715991236,0.3634473715991236,,1yr_sequence,https://www2.census.gov/programs-surveys/acs/summary_file/2016/data/1_year_seq_by_state/NorthDakota/20161nd0142000.zip
United States,Ohio,39,2016,all,all,138085.0,2201239.0,62.7305803686015,0.42025520332613336,0.42025520332613336,,1yr_sequence,https://www2.census.gov/programs-surveys/acs/summary_file/2016/data/1_year_seq_by_state/Ohio/20161oh0142000.zip
United States,Oklahoma,40,2016,all,all,52592.0,767087.0,68.56067173606122,0.39423214874270535,0.39423214874270535,,1yr_sequence,https://www2.census.gov/programs-surveys/acs/summary_file/2016/data/1_year_seq_by_state/Oklahoma/20161ok0142000.zip
United States,Oregon,41,2016,all,all,45535.0,799921.0,56.92437128166406,0.48380581930878475,0.48380581930878475,,1yr_sequence,https://www2.census.gov/programs-surveys/acs/summary_file/2016/data/1_year_seq_by_state/Oregon/20161or0142000.zip
United States,Pennsylvania,42,2016,all,all,139409.0,2380392.0,58.565563991140955,0.43130106471149143,0.43130106471149143,,1yr_sequence,https://www2.census.gov/programs-surveys/acs/summary_file/2016/data/1_year_seq_by_state/Pennsylvania/20161pa0142000.zip
United States,Rhode Island,44,2016,all,all,10798.0,207681.0,51.99320111131976,0.4572033824121571,0.4572033824121571,,1yr_sequence,https://www2.census.gov/programs-surveys/acs/summary_file/2016/data/1_year_seq_by_state/RhodeIsland/20161ri0142000.zip
United States,South Carolina,45,2016,all,all,57342.0,951604.0,60.25825868743721,0.43141612451953765,0.43141612451953765,,1yr_sequence,https://www2.census.gov/programs-surveys/acs/summary_file/2016/data/1_year_seq_by_state/SouthCarolina/20161sc0142000.zip
United States,South Dakota,46,2016,all,all,12275.0,157797.0,77.789818564358,0.3722613744248886,0.3722613744248886,,1yr_sequence,https://www2.census.gov/programs-surveys/acs/summary_file/2016/data/1_year_seq_by_state/SouthDakota/20161sd0142000.zip
United States,Tennessee,47,2016,all,all,80807.0,1298980.0,62.208040154582825,0.4215802957254957,0.4215802957254957,,1yr_sequence,https://www2.census.gov/programs-surveys/acs/summary_file/2016/data/1_year_seq_by_state/Tennessee/20161tn0142000.zip
United States,Texas,48,2016,all,all,398047.0,5815068.0,68.45096222434543,0.4387242964620482,0.4387242964620482,,1yr_sequence,https://www2.census.gov/programs-surveys/acs/summary_file/2016/data/1_year_seq_by_state/Texas/20161tx0142000.zip
United States,Utah,49,2016,all,all,50464.0,660055.0,76.45423487436653,0.4247096494657973,0.4247096494657973,,1yr_sequence,https://www2.census.gov/programs-surveys/acs/summary_file/2016/data/1_year_seq_by_state/Utah/20161ut0142000.zip
United States,Vermont,50,2016,all,all,5756.0,114128.0,50.43459974765176,0.46723491482764434,0.46723491482764434,,1yr_sequence,https://www2.census.gov/programs-surveys/acs/summary_file/2016/data/1_year_seq_by_state/Vermont/20161vt0142000.zip
United States,Virginia,51,2016,all,all,102460.0,1650959.0,62.06089915013032,0.4561521110270892,0.4561521110270892,,1yr_sequence,https://www2.census.gov/programs-surveys/acs/summary_file/2016/data/1_year_seq_by_state/Virginia/20161va0142000.zip
United States,Washington,53,2016,all,all,90505.0,1434695.0,63.08309431621355,0.4492421704423368,0.4492421704423368,,1yr_sequence,https://www2.census.gov/programs-surveys/acs/summary_file/2016/data/1_year_seq_by_state/Washington/20161wa0142000.zip
United States,West Virginia,54,2016,all,all,19079.0,327459.0,58.263782641491,0.4001215793254859,0.4001215793254859,,1yr_sequence,https://www2.census.gov/programs-surveys/acs/summary_file/2016/data/1_year_seq_by_state/WestVirginia/20161wv0142000.zip
United States,Wisconsin,55,2016,all,all,66615.0,1081250.0,61.60924855491329,0.41754472353776784,0.41754472353776784,,1yr_sequence,https://www2.census.gov/programs-surveys/acs/summary_file/2016/data/1_year_seq_by_state/Wisconsin/20161wi0142000.zip
United States,Wyoming,56,2016,all,all,7386.0,108976.0,67.77639113199237,0.37474363571172464,0.37474363571172464,,1yr_sequence,https://www2.census.gov/programs-surveys/acs/summary_file/2016/data/1_year_seq_by_state/Wyoming/20161wy0142000.zip
United States,Alabama,01,2017,all,all,58941.0,948297.0,62.15457815431241,0.4082920678509888,0.4082920678509888,,1yr_sequence,https://www2.census.gov/programs-surveys/acs/summary_file/2017/data/1_year_seq_by_state/Alabama/20171al0142000.zip
United States,Alaska,02,2017,all,all,10445.0,143412.0,72.83212004574234,0.4201231987920829,0.4201231987920829,,1yr_sequence,https://www2.census.gov/programs-surveys/acs/summary_file/2017/data/1_year_seq_by_state/Alaska/20171ak0142000.zip
United States,Arizona,04,2017,all,all,81872.0,1352115.0,60.551062594527835,0.44833015230094675,0.44833015230094675,,1yr_sequence,https://www2.census.gov/programs-surveys/acs/summary_file/2017/data/1_year_seq_by_state/Arizona/20171az0142000.zip
United States,Arkansas,05,2017,all,all,37520.0,576096.0,65.12803421651947,0.3951028618633683,0.3951028618633683,,1yr_sequence,https://www2.census.gov/programs-surveys/acs/summary_file/2017/data/1_year_seq_by_state/Arkansas/20171ar0142000.zip
United States,California,06,2017,all,all,471658.0,8044837.0,58.62865835566339,0.5249243750900296,0.5249243750900296,,1yr_sequence,https://www2.census.gov/programs-surveys/acs/summary_file/2017/data/1_year_seq_by_state/California/20171ca0142000.zip
United States,Colorado,08,2017,all,all,64382.0,1133768.0,56.78586800826977,0.4924843796808901,0.4924843796808901,,1yr_sequence,https://www2.census.gov/programs-surveys/acs/summary_file/2017/data/1_year_seq_by_state/Colorado/20171co0142000.zip
United States,Connecticut,09,2017,all,all,35221.0,669631.0,52.59762466194068,0.48284292344197083,0.48284292344197083,,1yr_sequence,https://www2.census.gov/programs-surveys/acs/summary_file/2017/data/1_year_seq_by_state/Connecticut/20171ct0142000.zip
United States,Delaware,10,2017,all,all,10855.0,178179.0,60.921881927724364,0.4360653530661897,0.4360653530661897,,1yr_sequence,https://www2.census.gov/programs-surveys/acs/summary_file/2017/data/1_year_seq_by_state/Delaware/20171de0142000.zip
United States,Florida,12,2017,all,all,223630.0,3819257.0,58.553273581746396,0.524495508394915,0.524495508394915,,1yr_sequence,https://www2.census.gov/programs-surveys/acs/summary_file/2017/data/1_year_seq_by_state/Florida/20171fl0142000.zip
United States,Georgia,13,2017,all,all,129243.0,2134594.0,60.54687682997329,0.44366874989209815,0.44366874989209815,,1yr_sequence,https://www2.census.gov/programs-surveys/acs/summary_file/2017/data/1_year_seq_by_state/Georgia/20171ga0142000.zip
United States,Hawaii,15,2017,all,all,17517.0,258277.0,67.82253162302489,0.517,0.517,,1yr_sequence,https://www2.census.gov/programs-surveys/acs/summary_file/2017/data/1_year_seq_by_state/Hawaii/20171hi0142000.zip
United States,Idaho,16,2017,all,all,22181.0,329919.0,67.23165383018257,0.41738644393119667,0.41738644393119667,,1yr_sequence,https://www2.census.gov/programs-surveys/acs/summary_file/2017/data/1_year_seq_by_state/Idaho/20171id0142000.zip
United States,Illinois,17,2017,all,all,149390.0,2523054.0,59.20998916392594,0.45167543838075797,0.45167543838075797,,1yr_sequence,https://www2.census.gov/programs-surveys/acs/summary_file/2017/data/1_year_seq_by_state/Illinois/20171il0142000.zip
United States,Indiana,18,2017,all,all,82170.0,1294328.0,63.484680853693966,0.4170831233684306,0.4170831233684306,,1yr_sequence,https://www2.census.gov/programs-surveys/acs/summary_file/2017/data/1_year_seq_by_state/Indiana/20171in0142000.zip
United States,Iowa,19,2017,all,all,38430.0,590894.0,65.03704556147126,0.3881274447490221,0.3881274447490221,,1yr_sequence,https://www2.census.gov/programs-surveys/acs/summary_file/2017/data/1_year_seq_by_state/Iowa/20171ia0142000.zip
United States,Kansas,20,2017,all,all,36519.0,556052.0,65.67551236215317,0.40964264868019973,0.40964264868019973,,1yr_sequence,https://www2.census.gov/programs-surveys/acs/summary_file/2017/data/1_year_seq_by_state/Kansas/20171ks0142000.zip
United States,Kentucky,21,2017,all,all,54752.0,846070.0,64.71332159277601,0.3837466241099926,0.3837466241099926,,1yr_sequence,https://www2.census.gov/programs-surveys/acs/summary_file/2017/data/1_year_seq_by_state/Kentucky/20171ky0142000.zip
United States,Louisiana,22,2017,all,all,61018.0,928894.0,65.68887300380884,0.4753692382467011,0.4753692382467011,,1yr_sequence,https://www2.census.gov/programs-surveys/acs/summary_file/2017/data/1_year_seq_by_state/Louisiana/20171la0142000.zip
United States,Maine,23,2017,all,all,12298.0,230750.0,53.29577464788733,0.4035480537375129,0.4035480537375129,,1yr_sequence,https://www2.census.gov/programs-surveys/acs/summary_file/2017/data/1_year_seq_by_state/Maine/20171me0142000.zip
United States,Maryland,24,2017,all,all,71641.0,1178924.0,60.768124153889474,0.47544577549218,0.47544577549218,,1yr_sequence,https://www2.census.gov/programs-surveys/acs/summary_file/2017/data/1_year_seq_by_state/Maryland/20171md0142000.zip
United States,Massachusetts,25,2017,all,all,70702.0,1383819.0,51.091941937493274,0.4653065549667376,0.4653065549667376,,1yr_sequence,https://www2.census.gov/programs-surveys/acs/summary_file/2017/data/1_year_seq_by_state/Massachusetts/20171ma0142000.zip
United States,Michigan,26,2017,all,all,111426.0,1878268.0,59.32380256704581,0.4464609526514563,0.4464609526514563,,1yr_sequence,https://www2.census.gov/programs-surveys/acs/summary_file/2017/data/1_year_seq_by_state/Michigan/20171mi0142000.zip
United States,Minnesota,27,2017,all,all,68595.0,1063072.0,64.52526263508022,0.4367663113776547,0.4367663113776547,,1yr_sequence,https://www2.census.gov/programs-surveys/acs/summary_file/2017/data/1_year_seq_by_state/Minnesota/20171mn0142000.zip
United States,Mississippi,28,2017,all,all,37357.0,590349.0,63.27951770901619,0.4023551646434542,0.4023551646434542,,1yr_sequence,https://www2.census.gov/programs-surveys/acs/summary_file/2017/data/1_year_seq_by_state/Mississippi/20171ms0142000.zip
United States,Missouri,29,2017,all,all,73034.0,1168143.0,62.52145499309587,0.41046729209085775,0.41046729209085775,,1yr_sequence,https://www2.census.gov/programs-surveys/acs/summary_file/2017/data/1_year_seq_by_state/Missouri/20171mo0142000.zip
United States,Montana,30,2017,all,all,11799.0,190608.0,61.90191387559808,0.4024412670681808,0.4024412670681808,,1yr_sequence,https://www2.census.gov/programs-surveys/acs/summary_file/2017/data/1_year_seq_by_state/Montana/20171mt0142000.zip
United States,Nebraska,31,2017,all,all,25821.0,368071.0,70.15222606507983,0.36846511847297997,0.36846511847297997,,1yr_sequence,https://www2.census.gov/programs-surveys/acs/summary_file/2017/data/1_year_seq_by_state/Nebraska/20171ne0142000.zip
United States,Nevada,32,2017,all,all,35756.0,579856.0,61.66358544190282,0.4545680238331678,0.4545680238331678,,1yr_sequence,https://www2.census.gov/programs-surveys/acs/summary_file/2017/data/1_year_seq_by_state/Nevada/20171nv0142000.zip
United States,New Hampshire,33,2017,all,all,12116.0,243570.0,49.74340025454695,0.445012307171981,0.445012307171981,,1yr_sequence,https://www2.census.gov/programs-surveys/acs/summary_file/2017/data/1_year_seq_by_state/NewHampshire/20171nh0142000.zip
United States,New Jersey,34,2017,all,all,101250.0,1677257.0,60.36641969596788,0.49031264459780455,0.49031264459780455,,1yr_sequence,https://www2.census.gov/programs-surveys/acs/summary_file/2017/data/1_year_seq_by_state/NewJersey/20171nj0142000.zip
United States,New Mexico,35,2017,all,all,23767.0,395345.0,60.11711290138993,0.43262065744857975,0.43262065744857975,,1yr_sequence,https://www2.census.gov/programs-surveys/acs/summary_file/2017/data/1_year_seq_by_state/NewMexico/20171nm0142000.zip
United States,New York,36,2017,all,all,229737.0,3917056.0,58.65042521730606,0.49724905824883925,0.49724905824883925,,1yr_sequence,https://www2.census.gov/programs-surveys/acs/summary_file/2017/data/1_year_seq_by_state/NewYork/20171ny0142000.zip
United States,North Carolina,37,2017,all,all,120125.0,2008666.0,59.80337198917092,0.42353665050973616,0.42353665050973616,,1yr_sequence,https://www2.census.gov/programs-surveys/acs/summary_file/2017/data/1_year_seq_by_state/NorthCarolina/20171nc0142000.zip
United States,North Dakota,38,2017,all,all,10737.0,145321.0,73.88471039973575,0.3663608404174442,0.3663608404174442,,1yr_sequence,https://www2.census.gov/programs-surveys/acs/summary_file/2017/data/1_year_seq_by_state/NorthDakota/20171nd0142000.zip
United States,Ohio,39,2017,all,all,136832.0,2203404.0,62.1002775705227,0.4114981048972111,0.4114981048972111,,1yr_sequence,https://www2.census.gov/programs-surveys/acs/summary_file/2017/data/1_year_seq_by_state/Ohio/20171oh0142000.zip
United States,Oklahoma,40,2017,all,all,50214.0,765901.0,65.56199822170228,0.40486649431658206,0.40486649431658206,,1yr_sequence,https://www2.census.gov/programs-surveys/acs/summary_file/2017/data/1_year_seq_by_state/Oklahoma/20171ok0142000.zip
United States,Oregon,41,2017,all,all,43631.0,811291.0,53.77971652588282,0.48625758439207534,0.48625758439207534,,1yr_sequence,https://www2.census.gov/programs-surveys/acs/summary_file/2017/data/1_year_seq_by_state/Oregon/20171or0142000.zip
United States,Pennsylvania,42,2017,all,all,137745.0,2376335.0,57.96531212981335,0.4254295744753214,0.4254295744753214,,1yr_sequence,https://www2.census.gov/programs-surveys/acs/summary_file/2017/data/1_year_seq_by_state/Pennsylvania/20171pa0142000.zip
United States,Rhode Island,44,2017,all,all,10638.0,206964.0,51.40024352061228,0.4301390407748789,0.4301390407748789,,1yr_sequence,https://www2.census.gov/programs-surveys/acs/summary_file/2017/data/1_year_seq_by_state/RhodeIsland/20171ri0142000.zip
United States,South Carolina,45,2017,all,all,57029.0,959340.0,59.44607751162257,0.4484960448751323,0.4484960448751323,,1yr_sequence,https://www2.census.gov/programs-surveys/acs/summary_file/2017/data/1_year_seq_by_state/SouthCarolina/20171sc0142000.zip
United States,South Dakota,46,2017,all,all,12134.0,159690.0,75.9847203957668,0.37794149395509496,0.37794149395509496,,1yr_sequence,https://www2.census.gov/programs-surveys/acs/summary_file/2017/data/1_year_seq_by_state/SouthDakota/20171sd0142000.zip
United States,Tennessee,47,2017,all,all,81016.0,1308167.0,61.930930836812124,0.4091175763942047,0.4091175763942047,,1yr_sequence,https://www2.census.gov/programs-surveys/acs/summary_file/2017/data/1_year_seq_by_state/Tennessee/20171tn0142000.zip
United States,Texas,48,2017,all,all,382050.0,5879401.0,64.98110947016542,0.44545891989241715,0.44545891989241715,,1yr_sequence,https://www2.census.gov/programs-surveys/acs/summary_file/2017/data/1_year_seq_by_state/Texas/20171tx0142000.zip
United States,Utah,49,2017,all,all,48585.0,674703.0,72.00946194103183,0.41729928373343317,0.41729928373343317,,1yr_sequence,https://www2.census.gov/programs-surveys/acs/summary_file/2017/data/1_year_seq_by_state/Utah/20171ut0142000.zip
United States,Vermont,50,2017,all,all,5655.0,114221.0,49.50928463242311,0.4693316629167519,0.4693316629167519,,1yr_sequence,https://www2.census.gov/programs-surveys/acs/summary_file/2017/data/1_year_seq_by_state/Vermont/20171vt0142000.zip
United States,Virginia,51,2017,all,all,100391.0,1655727.0,60.63258012945371,0.43716835192048015,0.43716835192048015,,1yr_sequence,https://www2.census.gov/programs-surveys/acs/summary_file/2017/data/1_year_seq_by_state/Virginia/20171va0142000.zip
United States,Washington,53,2017,all,all,87562.0,1462880.0,59.85590068905174,0.4520262521432059,0.4520262521432059,,1yr_sequence,https://www2.census.gov/programs-surveys/acs/summary_file/2017/data/1_year_seq_by_state/Washington/20171wa0142000.zip
United States,West Virginia,54,2017,all,all,18675.0,322183.0,57.96395216383236,0.3964648264486371,0.3964648264486371,,1yr_sequence,https://www2.census.gov/programs-surveys/acs/summary_file/2017/data/1_year_seq_by_state/WestVirginia/20171wv0142000.zip
United States,Wisconsin,55,2017,all,all,64975.0,1082909.0,60.000424781768366,0.4096042533777498,0.4096042533777498,,1yr_sequence,https://www2.census.gov/programs-surveys/acs/summary_file/2017/data/1_year_seq_by_state/Wisconsin/20171wi0142000.zip
United States,Wyoming,56,2017,all,all,6903.0,107470.0,64.23187866381316,0.38044663959760017,0.38044663959760017,,1yr_sequence,https://www2.census.gov/programs-surveys/acs/summary_file/2017/data/1_year_seq_by_state/Wyoming/20171wy0142000.zip
United States,Alabama,01,2018,all,all,57761.0,947147.0,60.98419780667626,0.4113524936459294,0.4113524936459294,,1yr_table,https://www2.census.gov/programs-surveys/acs/summary_file/2018/prototype/1YRData/acsdt1y2018-b25070.dat
United States,Alaska,02,2018,all,all,10086.0,142216.0,70.920290262699,0.389705293734204,0.389705293734204,,1yr_table,https://www2.census.gov/programs-surveys/acs/summary_file/2018/prototype/1YRData/acsdt1y2018-b25070.dat
United States,Arizona,04,2018,all,all,80723.0,1372790.0,58.8021474515403,0.4400221320946897,0.4400221320946897,,1yr_table,https://www2.census.gov/programs-surveys/acs/summary_file/2018/prototype/1YRData/acsdt1y2018-b25070.dat
United States,Arkansas,05,2018,all,all,37018.0,576578.0,64.2029352490036,0.41012158223596146,0.41012158223596146,,1yr_table,https://www2.census.gov/programs-surveys/acs/summary_file/2018/prototype/1YRData/acsdt1y2018-b25070.dat
United States,California,06,2018,all,all,454920.0,8046097.0,56.53921398163606,0.519036620593933,0.519036620593933,,1yr_table,https://www2.census.gov/programs-surveys/acs/summary_file/2018/prototype/1YRData/acsdt1y2018-b25070.dat
United States,Colorado,08,2018,all,all,62885.0,1155173.0,54.43773356891132,0.4892656067139709,0.4892656067139709,,1yr_table,https://www2.census.gov/programs-surveys/acs/summary_file/2018/prototype/1YRData/acsdt1y2018-b25070.dat
United States,Connecticut,09,2018,all,all,34725.0,670000.0,51.82835820895522,0.4968429092760757,0.4968429092760757,,1yr_table,https://www2.census.gov/programs-surveys/acs/summary_file/2018/prototype/1YRData/acsdt1y2018-b25070.dat
United States,Delaware,10,2018,all,all,10621.0,178615.0,59.46309100579458,0.4931566002666016,0.4931566002666016,,1yr_table,https://www2.census.gov/programs-surveys/acs/summary_file/2018/prototype/1YRData/acsdt1y2018-b25070.dat
United States,Florida,12,2018,all,all,221542.0,3851386.0,57.52266846273004,0.5282159815656289,0.5282159815656289,,1yr_table,https://www2.census.gov/programs-surveys/acs/summary_file/2018/prototype/1YRData/acsdt1y2018-b25070.dat
United States,Georgia,13,2018,all,all,126172.0,2149822.0,58.68951010827873,0.4569835178126614,0.4569835178126614,,1yr_table,https://www2.census.gov/programs-surveys/acs/summary_file/2018/prototype/1YRData/acsdt1y2018-b25070.dat
United States,Hawaii,15,2018,all,all,16972.0,257143.0,66.00218555434135,0.48510358261602043,0.48510358261602043,,1yr_table,https://www2.census.gov/programs-surveys/acs/summary_file/2018/prototype/1YRData/acsdt1y2018-b25070.dat
United States,Idaho,16,2018,all,all,21403.0,336694.0,63.568106351761536,0.4205354569424725,0.4205354569424725,,1yr_table,https://www2.census.gov/programs-surveys/acs/summary_file/2018/prototype/1YRData/acsdt1y2018-b25070.dat
United States,Illinois,17,2018,all,all,144815.0,2504925.0,57.81211014301826,0.44134857752012235,0.44134857752012235,,1yr_table,https://www2.census.gov/programs-surveys/acs/summary_file/2018/prototype/1YRData/acsdt1y2018-b25070.dat
United States,Indiana,18,2018,all,all,81646.0,1301847.0,62.71551111612962,0.42972059151371034,0.42972059151371034,,1yr_table,https://www2.census.gov/programs-surveys/acs/summary_file/2018/prototype/1YRData/acsdt1y2018-b25070.dat
United States,Iowa,19,2018,all,all,37785.0,592377.0,63.78539342344487,0.38962490593811966,0.38962490593811966,,1yr_table,https://www2.census.gov/programs-surveys/acs/summary_file/2018/prototype/1YRData/acsdt1y2018-b25070.dat
United States,Kansas,20,2018,all,all,36261.0,557912.0,64.99412093663517,0.419912562208834,0.419912562208834,,1yr_table,https://www2.census.gov/programs-surveys/acs/summary_file/2018/prototype/1YRData/acsdt1y2018-b25070.dat
United States,Kentucky,21,2018,all,all,53922.0,845381.0,63.78425822203243,0.3926836866176741,0.3926836866176741,,1yr_table,https://www2.census.gov/programs-surveys/acs/summary_file/2018/prototype/1YRData/acsdt1y2018-b25070.dat
United States,Louisiana,22,2018,all,all,59615.0,924237.0,64.5018539617003,0.4847305968357301,0.4847305968357301,,1yr_table,https://www2.census.gov/programs-surveys/acs/summary_file/2018/prototype/1YRData/acsdt1y2018-b25070.dat
United States,Maine,23,2018,all,all,12311.0,231501.0,53.17903594368923,0.44236687977279515,0.44236687977279515,,1yr_table,https://www2.census.gov/programs-surveys/acs/summary_file/2018/prototype/1YRData/acsdt1y2018-b25070.dat
United States,Maryland,24,2018,all,all,71080.0,1178564.0,60.31068317036665,0.4725624807368677,0.4725624807368677,,1yr_table,https://www2.census.gov/programs-surveys/acs/summary_file/2018/prototype/1YRData/acsdt1y2018-b25070.dat
United States,Massachusetts,25,2018,all,all,69109.0,1389869.0,49.72339119729989,0.46843107987189886,0.46843107987189886,,1yr_table,https://www2.census.gov/programs-surveys/acs/summary_file/2018/prototype/1YRData/acsdt1y2018-b25070.dat
United States,Michigan,26,2018,all,all,110032.0,1878175.0,58.584530195535564,0.4470000403515143,0.4470000403515143,,1yr_table,https://www2.census.gov/programs-surveys/acs/summary_file/2018/prototype/1YRData/acsdt1y2018-b25070.dat
United States,Minnesota,27,2018,all,all,67344.0,1072317.0,62.80232431267993,0.43557595772154767,0.43557595772154767,,1yr_table,https://www2.census.gov/programs-surveys/acs/summary_file/2018/prototype/1YRData/acsdt1y2018-b25070.dat
United States,Mississippi,28,2018,all,all,37000.0,584641.0,63.28670072745497,0.42652120249123954,0.42652120249123954,,1yr_table,https://www2.census.gov/programs-surveys/acs/summary_file/2018/prototype/1YRData/acsdt1y2018-b25070.dat
United States,Missouri,29,2018,all,all,73269.0,1169877.0,62.62966106693267,0.4229904864565512,0.4229904864565512,,1yr_table,https://www2.census.gov/programs-surveys/acs/summary_file/2018/prototype/1YRData/acsdt1y2018-b25070.dat
United States,Montana,30,2018,all,all,11513.0,192671.0,59.75471139922458,0.39747013952693316,0.39747013952693316,,1yr_table,https://www2.census.gov/programs-surveys/acs/summary_file/2018/prototype/1YRData/acsdt1y2018-b25070.dat
United States,Nebraska,31,2018,all,all,25488.0,370674.0,68.76122954401981,0.3822472134983681,0.3822472134983681,,1yr_table,https://www2.census.gov/programs-surveys/acs/summary_file/2018/prototype/1YRData/acsdt1y2018-b25070.dat
United States,Nevada,32,2018,all,all,35682.0,590202.0,60.45726717293401,0.48259632694942645,0.48259632694942645,,1yr_table,https://www2.census.gov/programs-surveys/acs/summary_file/2018/prototype/1YRData/acsdt1y2018-b25070.dat
United States,New Hampshire,33,2018,all,all,11995.0,243878.0,49.18442827971363,0.4538073063553486,0.4538073063553486,,1yr_table,https://www2.census.gov/programs-surveys/acs/summary_file/2018/prototype/1YRData/acsdt1y2018-b25070.dat
United States,New Jersey,34,2018,all,all,101223.0,1674163.0,60.46185467006499,0.4859095914212908,0.4859095914212908,,1yr_table,https://www2.census.gov/programs-surveys/acs/summary_file/2018/prototype/1YRData/acsdt1y2018-b25070.dat
United States,New Mexico,35,2018,all,all,23039.0,395497.0,58.253286371325196,0.43378828922692225,0.43378828922692225,,1yr_table,https://www2.census.gov/programs-surveys/acs/summary_file/2018/prototype/1YRData/acsdt1y2018-b25070.dat
United States,New York,36,2018,all,all,226238.0,3894471.0,58.09210031349572,0.49106652642804616,0.49106652642804616,,1yr_table,https://www2.census.gov/programs-surveys/acs/summary_file/2018/prototype/1YRData/acsdt1y2018-b25070.dat
United States,North Carolina,37,2018,all,all,118954.0,2026795.0,58.69069146114926,0.437532801642835,0.437532801642835,,1yr_table,https://www2.census.gov/programs-surveys/acs/summary_file/2018/prototype/1YRData/acsdt1y2018-b25070.dat
United States,North Dakota,38,2018,all,all,10636.0,146087.0,72.80593071252062,0.354422460963566,0.354422460963566,,1yr_table,https://www2.census.gov/programs-surveys/acs/summary_file/2018/prototype/1YRData/acsdt1y2018-b25070.dat
United States,Ohio,39,2018,all,all,135134.0,2206199.0,61.25195415282121,0.41151785775699545,0.41151785775699545,,1yr_table,https://www2.census.gov/programs-surveys/acs/summary_file/2018/prototype/1YRData/acsdt1y2018-b25070.dat
United States,Oklahoma,40,2018,all,all,49800.0,767348.0,64.898846416489,0.3900744175173381,0.3900744175173381,,1yr_table,https://www2.census.gov/programs-surveys/acs/summary_file/2018/prototype/1YRData/acsdt1y2018-b25070.dat
United States,Oregon,41,2018,all,all,42188.0,819240.0,51.49650895952347,0.46871733345038424,0.46871733345038424,,1yr_table,https://www2.census.gov/programs-surveys/acs/summary_file/2018/prototype/1YRData/acsdt1y2018-b25070.dat
United States,Pennsylvania,42,2018,all,all,135673.0,2379435.0,57.01899820755767,0.4424613417438827,0.4424613417438827,,1yr_table,https://www2.census.gov/programs-surveys/acs/summary_file/2018/prototype/1YRData/acsdt1y2018-b25070.dat
United States,Rhode Island,44,2018,all,all,10506.0,207478.0,50.63669401093128,0.4431158556620001,0.4431158556620001,,1yr_table,https://www2.census.gov/programs-surveys/acs/summary_file/2018/prototype/1YRData/acsdt1y2018-b25070.dat
United States,South Carolina,45,2018,all,all,56669.0,966916.0,58.60798662965552,0.4319912912127324,0.4319912912127324,,1yr_table,https://www2.census.gov/programs-surveys/acs/summary_file/2018/prototype/1YRData/acsdt1y2018-b25070.dat
United States,South Dakota,46,2018,all,all,11893.0,160539.0,74.08168731585471,0.37093779852562137,0.37093779852562137,,1yr_table,https://www2.census.gov/programs-surveys/acs/summary_file/2018/prototype/1YRData/acsdt1y2018-b25070.dat
United States,Tennessee,47,2018,all,all,80751.0,1319969.0,61.176436719347194,0.44094335931279544,0.44094335931279544,,1yr_table,https://www2.census.gov/programs-surveys/acs/summary_file/2018/prototype/1YRData/acsdt1y2018-b25070.dat
United States,Texas,48,2018,all,all,378624.0,5942241.0,63.71737531345498,0.45176818498979554,0.45176818498979554,,1yr_table,https://www2.census.gov/programs-surveys/acs/summary_file/2018/prototype/1YRData/acsdt1y2018-b25070.dat
United States,Utah,49,2018,all,all,47209.0,688130.0,68.60476944763344,0.4190595033027249,0.4190595033027249,,1yr_table,https://www2.census.gov/programs-surveys/acs/summary_file/2018/prototype/1YRData/acsdt1y2018-b25070.dat
United States,Vermont,50,2018,all,all,5432.0,114441.0,47.46550624339179,0.4322562866000689,0.4322562866000689,,1yr_table,https://www2.census.gov/programs-surveys/acs/summary_file/2018/prototype/1YRData/acsdt1y2018-b25070.dat
United States,Virginia,51,2018,all,all,99843.0,1658875.0,60.18717504332756,0.4519425418938409,0.4519425418938409,,1yr_table,https://www2.census.gov/programs-surveys/acs/summary_file/2018/prototype/1YRData/acsdt1y2018-b25070.dat
United States,Washington,53,2018,all,all,86085.0,1486975.0,57.892701625783886,0.452657332849087,0.452657332849087,,1yr_table,https://www2.census.gov/programs-surveys/acs/summary_file/2018/prototype/1YRData/acsdt1y2018-b25070.dat
United States,West Virginia,54,2018,all,all,18248.0,318352.0,57.32019902497864,0.3988090818644848,0.3988090818644848,,1yr_table,https://www2.census.gov/programs-surveys/acs/summary_file/2018/prototype/1YRData/acsdt1y2018-b25070.dat
United States,Wisconsin,55,2018,all,all,64098.0,1085898.0,59.02764348032688,0.4103704844006568,0.4103704844006568,,1yr_table,https://www2.census.gov/programs-surveys/acs/summary_file/2018/prototype/1YRData/acsdt1y2018-b25070.dat
United States,Wyoming,56,2018,all,all,6562.0,107202.0,61.2115445607358,0.37153711279953244,0.37153711279953244,,1yr_table,https://www2.census.gov/programs-surveys/acs/summary_file/2018/prototype/1YRData/acsdt1y2018-b25070.dat
United States,Alabama,01,2019,all,all,58615.0,947505.0,61.86247038274204,0.4094973774084034,0.4094973774084034,,1yr_table,https://www2.census.gov/programs-surveys/acs/summary_file/2019/prototype/1YRData/acsdt1y2019-b25070.dat
United States,Alaska,02,2019,all,all,9822.0,141373.0,69.4757839191359,0.4096281219427171,0.4096281219427171,,1yr_table,https://www2.census.gov/programs-surveys/acs/summary_file/2019/prototype/1YRData/acsdt1y2019-b25070.dat
United States,Arizona,04,2019,all,all,79375.0,1395862.0,56.86450379765335,0.43357682014203935,0.43357682014203935,,1yr_table,https://www2.census.gov/programs-surveys/acs/summary_file/2019/prototype/1YRData/acsdt1y2019-b25070.dat
United States,Arkansas,05,2019,all,all,36564.0,577597.0,63.303652892934004,0.38600878961173407,0.38600878961173407,,1yr_table,https://www2.census.gov/programs-surveys/acs/summary_file/2019/prototype/1YRData/acsdt1y2019-b25070.dat
United States,California,06,2019,all,all,446479.0,8042104.0,55.517685421625984,0.5068502445896547,0.5068502445896547,,1yr_table,https://www2.census.gov/programs-surveys/acs/summary_file/2019/prototype/1YRData/acsdt1y2019-b25070.dat
United States,Colorado,08,2019,all,all,62869.0,1173509.0,53.57351328366464,0.47703654786285477,0.47703654786285477,,1yr_table,https://www2.census.gov/programs-surveys/acs/summary_file/2019/prototype/1YRData/acsdt1y2019-b25070.dat
United States,Connecticut,09,2019,all,all,34258.0,670071.0,51.12592546163019,0.4625642686867177,0.4625642686867177,,1yr_table,https://www2.census.gov/programs-surveys/acs/summary_file/2019/prototype/1YRData/acsdt1y2019-b25070.dat
United States,Delaware,10,2019,all,all,10562.0,179495.0,58.8428647037522,0.46622395646881937,0.46622395646881937,,1yr_table,https://www2.census.gov/programs-surveys/acs/summary_file/2019/prototype/1YRData/acsdt1y2019-b25070.dat
United States,Florida,12,2019,all,all,220002.0,3877863.0,56.732793293625896,0.5241795096752143,0.5241795096752143,,1yr_table,https://www2.census.gov/programs-surveys/acs/summary_file/2019/prototype/1YRData/acsdt1y2019-b25070.dat
United States,Georgia,13,2019,all,all,126371.0,2170880.0,58.21187721108491,0.4479829134777758,0.4479829134777758,,1yr_table,https://www2.census.gov/programs-surveys/acs/summary_file/2019/prototype/1YRData/acsdt1y2019-b25070.dat
United States,Hawaii,15,2019,all,all,16797.0,255741.0,65.67973066500873,0.49702976707546714,0.49702976707546714,,1yr_table,https://www2.census.gov/programs-surveys/acs/summary_file/2019/prototype/1YRData/acsdt1y2019-b25070.dat
United States,Idaho,16,2019,all,all,22063.0,344225.0,64.0947054978575,0.42654125016088207,0.42654125016088207,,1yr_table,https://www2.census.gov/programs-surveys/acs/summary_file/2019/prototype/1YRData/acsdt1y2019-b25070.dat
United States,Illinois,17,2019,all,all,140128.0,2491212.0,56.24892622546777,0.42444437861630735,0.42444437861630735,,1yr_table,https://www2.census.gov/programs-surveys/acs/summary_file/2019/prototype/1YRData/acsdt1y2019-b25070.dat
United States,Indiana,18,2019,all,all,80859.0,1310119.0,61.71882096206527,0.41672833451651986,0.41672833451651986,,1yr_table,https://www2.census.gov/programs-surveys/acs/summary_file/2019/prototype/1YRData/acsdt1y2019-b25070.dat
United States,Iowa,19,2019,all,all,37649.0,594026.0,63.37938070050805,0.3862276948708418,0.3862276948708418,,1yr_table,https://www2.census.gov/programs-surveys/acs/summary_file/2019/prototype/1YRData/acsdt1y2019-b25070.dat
United States,Kansas,20,2019,all,all,35395.0,558920.0,63.32748872826165,0.3953264197944798,0.3953264197944798,,1yr_table,https://www2.census.gov/programs-surveys/acs/summary_file/2019/prototype/1YRData/acsdt1y2019-b25070.dat
United States,Kentucky,21,2019,all,all,53069.0,845501.0,62.76633617228129,0.3834961553661936,0.3834961553661936,,1yr_table,https://www2.census.gov/programs-surveys/acs/summary_file/2019/prototype/1YRData/acsdt1y2019-b25070.dat
United States,Louisiana,22,2019,all,all,58941.0,920124.0,64.05767048789076,0.44374245831505044,0.44374245831505044,,1yr_table,https://www2.census.gov/programs-surveys/acs/summary_file/2019/prototype/1YRData/acsdt1y2019-b25070.dat
United States,Maine,23,2019,all,all,11779.0,232605.0,50.63949614152748,0.39827835911196935,0.39827835911196935,,1yr_table,https://www2.census.gov/programs-surveys/acs/summary_file/2019/prototype/1YRData/acsdt1y2019-b25070.dat
United States,Maryland,24,2019,all,all,70178.0,1178978.0,59.52443557046866,0.47388772527447237,0.47388772527447237,,1yr_table,https://www2.census.gov/programs-surveys/acs/summary_file/2019/prototype/1YRData/acsdt1y2019-b25070.dat
United States,Massachusetts,25,2019,all,all,69117.0,1392795.0,49.62467556244817,0.4626281117482424,0.4626281117482424,,1yr_table,https://www2.census.gov/programs-surveys/acs/summary_file/2019/prototype/1YRData/acsdt1y2019-b25070.dat
United States,Michigan,26,2019,all,all,107886.0,1878038.0,57.44612196345335,0.442825057478393,0.442825057478393,,1yr_table,https://www2.census.gov/programs-surveys/acs/summary_file/2019/prototype/1YRData/acsdt1y2019-b25070.dat
United States,Minnesota,27,2019,all,all,66027.0,1081343.0,61.06018164449208,0.41795851143595036,0.41795851143595036,,1yr_table,https://www2.census.gov/programs-surveys/acs/summary_file/2019/prototype/1YRData/acsdt1y2019-b25070.dat
United States,Mississippi,28,2019,all,all,36636.0,582126.0,62.934828542274346,0.4024523191073981,0.4024523191073981,,1yr_table,https://www2.census.gov/programs-surveys/acs/summary_file/2019/prototype/1YRData/acsdt1y2019-b25070.dat
United States,Missouri,29,2019,all,all,72127.0,1173968.0,61.43864227985772,0.40666420888808613,0.40666420888808613,,1yr_table,https://www2.census.gov/programs-surveys/acs/summary_file/2019/prototype/1YRData/acsdt1y2019-b25070.dat
United States,Montana,30,2019,all,all,11079.0,194608.0,56.92982816739291,0.4107786629465105,0.4107786629465105,,1yr_table,https://www2.census.gov/programs-surveys/acs/summary_file/2019/prototype/1YRData/acsdt1y2019-b25070.dat
United States,Nebraska,31,2019,all,all,24755.0,372616.0,66.43568714172231,0.3837984573621354,0.3837984573621354,,1yr_table,https://www2.census.gov/programs-surveys/acs/summary_file/2019/prototype/1YRData/acsdt1y2019-b25070.dat
United States,Nevada,32,2019,all,all,35072.0,599543.0,58.49788922562686,0.4815810853582077,0.4815810853582077,,1yr_table,https://www2.census.gov/programs-surveys/acs/summary_file/2019/prototype/1YRData/acsdt1y2019-b25070.dat
United States,New Hampshire,33,2019,all,all,11839.0,245592.0,48.20596762109515,0.44258093239203716,0.44258093239203716,,1yr_table,https://www2.census.gov/programs-surveys/acs/summary_file/2019/prototype/1YRData/acsdt1y2019-b25070.dat
United States,New Jersey,34,2019,all,all,99585.0,1672683.0,59.536086634466905,0.4660579875231015,0.4660579875231015,,1yr_table,https://www2.census.gov/programs-surveys/acs/summary_file/2019/prototype/1YRData/acsdt1y2019-b25070.dat
United States,New Mexico,35,2019,all,all,22960.0,396679.0,57.88055329372112,0.4174086703924726,0.4174086703924726,,1yr_table,https://www2.census.gov/programs-surveys/acs/summary_file/2019/prototype/1YRData/acsdt1y2019-b25070.dat
United States,New York,36,2019,all,all,221539.0,3871739.0,57.21950782322879,0.47303380005639506,0.47303380005639506,,1yr_table,https://www2.census.gov/programs-surveys/acs/summary_file/2019/prototype/1YRData/acsdt1y2019-b25070.dat
United States,North Carolina,37,2019,all,all,118725.0,2044597.0,58.06767788468828,0.42596921288165973,0.42596921288165973,,1yr_table,https://www2.census.gov/programs-surveys/acs/summary_file/2019/prototype/1YRData/acsdt1y2019-b25070.dat
United States,North Dakota,38,2019,all,all,10454.0,147001.0,71.11516248188788,0.35474150334111326,0.35474150334111326,,1yr_table,https://www2.census.gov/programs-surveys/acs/summary_file/2019/prototype/1YRData/acsdt1y2019-b25070.dat
United States,Ohio,39,2019,all,all,134461.0,2210423.0,60.830438336915606,0.4040807739540535,0.4040807739540535,,1yr_table,https://www2.census.gov/programs-surveys/acs/summary_file/2019/prototype/1YRData/acsdt1y2019-b25070.dat
United States,Oklahoma,40,2019,all,all,49143.0,771770.0,63.67570649286705,0.39465466479574113,0.39465466479574113,,1yr_table,https://www2.census.gov/programs-surveys/acs/summary_file/2019/prototype/1YRData/acsdt1y2019-b25070.dat
United States,Oregon,41,2019,all,all,41858.0,827501.0,50.58362467235689,0.4549799339134014,0.4549799339134014,,1yr_table,https://www2.census.gov/programs-surveys/acs/summary_file/2019/prototype/1YRData/acsdt1y2019-b25070.dat
United States,Pennsylvania,42,2019,all,all,134230.0,2382036.0,56.350953554018496,0.4362267183949797,0.4362267183949797,,1yr_table,https://www2.census.gov/programs-surveys/acs/summary_file/2019/prototype/1YRData/acsdt1y2019-b25070.dat
United States,Rhode Island,44,2019,all,all,10175.0,207887.0,48.94485946692193,0.4585394929115287,0.4585394929115287,,1yr_table,https://www2.census.gov/programs-surveys/acs/summary_file/2019/prototype/1YRData/acsdt1y2019-b25070.dat
United States,South Carolina,45,2019,all,all,57038.0,976843.0,58.39014048316874,0.4202133726462873,0.4202133726462873,,1yr_table,https://www2.census.gov/programs-surveys/acs/summary_file/2019/prototype/1YRData/acsdt1y2019-b25070.dat
United States,South Dakota,46,2019,all,all,11449.0,161553.0,70.8683837502244,0.35917026732708046,0.35917026732708046,,1yr_table,https://www2.census.gov/programs-surveys/acs/summary_file/2019/prototype/1YRData/acsdt1y2019-b25070.dat
United States,Tennessee,47,2019,all,all,80450.0,1331276.0,60.43074463897794,0.4210020730762179,0.4210020730762179,,1yr_table,https://www2.census.gov/programs-surveys/acs/summary_file/2019/prototype/1YRData/acsdt1y2019-b25070.dat
United States,Texas,48,2019,all,all,377599.0,6015513.0,62.77087257562239,0.4480370734721933,0.4480370734721933,,1yr_table,https://www2.census.gov/programs-surveys/acs/summary_file/2019/prototype/1YRData/acsdt1y2019-b25070.dat
United States,Utah,49,2019,all,all,46826.0,701559.0,66.74563365304985,0.4182228920673261,0.4182228920673261,,1yr_table,https://www2.census.gov/programs-surveys/acs/summary_file/2019/prototype/1YRData/acsdt1y2019-b25070.dat
United States,Vermont,50,2019,all,all,5361.0,114461.0,46.83691388333144,0.5062798144154741,0.5062798144154741,,1yr_table,https://www2.census.gov/programs-surveys/acs/summary_file/2019/prototype/1YRData/acsdt1y2019-b25070.dat
United States,Virginia,51,2019,all,all,97429.0,1663150.0,58.581005922496466,0.42856204688780486,0.42856204688780486,,1yr_table,https://www2.census.gov/programs-surveys/acs/summary_file/2019/prototype/1YRData/acsdt1y2019-b25070.dat
United States,Washington,53,2019,all,all,84895.0,1509040.0,56.25762073901288,0.45282489136809245,0.45282489136809245,,1yr_table,https://www2.census.gov/programs-surveys/acs/summary_file/2019/prototype/1YRData/acsdt1y2019-b25070.dat
United States,West Virginia,54,2019,all,all,18136.0,314987.0,57.576979367402465,0.36271415806246676,0.36271415806246676,,1yr_table,https://www2.census.gov/programs-surveys/acs/summary_file/2019/prototype/1YRData/acsdt1y2019-b25070.dat
United States,Wisconsin,55,2019,all,all,63270.0,1089256.0,58.085518923007996,0.4000091987269984,0.4000091987269984,,1yr_table,https://www2.census.gov/programs-surveys/acs/summary_file/2019/prototype/1YRData/acsdt1y2019-b25070.dat
United States,Wyoming,56,2019,all,all,6565.0,107437.0,61.10557815277791,0.39537118969883744,0.39537118969883744,,1yr_table,https://www2.census.gov/programs-surveys/acs/summary_file/2019/prototype/1YRData/acsdt1y2019-b25070.dat
United States,Alabama,01,2021,all,all,58054.0,974829.0,59.553008784104705,0.4341134310335178,0.4341134310335178,,,
United States,Alaska,02,2021,all,all,9367.0,141381.0,66.25359843260411,0.44992569261140564,0.44992569261140564,,,
United States,Arizona,04,2021,all,all,77916.0,1401970.0,55.576082227151794,0.4785835600246921,0.4785835600246921,,,
United States,Arkansas,05,2021,all,all,35965.0,582455.0,61.747259444935665,0.39943220944252594,0.39943220944252594,,,
United States,California,06,2021,all,all,420608.0,7950771.0,52.90153621579593,0.5271607835977482,0.5271607835977482,,,
United States,Colorado,08,2021,all,all,62949.0,1193792.0,52.730291374041705,0.5045154660417392,0.5045154660417392,,,
United States,Connecticut,09,2021,all,all,35670.0,684477.0,52.11278099921546,0.4914565318154267,0.4914565318154267,,,
United States,Delaware,10,2021,all,all,10482.0,185093.0,56.63099090727364,0.4702934266893915,0.4702934266893915,,,
United States,Florida,12,2021,all,all,216260.0,3925096.0,55.09674158288103,0.5489939133548156,0.5489939133548156,,,
United States,Georgia,13,2021,all,all,124073.0,2211968.0,56.09167944563393,0.47584333284522323,0.47584333284522323,,,
United States,Hawaii,15,2021,all,all,15620.0,257043.0,60.76804270102667,0.5342452310728518,0.5342452310728518,,,
United States,Idaho,16,2021,all,all,22427.0,368813.0,60.80859405715092,0.4316701707604738,0.4316701707604738,,,
United States,Illinois,17,2021,all,all,132189.0,2487384.0,53.14378479559248,0.4437580313722442,0.4437580313722442,,,
United States,Indiana,18,2021,all,all,79946.0,1328051.0,60.197989384443815,0.43261297420774475,0.43261297420774475,,,
United States,Iowa,19,2021,all,all,36835.0,606309.0,60.75285044424543,0.4120337424320389,0.4120337424320389,,,
United States,Kansas,20,2021,all,all,34705.0,565732.0,61.3453013087469,0.3972941724258801,0.3972941724258801,,,
United States,Kentucky,21,2021,all,all,52214.0,855893.0,61.005289212553436,0.4061134278863506,0.4061134278863506,,,
United States,Louisiana,22,2021,all,all,57437.0,914316.0,62.81963784949623,0.48382028561921325,0.48382028561921325,,,
United States,Maine,23,2021,all,all,12006.0,240730.0,49.87330203962946,0.4294922855517253,0.4294922855517253,,,
United States,Maryland,24,2021,all,all,68285.0,1205457.0,56.64656640593568,0.49264831019975225,0.49264831019975225,,,
United States,Massachusetts,25,2021,all,all,69137.0,1411403.0,48.98459192732338,0.4854384594651489,0.4854384594651489,,,
United States,Michigan,26,2021,all,all,104980.0,1895250.0,55.391109352328186,0.46129765415481677,0.46129765415481677,,,
United States,Minnesota,27,2021,all,all,64425.0,1099940.0,58.571376620542935,0.4551086808284031,0.4551086808284031,,,
United States,Mississippi,28,2021,all,all,35156.0,576769.0,60.953345273411024,0.4432085898704688,0.4432085898704688,,,
United States,Missouri,29,2021,all,all,69453.0,1186346.0,58.543628924445315,0.4218243389760963,0.4218243389760963,,,
United States,Montana,30,2021,all,all,11231.0,204547.0,54.90669626051714,0.3793110994397759,0.3793110994397759,,,
United States,Nebraska,31,2021,all,all,24609.0,380948.0,64.59936789273077,0.4266416732438832,0.4266416732438832,,,
United States,Nevada,32,2021,all,all,33686.0,613038.0,54.949285362408204,0.5208264863443652,0.5208264863443652,,,
United States,New Hampshire,33,2021,all,all,12625.0,252999.0,49.90138300941901,0.42559399473478293,0.42559399473478293,,,
United States,New Jersey,34,2021,all,all,101497.0,1747884.0,58.068498824864804,0.48907966530947306,0.48907966530947306,,,
United States,New Mexico,35,2021,all,all,21391.0,402868.0,53.09679597287449,0.442907758190162,0.442907758190162,,,
United States,New York,36,2021,all,all,210742.0,3895380.0,54.100498539295266,0.5032553332538481,0.5032553332538481,,,
United States,North Carolina,37,2021,all,all,120466.0,2061442.0,58.43773436264517,0.4445861582869034,0.4445861582869034,,,
United States,North Dakota,38,2021,all,all,10112.0,150589.0,67.14965900563787,0.3845009330710647,0.3845009330710647,,,
United States,Ohio,39,2021,all,all,129791.0,2238663.0,57.977015745558845,0.4062281743480355,0.4062281743480355,,,
United States,Oklahoma,40,2021,all,all,48410.0,783969.0,61.74989062067505,0.4197442570160822,0.4197442570160822,,,
United States,Oregon,41,2021,all,all,40914.0,835675.0,48.959224578933195,0.4855336547896505,0.4855336547896505,,,
United States,Pennsylvania,42,2021,all,all,132622.0,2425066.0,54.68799612051796,0.44203418692466584,0.44203418692466584,,,
United States,Rhode Island,44,2021,all,all,10464.0,215916.0,48.4632912799422,0.4583758448191639,0.4583758448191639,,,
United States,South Carolina,45,2021,all,all,57185.0,987405.0,57.914432274497294,0.44868458342837786,0.44868458342837786,,,
United States,South Dakota,46,2021,all,all,11369.0,165248.0,68.79962238574748,0.3500096103682144,0.3500096103682144,,,
United States,Tennessee,47,2021,all,all,81717.0,1364959.0,59.86773229086002,0.43883112978435657,0.43883112978435657,,,
United States,Texas,48,2021,all,all,373594.0,6134162.0,60.90383657947084,0.47503608826725513,0.47503608826725513,,,
United States,Utah,49,2021,all,all,46712.0,733414.0,63.69117578884505,0.4530211104346548,0.4530211104346548,,,
United States,Vermont,50,2021,all,all,5384.0,119962.0,44.88087894499925,0.468404808317089,0.468404808317089,,,
United States,Virginia,51,2021,all,all,95825.0,1688028.0,56.76742328918714,0.4609016474704227,0.4609016474704227,,,
United States,Washington,53,2021,all,all,83911.0,1540650.0,54.46467400123325,0.46294587974133417,0.46294587974133417,,,
United States,West Virginia,54,2021,all,all,17198.0,314151.0,54.74437452053312,0.4109957858592165,0.4109957858592165,,,
United States,Wisconsin,55,2021,all,all,61781.0,1108122.0,55.75288641503372,0.40585619309056237,0.40585619309056237,,,
United States,Wyoming,56,2021,all,all,6237.0,108025.0,57.736635038185604,0.44034466885321366,0.44034466885321366,,,
