entity,state,year,births_15_44,source_url,source_table
Alabama,01,2007,64804,https://www.cdc.gov/nchs/data/nvsr/nvsr58/nvsr58_24.pdf,"NCHS final births by race and Hispanic origin, state of residence"
Alaska,02,2007,11052,https://www.cdc.gov/nchs/data/nvsr/nvsr58/nvsr58_24.pdf,"NCHS final births by race and Hispanic origin, state of residence"
Arizona,04,2007,102981,https://www.cdc.gov/nchs/data/nvsr/nvsr58/nvsr58_24.pdf,"NCHS final births by race and Hispanic origin, state of residence"
Arkansas,05,2007,41378,https://www.cdc.gov/nchs/data/nvsr/nvsr58/nvsr58_24.pdf,"NCHS final births by race and Hispanic origin, state of residence"
California,06,2007,566414,https://www.cdc.gov/nchs/data/nvsr/nvsr58/nvsr58_24.pdf,"NCHS final births by race and Hispanic origin, state of residence"
Colorado,08,2007,70809,https://www.cdc.gov/nchs/data/nvsr/nvsr58/nvsr58_24.pdf,"NCHS final births by race and Hispanic origin, state of residence"
Connecticut,09,2007,41660,https://www.cdc.gov/nchs/data/nvsr/nvsr58/nvsr58_24.pdf,"NCHS final births by race and Hispanic origin, state of residence"
Delaware,10,2007,12170,https://www.cdc.gov/nchs/data/nvsr/nvsr58/nvsr58_24.pdf,"NCHS final births by race and Hispanic origin, state of residence"
District of Columbia,11,2007,8864,https://www.cdc.gov/nchs/data/nvsr/nvsr58/nvsr58_24.pdf,"NCHS final births by race and Hispanic origin, state of residence"
Florida,12,2007,239165,https://www.cdc.gov/nchs/data/nvsr/nvsr58/nvsr58_24.pdf,"NCHS final births by race and Hispanic origin, state of residence"
Georgia,13,2007,151137,https://www.cdc.gov/nchs/data/nvsr/nvsr58/nvsr58_24.pdf,"NCHS final births by race and Hispanic origin, state of residence"
Hawaii,15,2007,19134,https://www.cdc.gov/nchs/data/nvsr/nvsr58/nvsr58_24.pdf,"NCHS final births by race and Hispanic origin, state of residence"
Idaho,16,2007,25019,https://www.cdc.gov/nchs/data/nvsr/nvsr58/nvsr58_24.pdf,"NCHS final births by race and Hispanic origin, state of residence"
Illinois,17,2007,180836,https://www.cdc.gov/nchs/data/nvsr/nvsr58/nvsr58_24.pdf,"NCHS final births by race and Hispanic origin, state of residence"
Indiana,18,2007,89864,https://www.cdc.gov/nchs/data/nvsr/nvsr58/nvsr58_24.pdf,"NCHS final births by race and Hispanic origin, state of residence"
Iowa,19,2007,40886,https://www.cdc.gov/nchs/data/nvsr/nvsr58/nvsr58_24.pdf,"NCHS final births by race and Hispanic origin, state of residence"
Kansas,20,2007,42004,https://www.cdc.gov/nchs/data/nvsr/nvsr58/nvsr58_24.pdf,"NCHS final births by race and Hispanic origin, state of residence"
Kentucky,21,2007,59368,https://www.cdc.gov/nchs/data/nvsr/nvsr58/nvsr58_24.pdf,"NCHS final births by race and Hispanic origin, state of residence"
Louisiana,22,2007,66301,https://www.cdc.gov/nchs/data/nvsr/nvsr58/nvsr58_24.pdf,"NCHS final births by race and Hispanic origin, state of residence"
Maine,23,2007,14120,https://www.cdc.gov/nchs/data/nvsr/nvsr58/nvsr58_24.pdf,"NCHS final births by race and Hispanic origin, state of residence"
Maryland,24,2007,78095,https://www.cdc.gov/nchs/data/nvsr/nvsr58/nvsr58_24.pdf,"NCHS final births by race and Hispanic origin, state of residence"
Massachusetts,25,2007,77967,https://www.cdc.gov/nchs/data/nvsr/nvsr58/nvsr58_24.pdf,"NCHS final births by race and Hispanic origin, state of residence"
Michigan,26,2007,125261,https://www.cdc.gov/nchs/data/nvsr/nvsr58/nvsr58_24.pdf,"NCHS final births by race and Hispanic origin, state of residence"
Minnesota,27,2007,73735,https://www.cdc.gov/nchs/data/nvsr/nvsr58/nvsr58_24.pdf,"NCHS final births by race and Hispanic origin, state of residence"
Mississippi,28,2007,46491,https://www.cdc.gov/nchs/data/nvsr/nvsr58/nvsr58_24.pdf,"NCHS final births by race and Hispanic origin, state of residence"
Missouri,29,2007,81930,https://www.cdc.gov/nchs/data/nvsr/nvsr58/nvsr58_24.pdf,"NCHS final births by race and Hispanic origin, state of residence"
Montana,30,2007,12439,https://www.cdc.gov/nchs/data/nvsr/nvsr58/nvsr58_24.pdf,"NCHS final births by race and Hispanic origin, state of residence"
Nebraska,31,2007,26934,https://www.cdc.gov/nchs/data/nvsr/nvsr58/nvsr58_24.pdf,"NCHS final births by race and Hispanic origin, state of residence"
Nevada,32,2007,41181,https://www.cdc.gov/nchs/data/nvsr/nvsr58/nvsr58_24.pdf,"NCHS final births by race and Hispanic origin, state of residence"
New Hampshire,33,2007,14168,https://www.cdc.gov/nchs/data/nvsr/nvsr58/nvsr58_24.pdf,"NCHS final births by race and Hispanic origin, state of residence"
New Jersey,34,2007,116063,https://www.cdc.gov/nchs/data/nvsr/nvsr58/nvsr58_24.pdf,"NCHS final births by race and Hispanic origin, state of residence"
New Mexico,35,2007,30616,https://www.cdc.gov/nchs/data/nvsr/nvsr58/nvsr58_24.pdf,"NCHS final births by race and Hispanic origin, state of residence"
New York,36,2007,253451,https://www.cdc.gov/nchs/data/nvsr/nvsr58/nvsr58_24.pdf,"NCHS final births by race and Hispanic origin, state of residence"
North Carolina,37,2007,131037,https://www.cdc.gov/nchs/data/nvsr/nvsr58/nvsr58_24.pdf,"NCHS final births by race and Hispanic origin, state of residence"
North Dakota,38,2007,8840,https://www.cdc.gov/nchs/data/nvsr/nvsr58/nvsr58_24.pdf,"NCHS final births by race and Hispanic origin, state of residence"
Ohio,39,2007,150879,https://www.cdc.gov/nchs/data/nvsr/nvsr58/nvsr58_24.pdf,"NCHS final births by race and Hispanic origin, state of residence"
Oklahoma,40,2007,55065,https://www.cdc.gov/nchs/data/nvsr/nvsr58/nvsr58_24.pdf,"NCHS final births by race and Hispanic origin, state of residence"
Oregon,41,2007,49378,https://www.cdc.gov/nchs/data/nvsr/nvsr58/nvsr58_24.pdf,"NCHS final births by race and Hispanic origin, state of residence"
Pennsylvania,42,2007,150713,https://www.cdc.gov/nchs/data/nvsr/nvsr58/nvsr58_24.pdf,"NCHS final births by race and Hispanic origin, state of residence"
Rhode Island,44,2007,12376,https://www.cdc.gov/nchs/data/nvsr/nvsr58/nvsr58_24.pdf,"NCHS final births by race and Hispanic origin, state of residence"
South Carolina,45,2007,62875,https://www.cdc.gov/nchs/data/nvsr/nvsr58/nvsr58_24.pdf,"NCHS final births by race and Hispanic origin, state of residence"
South Dakota,46,2007,12261,https://www.cdc.gov/nchs/data/nvsr/nvsr58/nvsr58_24.pdf,"NCHS final births by race and Hispanic origin, state of residence"
Tennessee,47,2007,86711,https://www.cdc.gov/nchs/data/nvsr/nvsr58/nvsr58_24.pdf,"NCHS final births by race and Hispanic origin, state of residence"
Texas,48,2007,407625,https://www.cdc.gov/nchs/data/nvsr/nvsr58/nvsr58_24.pdf,"NCHS final births by race and Hispanic origin, state of residence"
Utah,49,2007,55130,https://www.cdc.gov/nchs/data/nvsr/nvsr58/nvsr58_24.pdf,"NCHS final births by race and Hispanic origin, state of residence"
Vermont,50,2007,6513,https://www.cdc.gov/nchs/data/nvsr/nvsr58/nvsr58_24.pdf,"NCHS final births by race and Hispanic origin, state of residence"
Virginia,51,2007,108884,https://www.cdc.gov/nchs/data/nvsr/nvsr58/nvsr58_24.pdf,"NCHS final births by race and Hispanic origin, state of residence"
Washington,53,2007,88978,https://www.cdc.gov/nchs/data/nvsr/nvsr58/nvsr58_24.pdf,"NCHS final births by race and Hispanic origin, state of residence"
West Virginia,54,2007,21994,https://www.cdc.gov/nchs/data/nvsr/nvsr58/nvsr58_24.pdf,"NCHS final births by race and Hispanic origin, state of residence"
Wisconsin,55,2007,72784,https://www.cdc.gov/nchs/data/nvsr/nvsr58/nvsr58_24.pdf,"NCHS final births by race and Hispanic origin, state of residence"
Wyoming,56,2007,7893,https://www.cdc.gov/nchs/data/nvsr/nvsr58/nvsr58_24.pdf,"NCHS final births by race and Hispanic origin, state of residence"
Alabama,01,2008,64546,https://www.cdc.gov/nchs/data/nvsr/nvsr59/nvsr59_01.pdf,"NCHS final births by race and Hispanic origin, state of residence"
Alaska,02,2008,11442,https://www.cdc.gov/nchs/data/nvsr/nvsr59/nvsr59_01.pdf,"NCHS final births by race and Hispanic origin, state of residence"
Arizona,04,2008,99442,https://www.cdc.gov/nchs/data/nvsr/nvsr59/nvsr59_01.pdf,"NCHS final births by race and Hispanic origin, state of residence"
Arkansas,05,2008,40669,https://www.cdc.gov/nchs/data/nvsr/nvsr59/nvsr59_01.pdf,"NCHS final births by race and Hispanic origin, state of residence"
California,06,2008,551779,https://www.cdc.gov/nchs/data/nvsr/nvsr59/nvsr59_01.pdf,"NCHS final births by race and Hispanic origin, state of residence"
Colorado,08,2008,70031,https://www.cdc.gov/nchs/data/nvsr/nvsr59/nvsr59_01.pdf,"NCHS final births by race and Hispanic origin, state of residence"
Connecticut,09,2008,40399,https://www.cdc.gov/nchs/data/nvsr/nvsr59/nvsr59_01.pdf,"NCHS final births by race and Hispanic origin, state of residence"
Delaware,10,2008,12090,https://www.cdc.gov/nchs/data/nvsr/nvsr59/nvsr59_01.pdf,"NCHS final births by race and Hispanic origin, state of residence"
District of Columbia,11,2008,9130,https://www.cdc.gov/nchs/data/nvsr/nvsr59/nvsr59_01.pdf,"NCHS final births by race and Hispanic origin, state of residence"
Florida,12,2008,231445,https://www.cdc.gov/nchs/data/nvsr/nvsr59/nvsr59_01.pdf,"NCHS final births by race and Hispanic origin, state of residence"
Georgia,13,2008,146603,https://www.cdc.gov/nchs/data/nvsr/nvsr59/nvsr59_01.pdf,"NCHS final births by race and Hispanic origin, state of residence"
Hawaii,15,2008,19484,https://www.cdc.gov/nchs/data/nvsr/nvsr59/nvsr59_01.pdf,"NCHS final births by race and Hispanic origin, state of residence"
Idaho,16,2008,25149,https://www.cdc.gov/nchs/data/nvsr/nvsr59/nvsr59_01.pdf,"NCHS final births by race and Hispanic origin, state of residence"
Illinois,17,2008,176795,https://www.cdc.gov/nchs/data/nvsr/nvsr59/nvsr59_01.pdf,"NCHS final births by race and Hispanic origin, state of residence"
Indiana,18,2008,88742,https://www.cdc.gov/nchs/data/nvsr/nvsr59/nvsr59_01.pdf,"NCHS final births by race and Hispanic origin, state of residence"
Iowa,19,2008,40224,https://www.cdc.gov/nchs/data/nvsr/nvsr59/nvsr59_01.pdf,"NCHS final births by race and Hispanic origin, state of residence"
Kansas,20,2008,41833,https://www.cdc.gov/nchs/data/nvsr/nvsr59/nvsr59_01.pdf,"NCHS final births by race and Hispanic origin, state of residence"
Kentucky,21,2008,58375,https://www.cdc.gov/nchs/data/nvsr/nvsr59/nvsr59_01.pdf,"NCHS final births by race and Hispanic origin, state of residence"
Louisiana,22,2008,65268,https://www.cdc.gov/nchs/data/nvsr/nvsr59/nvsr59_01.pdf,"NCHS final births by race and Hispanic origin, state of residence"
Maine,23,2008,13609,https://www.cdc.gov/nchs/data/nvsr/nvsr59/nvsr59_01.pdf,"NCHS final births by race and Hispanic origin, state of residence"
Maryland,24,2008,77289,https://www.cdc.gov/nchs/data/nvsr/nvsr59/nvsr59_01.pdf,"NCHS final births by race and Hispanic origin, state of residence"
Massachusetts,25,2008,77022,https://www.cdc.gov/nchs/data/nvsr/nvsr59/nvsr59_01.pdf,"NCHS final births by race and Hispanic origin, state of residence"
Michigan,26,2008,121127,https://www.cdc.gov/nchs/data/nvsr/nvsr59/nvsr59_01.pdf,"NCHS final births by race and Hispanic origin, state of residence"
Minnesota,27,2008,72421,https://www.cdc.gov/nchs/data/nvsr/nvsr59/nvsr59_01.pdf,"NCHS final births by race and Hispanic origin, state of residence"
Mississippi,28,2008,44947,https://www.cdc.gov/nchs/data/nvsr/nvsr59/nvsr59_01.pdf,"NCHS final births by race and Hispanic origin, state of residence"
Missouri,29,2008,80963,https://www.cdc.gov/nchs/data/nvsr/nvsr59/nvsr59_01.pdf,"NCHS final births by race and Hispanic origin, state of residence"
Montana,30,2008,12594,https://www.cdc.gov/nchs/data/nvsr/nvsr59/nvsr59_01.pdf,"NCHS final births by race and Hispanic origin, state of residence"
Nebraska,31,2008,26989,https://www.cdc.gov/nchs/data/nvsr/nvsr59/nvsr59_01.pdf,"NCHS final births by race and Hispanic origin, state of residence"
Nevada,32,2008,39506,https://www.cdc.gov/nchs/data/nvsr/nvsr59/nvsr59_01.pdf,"NCHS final births by race and Hispanic origin, state of residence"
New Hampshire,33,2008,13683,https://www.cdc.gov/nchs/data/nvsr/nvsr59/nvsr59_01.pdf,"NCHS final births by race and Hispanic origin, state of residence"
New Jersey,34,2008,112710,https://www.cdc.gov/nchs/data/nvsr/nvsr59/nvsr59_01.pdf,"NCHS final births by race and Hispanic origin, state of residence"
New Mexico,35,2008,30173,https://www.cdc.gov/nchs/data/nvsr/nvsr59/nvsr59_01.pdf,"NCHS final births by race and Hispanic origin, state of residence"
New York,36,2008,250383,https://www.cdc.gov/nchs/data/nvsr/nvsr59/nvsr59_01.pdf,"NCHS final births by race and Hispanic origin, state of residence"
North Carolina,37,2008,130839,https://www.cdc.gov/nchs/data/nvsr/nvsr59/nvsr59_01.pdf,"NCHS final births by race and Hispanic origin, state of residence"
North Dakota,38,2008,8938,https://www.cdc.gov/nchs/data/nvsr/nvsr59/nvsr59_01.pdf,"NCHS final births by race and Hispanic origin, state of residence"
Ohio,39,2008,148821,https://www.cdc.gov/nchs/data/nvsr/nvsr59/nvsr59_01.pdf,"NCHS final births by race and Hispanic origin, state of residence"
Oklahoma,40,2008,54781,https://www.cdc.gov/nchs/data/nvsr/nvsr59/nvsr59_01.pdf,"NCHS final births by race and Hispanic origin, state of residence"
Oregon,41,2008,49096,https://www.cdc.gov/nchs/data/nvsr/nvsr59/nvsr59_01.pdf,"NCHS final births by race and Hispanic origin, state of residence"
Pennsylvania,42,2008,149273,https://www.cdc.gov/nchs/data/nvsr/nvsr59/nvsr59_01.pdf,"NCHS final births by race and Hispanic origin, state of residence"
Rhode Island,44,2008,12048,https://www.cdc.gov/nchs/data/nvsr/nvsr59/nvsr59_01.pdf,"NCHS final births by race and Hispanic origin, state of residence"
South Carolina,45,2008,63071,https://www.cdc.gov/nchs/data/nvsr/nvsr59/nvsr59_01.pdf,"NCHS final births by race and Hispanic origin, state of residence"
South Dakota,46,2008,12071,https://www.cdc.gov/nchs/data/nvsr/nvsr59/nvsr59_01.pdf,"NCHS final births by race and Hispanic origin, state of residence"
Tennessee,47,2008,85560,https://www.cdc.gov/nchs/data/nvsr/nvsr59/nvsr59_01.pdf,"NCHS final births by race and Hispanic origin, state of residence"
Texas,48,2008,405554,https://www.cdc.gov/nchs/data/nvsr/nvsr59/nvsr59_01.pdf,"NCHS final births by race and Hispanic origin, state of residence"
Utah,49,2008,55634,https://www.cdc.gov/nchs/data/nvsr/nvsr59/nvsr59_01.pdf,"NCHS final births by race and Hispanic origin, state of residence"
Vermont,50,2008,6339,https://www.cdc.gov/nchs/data/nvsr/nvsr59/nvsr59_01.pdf,"NCHS final births by race and Hispanic origin, state of residence"
Virginia,51,2008,106686,https://www.cdc.gov/nchs/data/nvsr/nvsr59/nvsr59_01.pdf,"NCHS final births by race and Hispanic origin, state of residence"
Washington,53,2008,90321,https://www.cdc.gov/nchs/data/nvsr/nvsr59/nvsr59_01.pdf,"NCHS final births by race and Hispanic origin, state of residence"
West Virginia,54,2008,21501,https://www.cdc.gov/nchs/data/nvsr/nvsr59/nvsr59_01.pdf,"NCHS final births by race and Hispanic origin, state of residence"
Wisconsin,55,2008,72261,https://www.cdc.gov/nchs/data/nvsr/nvsr59/nvsr59_01.pdf,"NCHS final births by race and Hispanic origin, state of residence"
Wyoming,56,2008,8038,https://www.cdc.gov/nchs/data/nvsr/nvsr59/nvsr59_01.pdf,"NCHS final births by race and Hispanic origin, state of residence"
Alabama,01,2009,62475,https://www.cdc.gov/nchs/data/nvsr/nvsr60/nvsr60_01.pdf,"NCHS final births by race and Hispanic origin, state of residence"
Alaska,02,2009,11324,https://www.cdc.gov/nchs/data/nvsr/nvsr60/nvsr60_01.pdf,"NCHS final births by race and Hispanic origin, state of residence"
Arizona,04,2009,92798,https://www.cdc.gov/nchs/data/nvsr/nvsr60/nvsr60_01.pdf,"NCHS final births by race and Hispanic origin, state of residence"
Arkansas,05,2009,39808,https://www.cdc.gov/nchs/data/nvsr/nvsr60/nvsr60_01.pdf,"NCHS final births by race and Hispanic origin, state of residence"
California,06,2009,527020,https://www.cdc.gov/nchs/data/nvsr/nvsr60/nvsr60_01.pdf,"NCHS final births by race and Hispanic origin, state of residence"
Colorado,08,2009,68628,https://www.cdc.gov/nchs/data/nvsr/nvsr60/nvsr60_01.pdf,"NCHS final births by race and Hispanic origin, state of residence"
Connecticut,09,2009,38896,https://www.cdc.gov/nchs/data/nvsr/nvsr60/nvsr60_01.pdf,"NCHS final births by race and Hispanic origin, state of residence"
Delaware,10,2009,11559,https://www.cdc.gov/nchs/data/nvsr/nvsr60/nvsr60_01.pdf,"NCHS final births by race and Hispanic origin, state of residence"
District of Columbia,11,2009,9040,https://www.cdc.gov/nchs/data/nvsr/nvsr60/nvsr60_01.pdf,"NCHS final births by race and Hispanic origin, state of residence"
Florida,12,2009,221394,https://www.cdc.gov/nchs/data/nvsr/nvsr60/nvsr60_01.pdf,"NCHS final births by race and Hispanic origin, state of residence"
Georgia,13,2009,141377,https://www.cdc.gov/nchs/data/nvsr/nvsr60/nvsr60_01.pdf,"NCHS final births by race and Hispanic origin, state of residence"
Hawaii,15,2009,18887,https://www.cdc.gov/nchs/data/nvsr/nvsr60/nvsr60_01.pdf,"NCHS final births by race and Hispanic origin, state of residence"
Idaho,16,2009,23737,https://www.cdc.gov/nchs/data/nvsr/nvsr60/nvsr60_01.pdf,"NCHS final births by race and Hispanic origin, state of residence"
Illinois,17,2009,171163,https://www.cdc.gov/nchs/data/nvsr/nvsr60/nvsr60_01.pdf,"NCHS final births by race and Hispanic origin, state of residence"
Indiana,18,2009,86673,https://www.cdc.gov/nchs/data/nvsr/nvsr60/nvsr60_01.pdf,"NCHS final births by race and Hispanic origin, state of residence"
Iowa,19,2009,39701,https://www.cdc.gov/nchs/data/nvsr/nvsr60/nvsr60_01.pdf,"NCHS final births by race and Hispanic origin, state of residence"
Kansas,20,2009,41396,https://www.cdc.gov/nchs/data/nvsr/nvsr60/nvsr60_01.pdf,"NCHS final births by race and Hispanic origin, state of residence"
Kentucky,21,2009,57551,https://www.cdc.gov/nchs/data/nvsr/nvsr60/nvsr60_01.pdf,"NCHS final births by race and Hispanic origin, state of residence"
Louisiana,22,2009,64973,https://www.cdc.gov/nchs/data/nvsr/nvsr60/nvsr60_01.pdf,"NCHS final births by race and Hispanic origin, state of residence"
Maine,23,2009,13470,https://www.cdc.gov/nchs/data/nvsr/nvsr60/nvsr60_01.pdf,"NCHS final births by race and Hispanic origin, state of residence"
Maryland,24,2009,75059,https://www.cdc.gov/nchs/data/nvsr/nvsr60/nvsr60_01.pdf,"NCHS final births by race and Hispanic origin, state of residence"
Massachusetts,25,2009,75016,https://www.cdc.gov/nchs/data/nvsr/nvsr60/nvsr60_01.pdf,"NCHS final births by race and Hispanic origin, state of residence"
Michigan,26,2009,117294,https://www.cdc.gov/nchs/data/nvsr/nvsr60/nvsr60_01.pdf,"NCHS final births by race and Hispanic origin, state of residence"
Minnesota,27,2009,70646,https://www.cdc.gov/nchs/data/nvsr/nvsr60/nvsr60_01.pdf,"NCHS final births by race and Hispanic origin, state of residence"
Mississippi,28,2009,42901,https://www.cdc.gov/nchs/data/nvsr/nvsr60/nvsr60_01.pdf,"NCHS final births by race and Hispanic origin, state of residence"
Missouri,29,2009,78905,https://www.cdc.gov/nchs/data/nvsr/nvsr60/nvsr60_01.pdf,"NCHS final births by race and Hispanic origin, state of residence"
Montana,30,2009,12257,https://www.cdc.gov/nchs/data/nvsr/nvsr60/nvsr60_01.pdf,"NCHS final births by race and Hispanic origin, state of residence"
Nebraska,31,2009,26936,https://www.cdc.gov/nchs/data/nvsr/nvsr60/nvsr60_01.pdf,"NCHS final births by race and Hispanic origin, state of residence"
Nevada,32,2009,37612,https://www.cdc.gov/nchs/data/nvsr/nvsr60/nvsr60_01.pdf,"NCHS final births by race and Hispanic origin, state of residence"
New Hampshire,33,2009,13377,https://www.cdc.gov/nchs/data/nvsr/nvsr60/nvsr60_01.pdf,"NCHS final births by race and Hispanic origin, state of residence"
New Jersey,34,2009,110331,https://www.cdc.gov/nchs/data/nvsr/nvsr60/nvsr60_01.pdf,"NCHS final births by race and Hispanic origin, state of residence"
New Mexico,35,2009,29000,https://www.cdc.gov/nchs/data/nvsr/nvsr60/nvsr60_01.pdf,"NCHS final births by race and Hispanic origin, state of residence"
New York,36,2009,248110,https://www.cdc.gov/nchs/data/nvsr/nvsr60/nvsr60_01.pdf,"NCHS final births by race and Hispanic origin, state of residence"
North Carolina,37,2009,126845,https://www.cdc.gov/nchs/data/nvsr/nvsr60/nvsr60_01.pdf,"NCHS final births by race and Hispanic origin, state of residence"
North Dakota,38,2009,9001,https://www.cdc.gov/nchs/data/nvsr/nvsr60/nvsr60_01.pdf,"NCHS final births by race and Hispanic origin, state of residence"
Ohio,39,2009,144841,https://www.cdc.gov/nchs/data/nvsr/nvsr60/nvsr60_01.pdf,"NCHS final births by race and Hispanic origin, state of residence"
Oklahoma,40,2009,54553,https://www.cdc.gov/nchs/data/nvsr/nvsr60/nvsr60_01.pdf,"NCHS final births by race and Hispanic origin, state of residence"
Oregon,41,2009,47132,https://www.cdc.gov/nchs/data/nvsr/nvsr60/nvsr60_01.pdf,"NCHS final births by race and Hispanic origin, state of residence"
Pennsylvania,42,2009,146434,https://www.cdc.gov/nchs/data/nvsr/nvsr60/nvsr60_01.pdf,"NCHS final births by race and Hispanic origin, state of residence"
Rhode Island,44,2009,11442,https://www.cdc.gov/nchs/data/nvsr/nvsr60/nvsr60_01.pdf,"NCHS final births by race and Hispanic origin, state of residence"
South Carolina,45,2009,60620,https://www.cdc.gov/nchs/data/nvsr/nvsr60/nvsr60_01.pdf,"NCHS final births by race and Hispanic origin, state of residence"
South Dakota,46,2009,11934,https://www.cdc.gov/nchs/data/nvsr/nvsr60/nvsr60_01.pdf,"NCHS final births by race and Hispanic origin, state of residence"
Tennessee,47,2009,82211,https://www.cdc.gov/nchs/data/nvsr/nvsr60/nvsr60_01.pdf,"NCHS final births by race and Hispanic origin, state of residence"
Texas,48,2009,401977,https://www.cdc.gov/nchs/data/nvsr/nvsr60/nvsr60_01.pdf,"NCHS final births by race and Hispanic origin, state of residence"
Utah,49,2009,53887,https://www.cdc.gov/nchs/data/nvsr/nvsr60/nvsr60_01.pdf,"NCHS final births by race and Hispanic origin, state of residence"
Vermont,50,2009,6110,https://www.cdc.gov/nchs/data/nvsr/nvsr60/nvsr60_01.pdf,"NCHS final births by race and Hispanic origin, state of residence"
Virginia,51,2009,105059,https://www.cdc.gov/nchs/data/nvsr/nvsr60/nvsr60_01.pdf,"NCHS final births by race and Hispanic origin, state of residence"
Washington,53,2009,89313,https://www.cdc.gov/nchs/data/nvsr/nvsr60/nvsr60_01.pdf,"NCHS final births by race and Hispanic origin, state of residence"
West Virginia,54,2009,21268,https://www.cdc.gov/nchs/data/nvsr/nvsr60/nvsr60_01.pdf,"NCHS final births by race and Hispanic origin, state of residence"
Wisconsin,55,2009,70843,https://www.cdc.gov/nchs/data/nvsr/nvsr60/nvsr60_01.pdf,"NCHS final births by race and Hispanic origin, state of residence"
Wyoming,56,2009,7881,https://www.cdc.gov/nchs/data/nvsr/nvsr60/nvsr60_01.pdf,"NCHS final births by race and Hispanic origin, state of residence"
Alabama,01,2010,60050,https://www.cdc.gov/nchs/data/nvsr/nvsr61/nvsr61_01.pdf,"NCHS final births by race and Hispanic origin, state of residence"
Alaska,02,2010,11471,https://www.cdc.gov/nchs/data/nvsr/nvsr61/nvsr61_01.pdf,"NCHS final births by race and Hispanic origin, state of residence"
Arizona,04,2010,87477,https://www.cdc.gov/nchs/data/nvsr/nvsr61/nvsr61_01.pdf,"NCHS final births by race and Hispanic origin, state of residence"
Arkansas,05,2010,38540,https://www.cdc.gov/nchs/data/nvsr/nvsr61/nvsr61_01.pdf,"NCHS final births by race and Hispanic origin, state of residence"
California,06,2010,510198,https://www.cdc.gov/nchs/data/nvsr/nvsr61/nvsr61_01.pdf,"NCHS final births by race and Hispanic origin, state of residence"
Colorado,08,2010,66355,https://www.cdc.gov/nchs/data/nvsr/nvsr61/nvsr61_01.pdf,"NCHS final births by race and Hispanic origin, state of residence"
Connecticut,09,2010,37708,https://www.cdc.gov/nchs/data/nvsr/nvsr61/nvsr61_01.pdf,"NCHS final births by race and Hispanic origin, state of residence"
Delaware,10,2010,11364,https://www.cdc.gov/nchs/data/nvsr/nvsr61/nvsr61_01.pdf,"NCHS final births by race and Hispanic origin, state of residence"
District of Columbia,11,2010,9165,https://www.cdc.gov/nchs/data/nvsr/nvsr61/nvsr61_01.pdf,"NCHS final births by race and Hispanic origin, state of residence"
Florida,12,2010,214590,https://www.cdc.gov/nchs/data/nvsr/nvsr61/nvsr61_01.pdf,"NCHS final births by race and Hispanic origin, state of residence"
Georgia,13,2010,133947,https://www.cdc.gov/nchs/data/nvsr/nvsr61/nvsr61_01.pdf,"NCHS final births by race and Hispanic origin, state of residence"
Hawaii,15,2010,18988,https://www.cdc.gov/nchs/data/nvsr/nvsr61/nvsr61_01.pdf,"NCHS final births by race and Hispanic origin, state of residence"
Idaho,16,2010,23198,https://www.cdc.gov/nchs/data/nvsr/nvsr61/nvsr61_01.pdf,"NCHS final births by race and Hispanic origin, state of residence"
Illinois,17,2010,165200,https://www.cdc.gov/nchs/data/nvsr/nvsr61/nvsr61_01.pdf,"NCHS final births by race and Hispanic origin, state of residence"
Indiana,18,2010,83940,https://www.cdc.gov/nchs/data/nvsr/nvsr61/nvsr61_01.pdf,"NCHS final births by race and Hispanic origin, state of residence"
Iowa,19,2010,38719,https://www.cdc.gov/nchs/data/nvsr/nvsr61/nvsr61_01.pdf,"NCHS final births by race and Hispanic origin, state of residence"
Kansas,20,2010,40649,https://www.cdc.gov/nchs/data/nvsr/nvsr61/nvsr61_01.pdf,"NCHS final births by race and Hispanic origin, state of residence"
Kentucky,21,2010,55784,https://www.cdc.gov/nchs/data/nvsr/nvsr61/nvsr61_01.pdf,"NCHS final births by race and Hispanic origin, state of residence"
Louisiana,22,2010,62379,https://www.cdc.gov/nchs/data/nvsr/nvsr61/nvsr61_01.pdf,"NCHS final births by race and Hispanic origin, state of residence"
Maine,23,2010,12970,https://www.cdc.gov/nchs/data/nvsr/nvsr61/nvsr61_01.pdf,"NCHS final births by race and Hispanic origin, state of residence"
Maryland,24,2010,73801,https://www.cdc.gov/nchs/data/nvsr/nvsr61/nvsr61_01.pdf,"NCHS final births by race and Hispanic origin, state of residence"
Massachusetts,25,2010,72865,https://www.cdc.gov/nchs/data/nvsr/nvsr61/nvsr61_01.pdf,"NCHS final births by race and Hispanic origin, state of residence"
Michigan,26,2010,114531,https://www.cdc.gov/nchs/data/nvsr/nvsr61/nvsr61_01.pdf,"NCHS final births by race and Hispanic origin, state of residence"
Minnesota,27,2010,68610,https://www.cdc.gov/nchs/data/nvsr/nvsr61/nvsr61_01.pdf,"NCHS final births by race and Hispanic origin, state of residence"
Mississippi,28,2010,40036,https://www.cdc.gov/nchs/data/nvsr/nvsr61/nvsr61_01.pdf,"NCHS final births by race and Hispanic origin, state of residence"
Missouri,29,2010,76759,https://www.cdc.gov/nchs/data/nvsr/nvsr61/nvsr61_01.pdf,"NCHS final births by race and Hispanic origin, state of residence"
Montana,30,2010,12060,https://www.cdc.gov/nchs/data/nvsr/nvsr61/nvsr61_01.pdf,"NCHS final births by race and Hispanic origin, state of residence"
Nebraska,31,2010,25918,https://www.cdc.gov/nchs/data/nvsr/nvsr61/nvsr61_01.pdf,"NCHS final births by race and Hispanic origin, state of residence"
Nevada,32,2010,35934,https://www.cdc.gov/nchs/data/nvsr/nvsr61/nvsr61_01.pdf,"NCHS final births by race and Hispanic origin, state of residence"
New Hampshire,33,2010,12874,https://www.cdc.gov/nchs/data/nvsr/nvsr61/nvsr61_01.pdf,"NCHS final births by race and Hispanic origin, state of residence"
New Jersey,34,2010,106922,https://www.cdc.gov/nchs/data/nvsr/nvsr61/nvsr61_01.pdf,"NCHS final births by race and Hispanic origin, state of residence"
New Mexico,35,2010,27850,https://www.cdc.gov/nchs/data/nvsr/nvsr61/nvsr61_01.pdf,"NCHS final births by race and Hispanic origin, state of residence"
New York,36,2010,244375,https://www.cdc.gov/nchs/data/nvsr/nvsr61/nvsr61_01.pdf,"NCHS final births by race and Hispanic origin, state of residence"
North Carolina,37,2010,122350,https://www.cdc.gov/nchs/data/nvsr/nvsr61/nvsr61_01.pdf,"NCHS final births by race and Hispanic origin, state of residence"
North Dakota,38,2010,9104,https://www.cdc.gov/nchs/data/nvsr/nvsr61/nvsr61_01.pdf,"NCHS final births by race and Hispanic origin, state of residence"
Ohio,39,2010,139128,https://www.cdc.gov/nchs/data/nvsr/nvsr61/nvsr61_01.pdf,"NCHS final births by race and Hispanic origin, state of residence"
Oklahoma,40,2010,53238,https://www.cdc.gov/nchs/data/nvsr/nvsr61/nvsr61_01.pdf,"NCHS final births by race and Hispanic origin, state of residence"
Oregon,41,2010,45540,https://www.cdc.gov/nchs/data/nvsr/nvsr61/nvsr61_01.pdf,"NCHS final births by race and Hispanic origin, state of residence"
Pennsylvania,42,2010,143321,https://www.cdc.gov/nchs/data/nvsr/nvsr61/nvsr61_01.pdf,"NCHS final births by race and Hispanic origin, state of residence"
Rhode Island,44,2010,11177,https://www.cdc.gov/nchs/data/nvsr/nvsr61/nvsr61_01.pdf,"NCHS final births by race and Hispanic origin, state of residence"
South Carolina,45,2010,58342,https://www.cdc.gov/nchs/data/nvsr/nvsr61/nvsr61_01.pdf,"NCHS final births by race and Hispanic origin, state of residence"
South Dakota,46,2010,11811,https://www.cdc.gov/nchs/data/nvsr/nvsr61/nvsr61_01.pdf,"NCHS final births by race and Hispanic origin, state of residence"
Tennessee,47,2010,79495,https://www.cdc.gov/nchs/data/nvsr/nvsr61/nvsr61_01.pdf,"NCHS final births by race and Hispanic origin, state of residence"
Texas,48,2010,386118,https://www.cdc.gov/nchs/data/nvsr/nvsr61/nvsr61_01.pdf,"NCHS final births by race and Hispanic origin, state of residence"
Utah,49,2010,52258,https://www.cdc.gov/nchs/data/nvsr/nvsr61/nvsr61_01.pdf,"NCHS final births by race and Hispanic origin, state of residence"
Vermont,50,2010,6223,https://www.cdc.gov/nchs/data/nvsr/nvsr61/nvsr61_01.pdf,"NCHS final births by race and Hispanic origin, state of residence"
Virginia,51,2010,103002,https://www.cdc.gov/nchs/data/nvsr/nvsr61/nvsr61_01.pdf,"NCHS final births by race and Hispanic origin, state of residence"
Washington,53,2010,86539,https://www.cdc.gov/nchs/data/nvsr/nvsr61/nvsr61_01.pdf,"NCHS final births by race and Hispanic origin, state of residence"
West Virginia,54,2010,20470,https://www.cdc.gov/nchs/data/nvsr/nvsr61/nvsr61_01.pdf,"NCHS final births by race and Hispanic origin, state of residence"
Wisconsin,55,2010,68487,https://www.cdc.gov/nchs/data/nvsr/nvsr61/nvsr61_01.pdf,"NCHS final births by race and Hispanic origin, state of residence"
Wyoming,56,2010,7556,https://www.cdc.gov/nchs/data/nvsr/nvsr61/nvsr61_01.pdf,"NCHS final births by race and Hispanic origin, state of residence"
Alabama,01,2011,59354,https://www.cdc.gov/nchs/data/nvsr/nvsr62/nvsr62_01.pdf,"NCHS final births by race and Hispanic origin, state of residence"
Alaska,02,2011,11456,https://www.cdc.gov/nchs/data/nvsr/nvsr62/nvsr62_01.pdf,"NCHS final births by race and Hispanic origin, state of residence"
Arizona,04,2011,85543,https://www.cdc.gov/nchs/data/nvsr/nvsr62/nvsr62_01.pdf,"NCHS final births by race and Hispanic origin, state of residence"
Arkansas,05,2011,38715,https://www.cdc.gov/nchs/data/nvsr/nvsr62/nvsr62_01.pdf,"NCHS final births by race and Hispanic origin, state of residence"
California,06,2011,502120,https://www.cdc.gov/nchs/data/nvsr/nvsr62/nvsr62_01.pdf,"NCHS final births by race and Hispanic origin, state of residence"
Colorado,08,2011,65055,https://www.cdc.gov/nchs/data/nvsr/nvsr62/nvsr62_01.pdf,"NCHS final births by race and Hispanic origin, state of residence"
Connecticut,09,2011,37281,https://www.cdc.gov/nchs/data/nvsr/nvsr62/nvsr62_01.pdf,"NCHS final births by race and Hispanic origin, state of residence"
Delaware,10,2011,11257,https://www.cdc.gov/nchs/data/nvsr/nvsr62/nvsr62_01.pdf,"NCHS final births by race and Hispanic origin, state of residence"
District of Columbia,11,2011,9295,https://www.cdc.gov/nchs/data/nvsr/nvsr62/nvsr62_01.pdf,"NCHS final births by race and Hispanic origin, state of residence"
Florida,12,2011,213414,https://www.cdc.gov/nchs/data/nvsr/nvsr62/nvsr62_01.pdf,"NCHS final births by race and Hispanic origin, state of residence"
Georgia,13,2011,132409,https://www.cdc.gov/nchs/data/nvsr/nvsr62/nvsr62_01.pdf,"NCHS final births by race and Hispanic origin, state of residence"
Hawaii,15,2011,18956,https://www.cdc.gov/nchs/data/nvsr/nvsr62/nvsr62_01.pdf,"NCHS final births by race and Hispanic origin, state of residence"
Idaho,16,2011,22305,https://www.cdc.gov/nchs/data/nvsr/nvsr62/nvsr62_01.pdf,"NCHS final births by race and Hispanic origin, state of residence"
Illinois,17,2011,161312,https://www.cdc.gov/nchs/data/nvsr/nvsr62/nvsr62_01.pdf,"NCHS final births by race and Hispanic origin, state of residence"
Indiana,18,2011,83701,https://www.cdc.gov/nchs/data/nvsr/nvsr62/nvsr62_01.pdf,"NCHS final births by race and Hispanic origin, state of residence"
Iowa,19,2011,38214,https://www.cdc.gov/nchs/data/nvsr/nvsr62/nvsr62_01.pdf,"NCHS final births by race and Hispanic origin, state of residence"
Kansas,20,2011,39642,https://www.cdc.gov/nchs/data/nvsr/nvsr62/nvsr62_01.pdf,"NCHS final births by race and Hispanic origin, state of residence"
Kentucky,21,2011,55370,https://www.cdc.gov/nchs/data/nvsr/nvsr62/nvsr62_01.pdf,"NCHS final births by race and Hispanic origin, state of residence"
Louisiana,22,2011,61888,https://www.cdc.gov/nchs/data/nvsr/nvsr62/nvsr62_01.pdf,"NCHS final births by race and Hispanic origin, state of residence"
Maine,23,2011,12704,https://www.cdc.gov/nchs/data/nvsr/nvsr62/nvsr62_01.pdf,"NCHS final births by race and Hispanic origin, state of residence"
Maryland,24,2011,73093,https://www.cdc.gov/nchs/data/nvsr/nvsr62/nvsr62_01.pdf,"NCHS final births by race and Hispanic origin, state of residence"
Massachusetts,25,2011,73166,https://www.cdc.gov/nchs/data/nvsr/nvsr62/nvsr62_01.pdf,"NCHS final births by race and Hispanic origin, state of residence"
Michigan,26,2011,114008,https://www.cdc.gov/nchs/data/nvsr/nvsr62/nvsr62_01.pdf,"NCHS final births by race and Hispanic origin, state of residence"
Minnesota,27,2011,68409,https://www.cdc.gov/nchs/data/nvsr/nvsr62/nvsr62_01.pdf,"NCHS final births by race and Hispanic origin, state of residence"
Mississippi,28,2011,39860,https://www.cdc.gov/nchs/data/nvsr/nvsr62/nvsr62_01.pdf,"NCHS final births by race and Hispanic origin, state of residence"
Missouri,29,2011,76117,https://www.cdc.gov/nchs/data/nvsr/nvsr62/nvsr62_01.pdf,"NCHS final births by race and Hispanic origin, state of residence"
Montana,30,2011,12069,https://www.cdc.gov/nchs/data/nvsr/nvsr62/nvsr62_01.pdf,"NCHS final births by race and Hispanic origin, state of residence"
Nebraska,31,2011,25720,https://www.cdc.gov/nchs/data/nvsr/nvsr62/nvsr62_01.pdf,"NCHS final births by race and Hispanic origin, state of residence"
Nevada,32,2011,35296,https://www.cdc.gov/nchs/data/nvsr/nvsr62/nvsr62_01.pdf,"NCHS final births by race and Hispanic origin, state of residence"
New Hampshire,33,2011,12851,https://www.cdc.gov/nchs/data/nvsr/nvsr62/nvsr62_01.pdf,"NCHS final births by race and Hispanic origin, state of residence"
New Jersey,34,2011,105883,https://www.cdc.gov/nchs/data/nvsr/nvsr62/nvsr62_01.pdf,"NCHS final births by race and Hispanic origin, state of residence"
New Mexico,35,2011,27289,https://www.cdc.gov/nchs/data/nvsr/nvsr62/nvsr62_01.pdf,"NCHS final births by race and Hispanic origin, state of residence"
New York,36,2011,241312,https://www.cdc.gov/nchs/data/nvsr/nvsr62/nvsr62_01.pdf,"NCHS final births by race and Hispanic origin, state of residence"
North Carolina,37,2011,120389,https://www.cdc.gov/nchs/data/nvsr/nvsr62/nvsr62_01.pdf,"NCHS final births by race and Hispanic origin, state of residence"
North Dakota,38,2011,9527,https://www.cdc.gov/nchs/data/nvsr/nvsr62/nvsr62_01.pdf,"NCHS final births by race and Hispanic origin, state of residence"
Ohio,39,2011,137918,https://www.cdc.gov/nchs/data/nvsr/nvsr62/nvsr62_01.pdf,"NCHS final births by race and Hispanic origin, state of residence"
Oklahoma,40,2011,52272,https://www.cdc.gov/nchs/data/nvsr/nvsr62/nvsr62_01.pdf,"NCHS final births by race and Hispanic origin, state of residence"
Oregon,41,2011,45155,https://www.cdc.gov/nchs/data/nvsr/nvsr62/nvsr62_01.pdf,"NCHS final births by race and Hispanic origin, state of residence"
Pennsylvania,42,2011,143178,https://www.cdc.gov/nchs/data/nvsr/nvsr62/nvsr62_01.pdf,"NCHS final births by race and Hispanic origin, state of residence"
Rhode Island,44,2011,10960,https://www.cdc.gov/nchs/data/nvsr/nvsr62/nvsr62_01.pdf,"NCHS final births by race and Hispanic origin, state of residence"
South Carolina,45,2011,57393,https://www.cdc.gov/nchs/data/nvsr/nvsr62/nvsr62_01.pdf,"NCHS final births by race and Hispanic origin, state of residence"
South Dakota,46,2011,11846,https://www.cdc.gov/nchs/data/nvsr/nvsr62/nvsr62_01.pdf,"NCHS final births by race and Hispanic origin, state of residence"
Tennessee,47,2011,79588,https://www.cdc.gov/nchs/data/nvsr/nvsr62/nvsr62_01.pdf,"NCHS final births by race and Hispanic origin, state of residence"
Texas,48,2011,377445,https://www.cdc.gov/nchs/data/nvsr/nvsr62/nvsr62_01.pdf,"NCHS final births by race and Hispanic origin, state of residence"
Utah,49,2011,51223,https://www.cdc.gov/nchs/data/nvsr/nvsr62/nvsr62_01.pdf,"NCHS final births by race and Hispanic origin, state of residence"
Vermont,50,2011,6078,https://www.cdc.gov/nchs/data/nvsr/nvsr62/nvsr62_01.pdf,"NCHS final births by race and Hispanic origin, state of residence"
Virginia,51,2011,102652,https://www.cdc.gov/nchs/data/nvsr/nvsr62/nvsr62_01.pdf,"NCHS final births by race and Hispanic origin, state of residence"
Washington,53,2011,86976,https://www.cdc.gov/nchs/data/nvsr/nvsr62/nvsr62_01.pdf,"NCHS final births by race and Hispanic origin, state of residence"
West Virginia,54,2011,20717,https://www.cdc.gov/nchs/data/nvsr/nvsr62/nvsr62_01.pdf,"NCHS final births by race and Hispanic origin, state of residence"
Wisconsin,55,2011,67810,https://www.cdc.gov/nchs/data/nvsr/nvsr62/nvsr62_01.pdf,"NCHS final births by race and Hispanic origin, state of residence"
Wyoming,56,2011,7399,https://www.cdc.gov/nchs/data/nvsr/nvsr62/nvsr62_01.pdf,"NCHS final births by race and Hispanic origin, state of residence"
Alabama,01,2012,58448,https://www.cdc.gov/nchs/data/nvsr/nvsr62/nvsr62_09.pdf,"NCHS final births by race and Hispanic origin, state of residence"
Alaska,02,2012,11187,https://www.cdc.gov/nchs/data/nvsr/nvsr62/nvsr62_09.pdf,"NCHS final births by race and Hispanic origin, state of residence"
Arizona,04,2012,86441,https://www.cdc.gov/nchs/data/nvsr/nvsr62/nvsr62_09.pdf,"NCHS final births by race and Hispanic origin, state of residence"
Arkansas,05,2012,38347,https://www.cdc.gov/nchs/data/nvsr/nvsr62/nvsr62_09.pdf,"NCHS final births by race and Hispanic origin, state of residence"
California,06,2012,503755,https://www.cdc.gov/nchs/data/nvsr/nvsr62/nvsr62_09.pdf,"NCHS final births by race and Hispanic origin, state of residence"
Colorado,08,2012,65187,https://www.cdc.gov/nchs/data/nvsr/nvsr62/nvsr62_09.pdf,"NCHS final births by race and Hispanic origin, state of residence"
Connecticut,09,2012,36539,https://www.cdc.gov/nchs/data/nvsr/nvsr62/nvsr62_09.pdf,"NCHS final births by race and Hispanic origin, state of residence"
Delaware,10,2012,11023,https://www.cdc.gov/nchs/data/nvsr/nvsr62/nvsr62_09.pdf,"NCHS final births by race and Hispanic origin, state of residence"
District of Columbia,11,2012,9399,https://www.cdc.gov/nchs/data/nvsr/nvsr62/nvsr62_09.pdf,"NCHS final births by race and Hispanic origin, state of residence"
Florida,12,2012,213148,https://www.cdc.gov/nchs/data/nvsr/nvsr62/nvsr62_09.pdf,"NCHS final births by race and Hispanic origin, state of residence"
Georgia,13,2012,130280,https://www.cdc.gov/nchs/data/nvsr/nvsr62/nvsr62_09.pdf,"NCHS final births by race and Hispanic origin, state of residence"
Hawaii,15,2012,18980,https://www.cdc.gov/nchs/data/nvsr/nvsr62/nvsr62_09.pdf,"NCHS final births by race and Hispanic origin, state of residence"
Idaho,16,2012,22963,https://www.cdc.gov/nchs/data/nvsr/nvsr62/nvsr62_09.pdf,"NCHS final births by race and Hispanic origin, state of residence"
Illinois,17,2012,159160,https://www.cdc.gov/nchs/data/nvsr/nvsr62/nvsr62_09.pdf,"NCHS final births by race and Hispanic origin, state of residence"
Indiana,18,2012,83227,https://www.cdc.gov/nchs/data/nvsr/nvsr62/nvsr62_09.pdf,"NCHS final births by race and Hispanic origin, state of residence"
Iowa,19,2012,38702,https://www.cdc.gov/nchs/data/nvsr/nvsr62/nvsr62_09.pdf,"NCHS final births by race and Hispanic origin, state of residence"
Kansas,20,2012,40341,https://www.cdc.gov/nchs/data/nvsr/nvsr62/nvsr62_09.pdf,"NCHS final births by race and Hispanic origin, state of residence"
Kentucky,21,2012,55758,https://www.cdc.gov/nchs/data/nvsr/nvsr62/nvsr62_09.pdf,"NCHS final births by race and Hispanic origin, state of residence"
Louisiana,22,2012,62642,https://www.cdc.gov/nchs/data/nvsr/nvsr62/nvsr62_09.pdf,"NCHS final births by race and Hispanic origin, state of residence"
Maine,23,2012,12798,https://www.cdc.gov/nchs/data/nvsr/nvsr62/nvsr62_09.pdf,"NCHS final births by race and Hispanic origin, state of residence"
Maryland,24,2012,72883,https://www.cdc.gov/nchs/data/nvsr/nvsr62/nvsr62_09.pdf,"NCHS final births by race and Hispanic origin, state of residence"
Massachusetts,25,2012,72439,https://www.cdc.gov/nchs/data/nvsr/nvsr62/nvsr62_09.pdf,"NCHS final births by race and Hispanic origin, state of residence"
Michigan,26,2012,113091,https://www.cdc.gov/nchs/data/nvsr/nvsr62/nvsr62_09.pdf,"NCHS final births by race and Hispanic origin, state of residence"
Minnesota,27,2012,68772,https://www.cdc.gov/nchs/data/nvsr/nvsr62/nvsr62_09.pdf,"NCHS final births by race and Hispanic origin, state of residence"
Mississippi,28,2012,38669,https://www.cdc.gov/nchs/data/nvsr/nvsr62/nvsr62_09.pdf,"NCHS final births by race and Hispanic origin, state of residence"
Missouri,29,2012,75446,https://www.cdc.gov/nchs/data/nvsr/nvsr62/nvsr62_09.pdf,"NCHS final births by race and Hispanic origin, state of residence"
Montana,30,2012,12118,https://www.cdc.gov/nchs/data/nvsr/nvsr62/nvsr62_09.pdf,"NCHS final births by race and Hispanic origin, state of residence"
Nebraska,31,2012,25942,https://www.cdc.gov/nchs/data/nvsr/nvsr62/nvsr62_09.pdf,"NCHS final births by race and Hispanic origin, state of residence"
Nevada,32,2012,34911,https://www.cdc.gov/nchs/data/nvsr/nvsr62/nvsr62_09.pdf,"NCHS final births by race and Hispanic origin, state of residence"
New Hampshire,33,2012,12352,https://www.cdc.gov/nchs/data/nvsr/nvsr62/nvsr62_09.pdf,"NCHS final births by race and Hispanic origin, state of residence"
New Jersey,34,2012,104230,https://www.cdc.gov/nchs/data/nvsr/nvsr62/nvsr62_09.pdf,"NCHS final births by race and Hispanic origin, state of residence"
New Mexico,35,2012,27068,https://www.cdc.gov/nchs/data/nvsr/nvsr62/nvsr62_09.pdf,"NCHS final births by race and Hispanic origin, state of residence"
New York,36,2012,240916,https://www.cdc.gov/nchs/data/nvsr/nvsr62/nvsr62_09.pdf,"NCHS final births by race and Hispanic origin, state of residence"
North Carolina,37,2012,119831,https://www.cdc.gov/nchs/data/nvsr/nvsr62/nvsr62_09.pdf,"NCHS final births by race and Hispanic origin, state of residence"
North Dakota,38,2012,10106,https://www.cdc.gov/nchs/data/nvsr/nvsr62/nvsr62_09.pdf,"NCHS final births by race and Hispanic origin, state of residence"
Ohio,39,2012,138483,https://www.cdc.gov/nchs/data/nvsr/nvsr62/nvsr62_09.pdf,"NCHS final births by race and Hispanic origin, state of residence"
Oklahoma,40,2012,52751,https://www.cdc.gov/nchs/data/nvsr/nvsr62/nvsr62_09.pdf,"NCHS final births by race and Hispanic origin, state of residence"
Oregon,41,2012,45067,https://www.cdc.gov/nchs/data/nvsr/nvsr62/nvsr62_09.pdf,"NCHS final births by race and Hispanic origin, state of residence"
Pennsylvania,42,2012,142514,https://www.cdc.gov/nchs/data/nvsr/nvsr62/nvsr62_09.pdf,"NCHS final births by race and Hispanic origin, state of residence"
Rhode Island,44,2012,10926,https://www.cdc.gov/nchs/data/nvsr/nvsr62/nvsr62_09.pdf,"NCHS final births by race and Hispanic origin, state of residence"
South Carolina,45,2012,57155,https://www.cdc.gov/nchs/data/nvsr/nvsr62/nvsr62_09.pdf,"NCHS final births by race and Hispanic origin, state of residence"
South Dakota,46,2012,12104,https://www.cdc.gov/nchs/data/nvsr/nvsr62/nvsr62_09.pdf,"NCHS final births by race and Hispanic origin, state of residence"
Tennessee,47,2012,80371,https://www.cdc.gov/nchs/data/nvsr/nvsr62/nvsr62_09.pdf,"NCHS final births by race and Hispanic origin, state of residence"
Texas,48,2012,382727,https://www.cdc.gov/nchs/data/nvsr/nvsr62/nvsr62_09.pdf,"NCHS final births by race and Hispanic origin, state of residence"
Utah,49,2012,51465,https://www.cdc.gov/nchs/data/nvsr/nvsr62/nvsr62_09.pdf,"NCHS final births by race and Hispanic origin, state of residence"
Vermont,50,2012,6009,https://www.cdc.gov/nchs/data/nvsr/nvsr62/nvsr62_09.pdf,"NCHS final births by race and Hispanic origin, state of residence"
Virginia,51,2012,103013,https://www.cdc.gov/nchs/data/nvsr/nvsr62/nvsr62_09.pdf,"NCHS final births by race and Hispanic origin, state of residence"
Washington,53,2012,87463,https://www.cdc.gov/nchs/data/nvsr/nvsr62/nvsr62_09.pdf,"NCHS final births by race and Hispanic origin, state of residence"
West Virginia,54,2012,20827,https://www.cdc.gov/nchs/data/nvsr/nvsr62/nvsr62_09.pdf,"NCHS final births by race and Hispanic origin, state of residence"
Wisconsin,55,2012,67295,https://www.cdc.gov/nchs/data/nvsr/nvsr62/nvsr62_09.pdf,"NCHS final births by race and Hispanic origin, state of residence"
Wyoming,56,2012,7572,https://www.cdc.gov/nchs/data/nvsr/nvsr62/nvsr62_09.pdf,"NCHS final births by race and Hispanic origin, state of residence"
Alabama,01,2013,58167,https://www.cdc.gov/nchs/data/nvsr/nvsr64/nvsr64_01.pdf,"NCHS final births by race and Hispanic origin, state of residence"
Alaska,02,2013,11446,https://www.cdc.gov/nchs/data/nvsr/nvsr64/nvsr64_01.pdf,"NCHS final births by race and Hispanic origin, state of residence"
Arizona,04,2013,85600,https://www.cdc.gov/nchs/data/nvsr/nvsr64/nvsr64_01.pdf,"NCHS final births by race and Hispanic origin, state of residence"
Arkansas,05,2013,37832,https://www.cdc.gov/nchs/data/nvsr/nvsr64/nvsr64_01.pdf,"NCHS final births by race and Hispanic origin, state of residence"
California,06,2013,494705,https://www.cdc.gov/nchs/data/nvsr/nvsr64/nvsr64_01.pdf,"NCHS final births by race and Hispanic origin, state of residence"
Colorado,08,2013,65007,https://www.cdc.gov/nchs/data/nvsr/nvsr64/nvsr64_01.pdf,"NCHS final births by race and Hispanic origin, state of residence"
Connecticut,09,2013,36085,https://www.cdc.gov/nchs/data/nvsr/nvsr64/nvsr64_01.pdf,"NCHS final births by race and Hispanic origin, state of residence"
Delaware,10,2013,10831,https://www.cdc.gov/nchs/data/nvsr/nvsr64/nvsr64_01.pdf,"NCHS final births by race and Hispanic origin, state of residence"
District of Columbia,11,2013,9288,https://www.cdc.gov/nchs/data/nvsr/nvsr64/nvsr64_01.pdf,"NCHS final births by race and Hispanic origin, state of residence"
Florida,12,2013,215407,https://www.cdc.gov/nchs/data/nvsr/nvsr64/nvsr64_01.pdf,"NCHS final births by race and Hispanic origin, state of residence"
Georgia,13,2013,128748,https://www.cdc.gov/nchs/data/nvsr/nvsr64/nvsr64_01.pdf,"NCHS final births by race and Hispanic origin, state of residence"
Hawaii,15,2013,18987,https://www.cdc.gov/nchs/data/nvsr/nvsr64/nvsr64_01.pdf,"NCHS final births by race and Hispanic origin, state of residence"
Idaho,16,2013,22383,https://www.cdc.gov/nchs/data/nvsr/nvsr64/nvsr64_01.pdf,"NCHS final births by race and Hispanic origin, state of residence"
Illinois,17,2013,156931,https://www.cdc.gov/nchs/data/nvsr/nvsr64/nvsr64_01.pdf,"NCHS final births by race and Hispanic origin, state of residence"
Indiana,18,2013,83102,https://www.cdc.gov/nchs/data/nvsr/nvsr64/nvsr64_01.pdf,"NCHS final births by race and Hispanic origin, state of residence"
Iowa,19,2013,39094,https://www.cdc.gov/nchs/data/nvsr/nvsr64/nvsr64_01.pdf,"NCHS final births by race and Hispanic origin, state of residence"
Kansas,20,2013,38839,https://www.cdc.gov/nchs/data/nvsr/nvsr64/nvsr64_01.pdf,"NCHS final births by race and Hispanic origin, state of residence"
Kentucky,21,2013,55686,https://www.cdc.gov/nchs/data/nvsr/nvsr64/nvsr64_01.pdf,"NCHS final births by race and Hispanic origin, state of residence"
Louisiana,22,2013,63201,https://www.cdc.gov/nchs/data/nvsr/nvsr64/nvsr64_01.pdf,"NCHS final births by race and Hispanic origin, state of residence"
Maine,23,2013,12776,https://www.cdc.gov/nchs/data/nvsr/nvsr64/nvsr64_01.pdf,"NCHS final births by race and Hispanic origin, state of residence"
Maryland,24,2013,71953,https://www.cdc.gov/nchs/data/nvsr/nvsr64/nvsr64_01.pdf,"NCHS final births by race and Hispanic origin, state of residence"
Massachusetts,25,2013,71788,https://www.cdc.gov/nchs/data/nvsr/nvsr64/nvsr64_01.pdf,"NCHS final births by race and Hispanic origin, state of residence"
Michigan,26,2013,113489,https://www.cdc.gov/nchs/data/nvsr/nvsr64/nvsr64_01.pdf,"NCHS final births by race and Hispanic origin, state of residence"
Minnesota,27,2013,69159,https://www.cdc.gov/nchs/data/nvsr/nvsr64/nvsr64_01.pdf,"NCHS final births by race and Hispanic origin, state of residence"
Mississippi,28,2013,38634,https://www.cdc.gov/nchs/data/nvsr/nvsr64/nvsr64_01.pdf,"NCHS final births by race and Hispanic origin, state of residence"
Missouri,29,2013,75296,https://www.cdc.gov/nchs/data/nvsr/nvsr64/nvsr64_01.pdf,"NCHS final births by race and Hispanic origin, state of residence"
Montana,30,2013,12377,https://www.cdc.gov/nchs/data/nvsr/nvsr64/nvsr64_01.pdf,"NCHS final births by race and Hispanic origin, state of residence"
Nebraska,31,2013,26095,https://www.cdc.gov/nchs/data/nvsr/nvsr64/nvsr64_01.pdf,"NCHS final births by race and Hispanic origin, state of residence"
Nevada,32,2013,35030,https://www.cdc.gov/nchs/data/nvsr/nvsr64/nvsr64_01.pdf,"NCHS final births by race and Hispanic origin, state of residence"
New Hampshire,33,2013,12396,https://www.cdc.gov/nchs/data/nvsr/nvsr64/nvsr64_01.pdf,"NCHS final births by race and Hispanic origin, state of residence"
New Jersey,34,2013,102575,https://www.cdc.gov/nchs/data/nvsr/nvsr64/nvsr64_01.pdf,"NCHS final births by race and Hispanic origin, state of residence"
New Mexico,35,2013,26354,https://www.cdc.gov/nchs/data/nvsr/nvsr64/nvsr64_01.pdf,"NCHS final births by race and Hispanic origin, state of residence"
New York,36,2013,236980,https://www.cdc.gov/nchs/data/nvsr/nvsr64/nvsr64_01.pdf,"NCHS final births by race and Hispanic origin, state of residence"
North Carolina,37,2013,119002,https://www.cdc.gov/nchs/data/nvsr/nvsr64/nvsr64_01.pdf,"NCHS final births by race and Hispanic origin, state of residence"
North Dakota,38,2013,10599,https://www.cdc.gov/nchs/data/nvsr/nvsr64/nvsr64_01.pdf,"NCHS final births by race and Hispanic origin, state of residence"
Ohio,39,2013,138936,https://www.cdc.gov/nchs/data/nvsr/nvsr64/nvsr64_01.pdf,"NCHS final births by race and Hispanic origin, state of residence"
Oklahoma,40,2013,53369,https://www.cdc.gov/nchs/data/nvsr/nvsr64/nvsr64_01.pdf,"NCHS final births by race and Hispanic origin, state of residence"
Oregon,41,2013,45155,https://www.cdc.gov/nchs/data/nvsr/nvsr64/nvsr64_01.pdf,"NCHS final births by race and Hispanic origin, state of residence"
Pennsylvania,42,2013,140921,https://www.cdc.gov/nchs/data/nvsr/nvsr64/nvsr64_01.pdf,"NCHS final births by race and Hispanic origin, state of residence"
Rhode Island,44,2013,10809,https://www.cdc.gov/nchs/data/nvsr/nvsr64/nvsr64_01.pdf,"NCHS final births by race and Hispanic origin, state of residence"
South Carolina,45,2013,56795,https://www.cdc.gov/nchs/data/nvsr/nvsr64/nvsr64_01.pdf,"NCHS final births by race and Hispanic origin, state of residence"
South Dakota,46,2013,12248,https://www.cdc.gov/nchs/data/nvsr/nvsr64/nvsr64_01.pdf,"NCHS final births by race and Hispanic origin, state of residence"
Tennessee,47,2013,79992,https://www.cdc.gov/nchs/data/nvsr/nvsr64/nvsr64_01.pdf,"NCHS final births by race and Hispanic origin, state of residence"
Texas,48,2013,387340,https://www.cdc.gov/nchs/data/nvsr/nvsr64/nvsr64_01.pdf,"NCHS final births by race and Hispanic origin, state of residence"
Utah,49,2013,50957,https://www.cdc.gov/nchs/data/nvsr/nvsr64/nvsr64_01.pdf,"NCHS final births by race and Hispanic origin, state of residence"
Vermont,50,2013,5975,https://www.cdc.gov/nchs/data/nvsr/nvsr64/nvsr64_01.pdf,"NCHS final births by race and Hispanic origin, state of residence"
Virginia,51,2013,102147,https://www.cdc.gov/nchs/data/nvsr/nvsr64/nvsr64_01.pdf,"NCHS final births by race and Hispanic origin, state of residence"
Washington,53,2013,86577,https://www.cdc.gov/nchs/data/nvsr/nvsr64/nvsr64_01.pdf,"NCHS final births by race and Hispanic origin, state of residence"
West Virginia,54,2013,20825,https://www.cdc.gov/nchs/data/nvsr/nvsr64/nvsr64_01.pdf,"NCHS final births by race and Hispanic origin, state of residence"
Wisconsin,55,2013,66649,https://www.cdc.gov/nchs/data/nvsr/nvsr64/nvsr64_01.pdf,"NCHS final births by race and Hispanic origin, state of residence"
Wyoming,56,2013,7644,https://www.cdc.gov/nchs/data/nvsr/nvsr64/nvsr64_01.pdf,"NCHS final births by race and Hispanic origin, state of residence"
Alabama,01,2014,59422,https://www.cdc.gov/nchs/data/nvsr/nvsr64/nvsr64_12.pdf,"NCHS final births by race and Hispanic origin, state of residence"
Alaska,02,2014,11392,https://www.cdc.gov/nchs/data/nvsr/nvsr64/nvsr64_12.pdf,"NCHS final births by race and Hispanic origin, state of residence"
Arizona,04,2014,86887,https://www.cdc.gov/nchs/data/nvsr/nvsr64/nvsr64_12.pdf,"NCHS final births by race and Hispanic origin, state of residence"
Arkansas,05,2014,38511,https://www.cdc.gov/nchs/data/nvsr/nvsr64/nvsr64_12.pdf,"NCHS final births by race and Hispanic origin, state of residence"
California,06,2014,502879,https://www.cdc.gov/nchs/data/nvsr/nvsr64/nvsr64_12.pdf,"NCHS final births by race and Hispanic origin, state of residence"
Colorado,08,2014,65830,https://www.cdc.gov/nchs/data/nvsr/nvsr64/nvsr64_12.pdf,"NCHS final births by race and Hispanic origin, state of residence"
Connecticut,09,2014,36285,https://www.cdc.gov/nchs/data/nvsr/nvsr64/nvsr64_12.pdf,"NCHS final births by race and Hispanic origin, state of residence"
Delaware,10,2014,10972,https://www.cdc.gov/nchs/data/nvsr/nvsr64/nvsr64_12.pdf,"NCHS final births by race and Hispanic origin, state of residence"
District of Columbia,11,2014,9509,https://www.cdc.gov/nchs/data/nvsr/nvsr64/nvsr64_12.pdf,"NCHS final births by race and Hispanic origin, state of residence"
Florida,12,2014,219991,https://www.cdc.gov/nchs/data/nvsr/nvsr64/nvsr64_12.pdf,"NCHS final births by race and Hispanic origin, state of residence"
Georgia,13,2014,130946,https://www.cdc.gov/nchs/data/nvsr/nvsr64/nvsr64_12.pdf,"NCHS final births by race and Hispanic origin, state of residence"
Hawaii,15,2014,18550,https://www.cdc.gov/nchs/data/nvsr/nvsr64/nvsr64_12.pdf,"NCHS final births by race and Hispanic origin, state of residence"
Idaho,16,2014,22876,https://www.cdc.gov/nchs/data/nvsr/nvsr64/nvsr64_12.pdf,"NCHS final births by race and Hispanic origin, state of residence"
Illinois,17,2014,158556,https://www.cdc.gov/nchs/data/nvsr/nvsr64/nvsr64_12.pdf,"NCHS final births by race and Hispanic origin, state of residence"
Indiana,18,2014,84080,https://www.cdc.gov/nchs/data/nvsr/nvsr64/nvsr64_12.pdf,"NCHS final births by race and Hispanic origin, state of residence"
Iowa,19,2014,39687,https://www.cdc.gov/nchs/data/nvsr/nvsr64/nvsr64_12.pdf,"NCHS final births by race and Hispanic origin, state of residence"
Kansas,20,2014,39223,https://www.cdc.gov/nchs/data/nvsr/nvsr64/nvsr64_12.pdf,"NCHS final births by race and Hispanic origin, state of residence"
Kentucky,21,2014,56170,https://www.cdc.gov/nchs/data/nvsr/nvsr64/nvsr64_12.pdf,"NCHS final births by race and Hispanic origin, state of residence"
Louisiana,22,2014,64497,https://www.cdc.gov/nchs/data/nvsr/nvsr64/nvsr64_12.pdf,"NCHS final births by race and Hispanic origin, state of residence"
Maine,23,2014,12698,https://www.cdc.gov/nchs/data/nvsr/nvsr64/nvsr64_12.pdf,"NCHS final births by race and Hispanic origin, state of residence"
Maryland,24,2014,73921,https://www.cdc.gov/nchs/data/nvsr/nvsr64/nvsr64_12.pdf,"NCHS final births by race and Hispanic origin, state of residence"
Massachusetts,25,2014,71908,https://www.cdc.gov/nchs/data/nvsr/nvsr64/nvsr64_12.pdf,"NCHS final births by race and Hispanic origin, state of residence"
Michigan,26,2014,114375,https://www.cdc.gov/nchs/data/nvsr/nvsr64/nvsr64_12.pdf,"NCHS final births by race and Hispanic origin, state of residence"
Minnesota,27,2014,69904,https://www.cdc.gov/nchs/data/nvsr/nvsr64/nvsr64_12.pdf,"NCHS final births by race and Hispanic origin, state of residence"
Mississippi,28,2014,38736,https://www.cdc.gov/nchs/data/nvsr/nvsr64/nvsr64_12.pdf,"NCHS final births by race and Hispanic origin, state of residence"
Missouri,29,2014,75360,https://www.cdc.gov/nchs/data/nvsr/nvsr64/nvsr64_12.pdf,"NCHS final births by race and Hispanic origin, state of residence"
Montana,30,2014,12432,https://www.cdc.gov/nchs/data/nvsr/nvsr64/nvsr64_12.pdf,"NCHS final births by race and Hispanic origin, state of residence"
Nebraska,31,2014,26794,https://www.cdc.gov/nchs/data/nvsr/nvsr64/nvsr64_12.pdf,"NCHS final births by race and Hispanic origin, state of residence"
Nevada,32,2014,35861,https://www.cdc.gov/nchs/data/nvsr/nvsr64/nvsr64_12.pdf,"NCHS final births by race and Hispanic origin, state of residence"
New Hampshire,33,2014,12302,https://www.cdc.gov/nchs/data/nvsr/nvsr64/nvsr64_12.pdf,"NCHS final births by race and Hispanic origin, state of residence"
New Jersey,34,2014,103305,https://www.cdc.gov/nchs/data/nvsr/nvsr64/nvsr64_12.pdf,"NCHS final births by race and Hispanic origin, state of residence"
New Mexico,35,2014,26052,https://www.cdc.gov/nchs/data/nvsr/nvsr64/nvsr64_12.pdf,"NCHS final births by race and Hispanic origin, state of residence"
New York,36,2014,238773,https://www.cdc.gov/nchs/data/nvsr/nvsr64/nvsr64_12.pdf,"NCHS final births by race and Hispanic origin, state of residence"
North Carolina,37,2014,120975,https://www.cdc.gov/nchs/data/nvsr/nvsr64/nvsr64_12.pdf,"NCHS final births by race and Hispanic origin, state of residence"
North Dakota,38,2014,11359,https://www.cdc.gov/nchs/data/nvsr/nvsr64/nvsr64_12.pdf,"NCHS final births by race and Hispanic origin, state of residence"
Ohio,39,2014,139467,https://www.cdc.gov/nchs/data/nvsr/nvsr64/nvsr64_12.pdf,"NCHS final births by race and Hispanic origin, state of residence"
Oklahoma,40,2014,53339,https://www.cdc.gov/nchs/data/nvsr/nvsr64/nvsr64_12.pdf,"NCHS final births by race and Hispanic origin, state of residence"
Oregon,41,2014,45556,https://www.cdc.gov/nchs/data/nvsr/nvsr64/nvsr64_12.pdf,"NCHS final births by race and Hispanic origin, state of residence"
Pennsylvania,42,2014,142268,https://www.cdc.gov/nchs/data/nvsr/nvsr64/nvsr64_12.pdf,"NCHS final births by race and Hispanic origin, state of residence"
Rhode Island,44,2014,10823,https://www.cdc.gov/nchs/data/nvsr/nvsr64/nvsr64_12.pdf,"NCHS final births by race and Hispanic origin, state of residence"
South Carolina,45,2014,57627,https://www.cdc.gov/nchs/data/nvsr/nvsr64/nvsr64_12.pdf,"NCHS final births by race and Hispanic origin, state of residence"
South Dakota,46,2014,12283,https://www.cdc.gov/nchs/data/nvsr/nvsr64/nvsr64_12.pdf,"NCHS final births by race and Hispanic origin, state of residence"
Tennessee,47,2014,81602,https://www.cdc.gov/nchs/data/nvsr/nvsr64/nvsr64_12.pdf,"NCHS final births by race and Hispanic origin, state of residence"
Texas,48,2014,399766,https://www.cdc.gov/nchs/data/nvsr/nvsr64/nvsr64_12.pdf,"NCHS final births by race and Hispanic origin, state of residence"
Utah,49,2014,51154,https://www.cdc.gov/nchs/data/nvsr/nvsr64/nvsr64_12.pdf,"NCHS final births by race and Hispanic origin, state of residence"
Vermont,50,2014,6130,https://www.cdc.gov/nchs/data/nvsr/nvsr64/nvsr64_12.pdf,"NCHS final births by race and Hispanic origin, state of residence"
Virginia,51,2014,103300,https://www.cdc.gov/nchs/data/nvsr/nvsr64/nvsr64_12.pdf,"NCHS final births by race and Hispanic origin, state of residence"
Washington,53,2014,88585,https://www.cdc.gov/nchs/data/nvsr/nvsr64/nvsr64_12.pdf,"NCHS final births by race and Hispanic origin, state of residence"
West Virginia,54,2014,20301,https://www.cdc.gov/nchs/data/nvsr/nvsr64/nvsr64_12.pdf,"NCHS final births by race and Hispanic origin, state of residence"
Wisconsin,55,2014,67161,https://www.cdc.gov/nchs/data/nvsr/nvsr64/nvsr64_12.pdf,"NCHS final births by race and Hispanic origin, state of residence"
Wyoming,56,2014,7696,https://www.cdc.gov/nchs/data/nvsr/nvsr64/nvsr64_12.pdf,"NCHS final births by race and Hispanic origin, state of residence"
Alabama,01,2015,59657,https://www.cdc.gov/nchs/data/nvsr/nvsr66/nvsr66_01.pdf,"NCHS final births by race and Hispanic origin, state of residence"
Alaska,02,2015,11282,https://www.cdc.gov/nchs/data/nvsr/nvsr66/nvsr66_01.pdf,"NCHS final births by race and Hispanic origin, state of residence"
Arizona,04,2015,85351,https://www.cdc.gov/nchs/data/nvsr/nvsr66/nvsr66_01.pdf,"NCHS final births by race and Hispanic origin, state of residence"
Arkansas,05,2015,38886,https://www.cdc.gov/nchs/data/nvsr/nvsr66/nvsr66_01.pdf,"NCHS final births by race and Hispanic origin, state of residence"
California,06,2015,491748,https://www.cdc.gov/nchs/data/nvsr/nvsr66/nvsr66_01.pdf,"NCHS final births by race and Hispanic origin, state of residence"
Colorado,08,2015,66581,https://www.cdc.gov/nchs/data/nvsr/nvsr66/nvsr66_01.pdf,"NCHS final births by race and Hispanic origin, state of residence"
Connecticut,09,2015,35746,https://www.cdc.gov/nchs/data/nvsr/nvsr66/nvsr66_01.pdf,"NCHS final births by race and Hispanic origin, state of residence"
Delaware,10,2015,11166,https://www.cdc.gov/nchs/data/nvsr/nvsr66/nvsr66_01.pdf,"NCHS final births by race and Hispanic origin, state of residence"
District of Columbia,11,2015,9578,https://www.cdc.gov/nchs/data/nvsr/nvsr66/nvsr66_01.pdf,"NCHS final births by race and Hispanic origin, state of residence"
Florida,12,2015,224269,https://www.cdc.gov/nchs/data/nvsr/nvsr66/nvsr66_01.pdf,"NCHS final births by race and Hispanic origin, state of residence"
Georgia,13,2015,131404,https://www.cdc.gov/nchs/data/nvsr/nvsr66/nvsr66_01.pdf,"NCHS final births by race and Hispanic origin, state of residence"
Hawaii,15,2015,18420,https://www.cdc.gov/nchs/data/nvsr/nvsr66/nvsr66_01.pdf,"NCHS final births by race and Hispanic origin, state of residence"
Idaho,16,2015,22827,https://www.cdc.gov/nchs/data/nvsr/nvsr66/nvsr66_01.pdf,"NCHS final births by race and Hispanic origin, state of residence"
Illinois,17,2015,158116,https://www.cdc.gov/nchs/data/nvsr/nvsr66/nvsr66_01.pdf,"NCHS final births by race and Hispanic origin, state of residence"
Indiana,18,2015,84040,https://www.cdc.gov/nchs/data/nvsr/nvsr66/nvsr66_01.pdf,"NCHS final births by race and Hispanic origin, state of residence"
Iowa,19,2015,39482,https://www.cdc.gov/nchs/data/nvsr/nvsr66/nvsr66_01.pdf,"NCHS final births by race and Hispanic origin, state of residence"
Kansas,20,2015,39154,https://www.cdc.gov/nchs/data/nvsr/nvsr66/nvsr66_01.pdf,"NCHS final births by race and Hispanic origin, state of residence"
Kentucky,21,2015,55971,https://www.cdc.gov/nchs/data/nvsr/nvsr66/nvsr66_01.pdf,"NCHS final births by race and Hispanic origin, state of residence"
Louisiana,22,2015,64692,https://www.cdc.gov/nchs/data/nvsr/nvsr66/nvsr66_01.pdf,"NCHS final births by race and Hispanic origin, state of residence"
Maine,23,2015,12607,https://www.cdc.gov/nchs/data/nvsr/nvsr66/nvsr66_01.pdf,"NCHS final births by race and Hispanic origin, state of residence"
Maryland,24,2015,73616,https://www.cdc.gov/nchs/data/nvsr/nvsr66/nvsr66_01.pdf,"NCHS final births by race and Hispanic origin, state of residence"
Massachusetts,25,2015,71492,https://www.cdc.gov/nchs/data/nvsr/nvsr66/nvsr66_01.pdf,"NCHS final births by race and Hispanic origin, state of residence"
Michigan,26,2015,113312,https://www.cdc.gov/nchs/data/nvsr/nvsr66/nvsr66_01.pdf,"NCHS final births by race and Hispanic origin, state of residence"
Minnesota,27,2015,69834,https://www.cdc.gov/nchs/data/nvsr/nvsr66/nvsr66_01.pdf,"NCHS final births by race and Hispanic origin, state of residence"
Mississippi,28,2015,38394,https://www.cdc.gov/nchs/data/nvsr/nvsr66/nvsr66_01.pdf,"NCHS final births by race and Hispanic origin, state of residence"
Missouri,29,2015,75061,https://www.cdc.gov/nchs/data/nvsr/nvsr66/nvsr66_01.pdf,"NCHS final births by race and Hispanic origin, state of residence"
Montana,30,2015,12583,https://www.cdc.gov/nchs/data/nvsr/nvsr66/nvsr66_01.pdf,"NCHS final births by race and Hispanic origin, state of residence"
Nebraska,31,2015,26679,https://www.cdc.gov/nchs/data/nvsr/nvsr66/nvsr66_01.pdf,"NCHS final births by race and Hispanic origin, state of residence"
Nevada,32,2015,36298,https://www.cdc.gov/nchs/data/nvsr/nvsr66/nvsr66_01.pdf,"NCHS final births by race and Hispanic origin, state of residence"
New Hampshire,33,2015,12433,https://www.cdc.gov/nchs/data/nvsr/nvsr66/nvsr66_01.pdf,"NCHS final births by race and Hispanic origin, state of residence"
New Jersey,34,2015,103127,https://www.cdc.gov/nchs/data/nvsr/nvsr66/nvsr66_01.pdf,"NCHS final births by race and Hispanic origin, state of residence"
New Mexico,35,2015,25816,https://www.cdc.gov/nchs/data/nvsr/nvsr66/nvsr66_01.pdf,"NCHS final births by race and Hispanic origin, state of residence"
New York,36,2015,237274,https://www.cdc.gov/nchs/data/nvsr/nvsr66/nvsr66_01.pdf,"NCHS final births by race and Hispanic origin, state of residence"
North Carolina,37,2015,120843,https://www.cdc.gov/nchs/data/nvsr/nvsr66/nvsr66_01.pdf,"NCHS final births by race and Hispanic origin, state of residence"
North Dakota,38,2015,11314,https://www.cdc.gov/nchs/data/nvsr/nvsr66/nvsr66_01.pdf,"NCHS final births by race and Hispanic origin, state of residence"
Ohio,39,2015,139264,https://www.cdc.gov/nchs/data/nvsr/nvsr66/nvsr66_01.pdf,"NCHS final births by race and Hispanic origin, state of residence"
Oklahoma,40,2015,53122,https://www.cdc.gov/nchs/data/nvsr/nvsr66/nvsr66_01.pdf,"NCHS final births by race and Hispanic origin, state of residence"
Oregon,41,2015,45655,https://www.cdc.gov/nchs/data/nvsr/nvsr66/nvsr66_01.pdf,"NCHS final births by race and Hispanic origin, state of residence"
Pennsylvania,42,2015,141047,https://www.cdc.gov/nchs/data/nvsr/nvsr66/nvsr66_01.pdf,"NCHS final births by race and Hispanic origin, state of residence"
Rhode Island,44,2015,10993,https://www.cdc.gov/nchs/data/nvsr/nvsr66/nvsr66_01.pdf,"NCHS final births by race and Hispanic origin, state of residence"
South Carolina,45,2015,58139,https://www.cdc.gov/nchs/data/nvsr/nvsr66/nvsr66_01.pdf,"NCHS final births by race and Hispanic origin, state of residence"
South Dakota,46,2015,12336,https://www.cdc.gov/nchs/data/nvsr/nvsr66/nvsr66_01.pdf,"NCHS final births by race and Hispanic origin, state of residence"
Tennessee,47,2015,81685,https://www.cdc.gov/nchs/data/nvsr/nvsr66/nvsr66_01.pdf,"NCHS final births by race and Hispanic origin, state of residence"
Texas,48,2015,403618,https://www.cdc.gov/nchs/data/nvsr/nvsr66/nvsr66_01.pdf,"NCHS final births by race and Hispanic origin, state of residence"
Utah,49,2015,50778,https://www.cdc.gov/nchs/data/nvsr/nvsr66/nvsr66_01.pdf,"NCHS final births by race and Hispanic origin, state of residence"
Vermont,50,2015,5903,https://www.cdc.gov/nchs/data/nvsr/nvsr66/nvsr66_01.pdf,"NCHS final births by race and Hispanic origin, state of residence"
Virginia,51,2015,103303,https://www.cdc.gov/nchs/data/nvsr/nvsr66/nvsr66_01.pdf,"NCHS final births by race and Hispanic origin, state of residence"
Washington,53,2015,88990,https://www.cdc.gov/nchs/data/nvsr/nvsr66/nvsr66_01.pdf,"NCHS final births by race and Hispanic origin, state of residence"
West Virginia,54,2015,19805,https://www.cdc.gov/nchs/data/nvsr/nvsr66/nvsr66_01.pdf,"NCHS final births by race and Hispanic origin, state of residence"
Wisconsin,55,2015,67041,https://www.cdc.gov/nchs/data/nvsr/nvsr66/nvsr66_01.pdf,"NCHS final births by race and Hispanic origin, state of residence"
Wyoming,56,2015,7765,https://www.cdc.gov/nchs/data/nvsr/nvsr66/nvsr66_01.pdf,"NCHS final births by race and Hispanic origin, state of residence"
Alabama,01,2016,59151,https://www.cdc.gov/nchs/data/nvsr/nvsr67/nvsr67_01.pdf,"NCHS final births by race and Hispanic origin, state of residence"
Alaska,02,2016,11209,https://www.cdc.gov/nchs/data/nvsr/nvsr67/nvsr67_01.pdf,"NCHS final births by race and Hispanic origin, state of residence"
Arizona,04,2016,84520,https://www.cdc.gov/nchs/data/nvsr/nvsr67/nvsr67_01.pdf,"NCHS final births by race and Hispanic origin, state of residence"
Arkansas,05,2016,38274,https://www.cdc.gov/nchs/data/nvsr/nvsr67/nvsr67_01.pdf,"NCHS final births by race and Hispanic origin, state of residence"
California,06,2016,488827,https://www.cdc.gov/nchs/data/nvsr/nvsr67/nvsr67_01.pdf,"NCHS final births by race and Hispanic origin, state of residence"
Colorado,08,2016,66613,https://www.cdc.gov/nchs/data/nvsr/nvsr67/nvsr67_01.pdf,"NCHS final births by race and Hispanic origin, state of residence"
Connecticut,09,2016,36015,https://www.cdc.gov/nchs/data/nvsr/nvsr67/nvsr67_01.pdf,"NCHS final births by race and Hispanic origin, state of residence"
Delaware,10,2016,10992,https://www.cdc.gov/nchs/data/nvsr/nvsr67/nvsr67_01.pdf,"NCHS final births by race and Hispanic origin, state of residence"
District of Columbia,11,2016,9858,https://www.cdc.gov/nchs/data/nvsr/nvsr67/nvsr67_01.pdf,"NCHS final births by race and Hispanic origin, state of residence"
Florida,12,2016,225022,https://www.cdc.gov/nchs/data/nvsr/nvsr67/nvsr67_01.pdf,"NCHS final births by race and Hispanic origin, state of residence"
Georgia,13,2016,130042,https://www.cdc.gov/nchs/data/nvsr/nvsr67/nvsr67_01.pdf,"NCHS final births by race and Hispanic origin, state of residence"
Hawaii,15,2016,18059,https://www.cdc.gov/nchs/data/nvsr/nvsr67/nvsr67_01.pdf,"NCHS final births by race and Hispanic origin, state of residence"
Idaho,16,2016,22482,https://www.cdc.gov/nchs/data/nvsr/nvsr67/nvsr67_01.pdf,"NCHS final births by race and Hispanic origin, state of residence"
Illinois,17,2016,154445,https://www.cdc.gov/nchs/data/nvsr/nvsr67/nvsr67_01.pdf,"NCHS final births by race and Hispanic origin, state of residence"
Indiana,18,2016,83091,https://www.cdc.gov/nchs/data/nvsr/nvsr67/nvsr67_01.pdf,"NCHS final births by race and Hispanic origin, state of residence"
Iowa,19,2016,39403,https://www.cdc.gov/nchs/data/nvsr/nvsr67/nvsr67_01.pdf,"NCHS final births by race and Hispanic origin, state of residence"
Kansas,20,2016,38053,https://www.cdc.gov/nchs/data/nvsr/nvsr67/nvsr67_01.pdf,"NCHS final births by race and Hispanic origin, state of residence"
Kentucky,21,2016,55449,https://www.cdc.gov/nchs/data/nvsr/nvsr67/nvsr67_01.pdf,"NCHS final births by race and Hispanic origin, state of residence"
Louisiana,22,2016,63178,https://www.cdc.gov/nchs/data/nvsr/nvsr67/nvsr67_01.pdf,"NCHS final births by race and Hispanic origin, state of residence"
Maine,23,2016,12705,https://www.cdc.gov/nchs/data/nvsr/nvsr67/nvsr67_01.pdf,"NCHS final births by race and Hispanic origin, state of residence"
Maryland,24,2016,73136,https://www.cdc.gov/nchs/data/nvsr/nvsr67/nvsr67_01.pdf,"NCHS final births by race and Hispanic origin, state of residence"
Massachusetts,25,2016,71317,https://www.cdc.gov/nchs/data/nvsr/nvsr67/nvsr67_01.pdf,"NCHS final births by race and Hispanic origin, state of residence"
Michigan,26,2016,113315,https://www.cdc.gov/nchs/data/nvsr/nvsr67/nvsr67_01.pdf,"NCHS final births by race and Hispanic origin, state of residence"
Minnesota,27,2016,69749,https://www.cdc.gov/nchs/data/nvsr/nvsr67/nvsr67_01.pdf,"NCHS final births by race and Hispanic origin, state of residence"
Mississippi,28,2016,37928,https://www.cdc.gov/nchs/data/nvsr/nvsr67/nvsr67_01.pdf,"NCHS final births by race and Hispanic origin, state of residence"
Missouri,29,2016,74705,https://www.cdc.gov/nchs/data/nvsr/nvsr67/nvsr67_01.pdf,"NCHS final births by race and Hispanic origin, state of residence"
Montana,30,2016,12282,https://www.cdc.gov/nchs/data/nvsr/nvsr67/nvsr67_01.pdf,"NCHS final births by race and Hispanic origin, state of residence"
Nebraska,31,2016,26589,https://www.cdc.gov/nchs/data/nvsr/nvsr67/nvsr67_01.pdf,"NCHS final births by race and Hispanic origin, state of residence"
Nevada,32,2016,36260,https://www.cdc.gov/nchs/data/nvsr/nvsr67/nvsr67_01.pdf,"NCHS final births by race and Hispanic origin, state of residence"
New Hampshire,33,2016,12267,https://www.cdc.gov/nchs/data/nvsr/nvsr67/nvsr67_01.pdf,"NCHS final births by race and Hispanic origin, state of residence"
New Jersey,34,2016,102647,https://www.cdc.gov/nchs/data/nvsr/nvsr67/nvsr67_01.pdf,"NCHS final births by race and Hispanic origin, state of residence"
New Mexico,35,2016,24692,https://www.cdc.gov/nchs/data/nvsr/nvsr67/nvsr67_01.pdf,"NCHS final births by race and Hispanic origin, state of residence"
New York,36,2016,234283,https://www.cdc.gov/nchs/data/nvsr/nvsr67/nvsr67_01.pdf,"NCHS final births by race and Hispanic origin, state of residence"
North Carolina,37,2016,120779,https://www.cdc.gov/nchs/data/nvsr/nvsr67/nvsr67_01.pdf,"NCHS final births by race and Hispanic origin, state of residence"
North Dakota,38,2016,11383,https://www.cdc.gov/nchs/data/nvsr/nvsr67/nvsr67_01.pdf,"NCHS final births by race and Hispanic origin, state of residence"
Ohio,39,2016,138085,https://www.cdc.gov/nchs/data/nvsr/nvsr67/nvsr67_01.pdf,"NCHS final births by race and Hispanic origin, state of residence"
Oklahoma,40,2016,52592,https://www.cdc.gov/nchs/data/nvsr/nvsr67/nvsr67_01.pdf,"NCHS final births by race and Hispanic origin, state of residence"
Oregon,41,2016,45535,https://www.cdc.gov/nchs/data/nvsr/nvsr67/nvsr67_01.pdf,"NCHS final births by race and Hispanic origin, state of residence"
Pennsylvania,42,2016,139409,https://www.cdc.gov/nchs/data/nvsr/nvsr67/nvsr67_01.pdf,"NCHS final births by race and Hispanic origin, state of residence"
Rhode Island,44,2016,10798,https://www.cdc.gov/nchs/data/nvsr/nvsr67/nvsr67_01.pdf,"NCHS final births by race and Hispanic origin, state of residence"
South Carolina,45,2016,57342,https://www.cdc.gov/nchs/data/nvsr/nvsr67/nvsr67_01.pdf,"NCHS final births by race and Hispanic origin, state of residence"
South Dakota,46,2016,12275,https://www.cdc.gov/nchs/data/nvsr/nvsr67/nvsr67_01.pdf,"NCHS final births by race and Hispanic origin, state of residence"
Tennessee,47,2016,80807,https://www.cdc.gov/nchs/data/nvsr/nvsr67/nvsr67_01.pdf,"NCHS final births by race and Hispanic origin, state of residence"
Texas,48,2016,398047,https://www.cdc.gov/nchs/data/nvsr/nvsr67/nvsr67_01.pdf,"NCHS final births by race and Hispanic origin, state of residence"
Utah,49,2016,50464,https://www.cdc.gov/nchs/data/nvsr/nvsr67/nvsr67_01.pdf,"NCHS final births by race and Hispanic origin, state of residence"
Vermont,50,2016,5756,https://www.cdc.gov/nchs/data/nvsr/nvsr67/nvsr67_01.pdf,"NCHS final births by race and Hispanic origin, state of residence"
Virginia,51,2016,102460,https://www.cdc.gov/nchs/data/nvsr/nvsr67/nvsr67_01.pdf,"NCHS final births by race and Hispanic origin, state of residence"
Washington,53,2016,90505,https://www.cdc.gov/nchs/data/nvsr/nvsr67/nvsr67_01.pdf,"NCHS final births by race and Hispanic origin, state of residence"
West Virginia,54,2016,19079,https://www.cdc.gov/nchs/data/nvsr/nvsr67/nvsr67_01.pdf,"NCHS final births by race and Hispanic origin, state of residence"
Wisconsin,55,2016,66615,https://www.cdc.gov/nchs/data/nvsr/nvsr67/nvsr67_01.pdf,"NCHS final births by race and Hispanic origin, state of residence"
Wyoming,56,2016,7386,https://www.cdc.gov/nchs/data/nvsr/nvsr67/nvsr67_01.pdf,"NCHS final births by race and Hispanic origin, state of residence"
Alabama,01,2017,58941,https://www.cdc.gov/nchs/data/nvsr/nvsr67/nvsr67_08-508.pdf,"NCHS final births by race and Hispanic origin, state of residence"
Alaska,02,2017,10445,https://www.cdc.gov/nchs/data/nvsr/nvsr67/nvsr67_08-508.pdf,"NCHS final births by race and Hispanic origin, state of residence"
Arizona,04,2017,81872,https://www.cdc.gov/nchs/data/nvsr/nvsr67/nvsr67_08-508.pdf,"NCHS final births by race and Hispanic origin, state of residence"
Arkansas,05,2017,37520,https://www.cdc.gov/nchs/data/nvsr/nvsr67/nvsr67_08-508.pdf,"NCHS final births by race and Hispanic origin, state of residence"
California,06,2017,471658,https://www.cdc.gov/nchs/data/nvsr/nvsr67/nvsr67_08-508.pdf,"NCHS final births by race and Hispanic origin, state of residence"
Colorado,08,2017,64382,https://www.cdc.gov/nchs/data/nvsr/nvsr67/nvsr67_08-508.pdf,"NCHS final births by race and Hispanic origin, state of residence"
Connecticut,09,2017,35221,https://www.cdc.gov/nchs/data/nvsr/nvsr67/nvsr67_08-508.pdf,"NCHS final births by race and Hispanic origin, state of residence"
Delaware,10,2017,10855,https://www.cdc.gov/nchs/data/nvsr/nvsr67/nvsr67_08-508.pdf,"NCHS final births by race and Hispanic origin, state of residence"
District of Columbia,11,2017,9560,https://www.cdc.gov/nchs/data/nvsr/nvsr67/nvsr67_08-508.pdf,"NCHS final births by race and Hispanic origin, state of residence"
Florida,12,2017,223630,https://www.cdc.gov/nchs/data/nvsr/nvsr67/nvsr67_08-508.pdf,"NCHS final births by race and Hispanic origin, state of residence"
Georgia,13,2017,129243,https://www.cdc.gov/nchs/data/nvsr/nvsr67/nvsr67_08-508.pdf,"NCHS final births by race and Hispanic origin, state of residence"
Hawaii,15,2017,17517,https://www.cdc.gov/nchs/data/nvsr/nvsr67/nvsr67_08-508.pdf,"NCHS final births by race and Hispanic origin, state of residence"
Idaho,16,2017,22181,https://www.cdc.gov/nchs/data/nvsr/nvsr67/nvsr67_08-508.pdf,"NCHS final births by race and Hispanic origin, state of residence"
Illinois,17,2017,149390,https://www.cdc.gov/nchs/data/nvsr/nvsr67/nvsr67_08-508.pdf,"NCHS final births by race and Hispanic origin, state of residence"
Indiana,18,2017,82170,https://www.cdc.gov/nchs/data/nvsr/nvsr67/nvsr67_08-508.pdf,"NCHS final births by race and Hispanic origin, state of residence"
Iowa,19,2017,38430,https://www.cdc.gov/nchs/data/nvsr/nvsr67/nvsr67_08-508.pdf,"NCHS final births by race and Hispanic origin, state of residence"
Kansas,20,2017,36519,https://www.cdc.gov/nchs/data/nvsr/nvsr67/nvsr67_08-508.pdf,"NCHS final births by race and Hispanic origin, state of residence"
Kentucky,21,2017,54752,https://www.cdc.gov/nchs/data/nvsr/nvsr67/nvsr67_08-508.pdf,"NCHS final births by race and Hispanic origin, state of residence"
Louisiana,22,2017,61018,https://www.cdc.gov/nchs/data/nvsr/nvsr67/nvsr67_08-508.pdf,"NCHS final births by race and Hispanic origin, state of residence"
Maine,23,2017,12298,https://www.cdc.gov/nchs/data/nvsr/nvsr67/nvsr67_08-508.pdf,"NCHS final births by race and Hispanic origin, state of residence"
Maryland,24,2017,71641,https://www.cdc.gov/nchs/data/nvsr/nvsr67/nvsr67_08-508.pdf,"NCHS final births by race and Hispanic origin, state of residence"
Massachusetts,25,2017,70702,https://www.cdc.gov/nchs/data/nvsr/nvsr67/nvsr67_08-508.pdf,"NCHS final births by race and Hispanic origin, state of residence"
Michigan,26,2017,111426,https://www.cdc.gov/nchs/data/nvsr/nvsr67/nvsr67_08-508.pdf,"NCHS final births by race and Hispanic origin, state of residence"
Minnesota,27,2017,68595,https://www.cdc.gov/nchs/data/nvsr/nvsr67/nvsr67_08-508.pdf,"NCHS final births by race and Hispanic origin, state of residence"
Mississippi,28,2017,37357,https://www.cdc.gov/nchs/data/nvsr/nvsr67/nvsr67_08-508.pdf,"NCHS final births by race and Hispanic origin, state of residence"
Missouri,29,2017,73034,https://www.cdc.gov/nchs/data/nvsr/nvsr67/nvsr67_08-508.pdf,"NCHS final births by race and Hispanic origin, state of residence"
Montana,30,2017,11799,https://www.cdc.gov/nchs/data/nvsr/nvsr67/nvsr67_08-508.pdf,"NCHS final births by race and Hispanic origin, state of residence"
Nebraska,31,2017,25821,https://www.cdc.gov/nchs/data/nvsr/nvsr67/nvsr67_08-508.pdf,"NCHS final births by race and Hispanic origin, state of residence"
Nevada,32,2017,35756,https://www.cdc.gov/nchs/data/nvsr/nvsr67/nvsr67_08-508.pdf,"NCHS final births by race and Hispanic origin, state of residence"
New Hampshire,33,2017,12116,https://www.cdc.gov/nchs/data/nvsr/nvsr67/nvsr67_08-508.pdf,"NCHS final births by race and Hispanic origin, state of residence"
New Jersey,34,2017,101250,https://www.cdc.gov/nchs/data/nvsr/nvsr67/nvsr67_08-508.pdf,"NCHS final births by race and Hispanic origin, state of residence"
New Mexico,35,2017,23767,https://www.cdc.gov/nchs/data/nvsr/nvsr67/nvsr67_08-508.pdf,"NCHS final births by race and Hispanic origin, state of residence"
New York,36,2017,229737,https://www.cdc.gov/nchs/data/nvsr/nvsr67/nvsr67_08-508.pdf,"NCHS final births by race and Hispanic origin, state of residence"
North Carolina,37,2017,120125,https://www.cdc.gov/nchs/data/nvsr/nvsr67/nvsr67_08-508.pdf,"NCHS final births by race and Hispanic origin, state of residence"
North Dakota,38,2017,10737,https://www.cdc.gov/nchs/data/nvsr/nvsr67/nvsr67_08-508.pdf,"NCHS final births by race and Hispanic origin, state of residence"
Ohio,39,2017,136832,https://www.cdc.gov/nchs/data/nvsr/nvsr67/nvsr67_08-508.pdf,"NCHS final births by race and Hispanic origin, state of residence"
Oklahoma,40,2017,50214,https://www.cdc.gov/nchs/data/nvsr/nvsr67/nvsr67_08-508.pdf,"NCHS final births by race and Hispanic origin, state of residence"
Oregon,41,2017,43631,https://www.cdc.gov/nchs/data/nvsr/nvsr67/nvsr67_08-508.pdf,"NCHS final births by race and Hispanic origin, state of residence"
Pennsylvania,42,2017,137745,https://www.cdc.gov/nchs/data/nvsr/nvsr67/nvsr67_08-508.pdf,"NCHS final births by race and Hispanic origin, state of residence"
Rhode Island,44,2017,10638,https://www.cdc.gov/nchs/data/nvsr/nvsr67/nvsr67_08-508.pdf,"NCHS final births by race and Hispanic origin, state of residence"
South Carolina,45,2017,57029,https://www.cdc.gov/nchs/data/nvsr/nvsr67/nvsr67_08-508.pdf,"NCHS final births by race and Hispanic origin, state of residence"
South Dakota,46,2017,12134,https://www.cdc.gov/nchs/data/nvsr/nvsr67/nvsr67_08-508.pdf,"NCHS final births by race and Hispanic origin, state of residence"
Tennessee,47,2017,81016,https://www.cdc.gov/nchs/data/nvsr/nvsr67/nvsr67_08-508.pdf,"NCHS final births by race and Hispanic origin, state of residence"
Texas,48,2017,382050,https://www.cdc.gov/nchs/data/nvsr/nvsr67/nvsr67_08-508.pdf,"NCHS final births by race and Hispanic origin, state of residence"
Utah,49,2017,48585,https://www.cdc.gov/nchs/data/nvsr/nvsr67/nvsr67_08-508.pdf,"NCHS final births by race and Hispanic origin, state of residence"
Vermont,50,2017,5655,https://www.cdc.gov/nchs/data/nvsr/nvsr67/nvsr67_08-508.pdf,"NCHS final births by race and Hispanic origin, state of residence"
Virginia,51,2017,100391,https://www.cdc.gov/nchs/data/nvsr/nvsr67/nvsr67_08-508.pdf,"NCHS final births by race and Hispanic origin, state of residence"
Washington,53,2017,87562,https://www.cdc.gov/nchs/data/nvsr/nvsr67/nvsr67_08-508.pdf,"NCHS final births by race and Hispanic origin, state of residence"
West Virginia,54,2017,18675,https://www.cdc.gov/nchs/data/nvsr/nvsr67/nvsr67_08-508.pdf,"NCHS final births by race and Hispanic origin, state of residence"
Wisconsin,55,2017,64975,https://www.cdc.gov/nchs/data/nvsr/nvsr67/nvsr67_08-508.pdf,"NCHS final births by race and Hispanic origin, state of residence"
Wyoming,56,2017,6903,https://www.cdc.gov/nchs/data/nvsr/nvsr67/nvsr67_08-508.pdf,"NCHS final births by race and Hispanic origin, state of residence"
Alabama,01,2018,57761,https://www.cdc.gov/nchs/data/nvsr/nvsr68/nvsr68_13-508.pdf,"NCHS final births by race and Hispanic origin, state of residence"
Alaska,02,2018,10086,https://www.cdc.gov/nchs/data/nvsr/nvsr68/nvsr68_13-508.pdf,"NCHS final births by race and Hispanic origin, state of residence"
Arizona,04,2018,80723,https://www.cdc.gov/nchs/data/nvsr/nvsr68/nvsr68_13-508.pdf,"NCHS final births by race and Hispanic origin, state of residence"
Arkansas,05,2018,37018,https://www.cdc.gov/nchs/data/nvsr/nvsr68/nvsr68_13-508.pdf,"NCHS final births by race and Hispanic origin, state of residence"
California,06,2018,454920,https://www.cdc.gov/nchs/data/nvsr/nvsr68/nvsr68_13-508.pdf,"NCHS final births by race and Hispanic origin, state of residence"
Colorado,08,2018,62885,https://www.cdc.gov/nchs/data/nvsr/nvsr68/nvsr68_13-508.pdf,"NCHS final births by race and Hispanic origin, state of residence"
Connecticut,09,2018,34725,https://www.cdc.gov/nchs/data/nvsr/nvsr68/nvsr68_13-508.pdf,"NCHS final births by race and Hispanic origin, state of residence"
Delaware,10,2018,10621,https://www.cdc.gov/nchs/data/nvsr/nvsr68/nvsr68_13-508.pdf,"NCHS final births by race and Hispanic origin, state of residence"
District of Columbia,11,2018,9212,https://www.cdc.gov/nchs/data/nvsr/nvsr68/nvsr68_13-508.pdf,"NCHS final births by race and Hispanic origin, state of residence"
Florida,12,2018,221542,https://www.cdc.gov/nchs/data/nvsr/nvsr68/nvsr68_13-508.pdf,"NCHS final births by race and Hispanic origin, state of residence"
Georgia,13,2018,126172,https://www.cdc.gov/nchs/data/nvsr/nvsr68/nvsr68_13-508.pdf,"NCHS final births by race and Hispanic origin, state of residence"
Hawaii,15,2018,16972,https://www.cdc.gov/nchs/data/nvsr/nvsr68/nvsr68_13-508.pdf,"NCHS final births by race and Hispanic origin, state of residence"
Idaho,16,2018,21403,https://www.cdc.gov/nchs/data/nvsr/nvsr68/nvsr68_13-508.pdf,"NCHS final births by race and Hispanic origin, state of residence"
Illinois,17,2018,144815,https://www.cdc.gov/nchs/data/nvsr/nvsr68/nvsr68_13-508.pdf,"NCHS final births by race and Hispanic origin, state of residence"
Indiana,18,2018,81646,https://www.cdc.gov/nchs/data/nvsr/nvsr68/nvsr68_13-508.pdf,"NCHS final births by race and Hispanic origin, state of residence"
Iowa,19,2018,37785,https://www.cdc.gov/nchs/data/nvsr/nvsr68/nvsr68_13-508.pdf,"NCHS final births by race and Hispanic origin, state of residence"
Kansas,20,2018,36261,https://www.cdc.gov/nchs/data/nvsr/nvsr68/nvsr68_13-508.pdf,"NCHS final births by race and Hispanic origin, state of residence"
Kentucky,21,2018,53922,https://www.cdc.gov/nchs/data/nvsr/nvsr68/nvsr68_13-508.pdf,"NCHS final births by race and Hispanic origin, state of residence"
Louisiana,22,2018,59615,https://www.cdc.gov/nchs/data/nvsr/nvsr68/nvsr68_13-508.pdf,"NCHS final births by race and Hispanic origin, state of residence"
Maine,23,2018,12311,https://www.cdc.gov/nchs/data/nvsr/nvsr68/nvsr68_13-508.pdf,"NCHS final births by race and Hispanic origin, state of residence"
Maryland,24,2018,71080,https://www.cdc.gov/nchs/data/nvsr/nvsr68/nvsr68_13-508.pdf,"NCHS final births by race and Hispanic origin, state of residence"
Massachusetts,25,2018,69109,https://www.cdc.gov/nchs/data/nvsr/nvsr68/nvsr68_13-508.pdf,"NCHS final births by race and Hispanic origin, state of residence"
Michigan,26,2018,110032,https://www.cdc.gov/nchs/data/nvsr/nvsr68/nvsr68_13-508.pdf,"NCHS final births by race and Hispanic origin, state of residence"
Minnesota,27,2018,67344,https://www.cdc.gov/nchs/data/nvsr/nvsr68/nvsr68_13-508.pdf,"NCHS final births by race and Hispanic origin, state of residence"
Mississippi,28,2018,37000,https://www.cdc.gov/nchs/data/nvsr/nvsr68/nvsr68_13-508.pdf,"NCHS final births by race and Hispanic origin, state of residence"
Missouri,29,2018,73269,https://www.cdc.gov/nchs/data/nvsr/nvsr68/nvsr68_13-508.pdf,"NCHS final births by race and Hispanic origin, state of residence"
Montana,30,2018,11513,https://www.cdc.gov/nchs/data/nvsr/nvsr68/nvsr68_13-508.pdf,"NCHS final births by race and Hispanic origin, state of residence"
Nebraska,31,2018,25488,https://www.cdc.gov/nchs/data/nvsr/nvsr68/nvsr68_13-508.pdf,"NCHS final births by race and Hispanic origin, state of residence"
Nevada,32,2018,35682,https://www.cdc.gov/nchs/data/nvsr/nvsr68/nvsr68_13-508.pdf,"NCHS final births by race and Hispanic origin, state of residence"
New Hampshire,33,2018,11995,https://www.cdc.gov/nchs/data/nvsr/nvsr68/nvsr68_13-508.pdf,"NCHS final births by race and Hispanic origin, state of residence"
New Jersey,34,2018,101223,https://www.cdc.gov/nchs/data/nvsr/nvsr68/nvsr68_13-508.pdf,"NCHS final births by race and Hispanic origin, state of residence"
New Mexico,35,2018,23039,https://www.cdc.gov/nchs/data/nvsr/nvsr68/nvsr68_13-508.pdf,"NCHS final births by race and Hispanic origin, state of residence"
New York,36,2018,226238,https://www.cdc.gov/nchs/data/nvsr/nvsr68/nvsr68_13-508.pdf,"NCHS final births by race and Hispanic origin, state of residence"
North Carolina,37,2018,118954,https://www.cdc.gov/nchs/data/nvsr/nvsr68/nvsr68_13-508.pdf,"NCHS final births by race and Hispanic origin, state of residence"
North Dakota,38,2018,10636,https://www.cdc.gov/nchs/data/nvsr/nvsr68/nvsr68_13-508.pdf,"NCHS final births by race and Hispanic origin, state of residence"
Ohio,39,2018,135134,https://www.cdc.gov/nchs/data/nvsr/nvsr68/nvsr68_13-508.pdf,"NCHS final births by race and Hispanic origin, state of residence"
Oklahoma,40,2018,49800,https://www.cdc.gov/nchs/data/nvsr/nvsr68/nvsr68_13-508.pdf,"NCHS final births by race and Hispanic origin, state of residence"
Oregon,41,2018,42188,https://www.cdc.gov/nchs/data/nvsr/nvsr68/nvsr68_13-508.pdf,"NCHS final births by race and Hispanic origin, state of residence"
Pennsylvania,42,2018,135673,https://www.cdc.gov/nchs/data/nvsr/nvsr68/nvsr68_13-508.pdf,"NCHS final births by race and Hispanic origin, state of residence"
Rhode Island,44,2018,10506,https://www.cdc.gov/nchs/data/nvsr/nvsr68/nvsr68_13-508.pdf,"NCHS final births by race and Hispanic origin, state of residence"
South Carolina,45,2018,56669,https://www.cdc.gov/nchs/data/nvsr/nvsr68/nvsr68_13-508.pdf,"NCHS final births by race and Hispanic origin, state of residence"
South Dakota,46,2018,11893,https://www.cdc.gov/nchs/data/nvsr/nvsr68/nvsr68_13-508.pdf,"NCHS final births by race and Hispanic origin, state of residence"
Tennessee,47,2018,80751,https://www.cdc.gov/nchs/data/nvsr/nvsr68/nvsr68_13-508.pdf,"NCHS final births by race and Hispanic origin, state of residence"
Texas,48,2018,378624,https://www.cdc.gov/nchs/data/nvsr/nvsr68/nvsr68_13-508.pdf,"NCHS final births by race and Hispanic origin, state of residence"
Utah,49,2018,47209,https://www.cdc.gov/nchs/data/nvsr/nvsr68/nvsr68_13-508.pdf,"NCHS final births by race and Hispanic origin, state of residence"
Vermont,50,2018,5432,https://www.cdc.gov/nchs/data/nvsr/nvsr68/nvsr68_13-508.pdf,"NCHS final births by race and Hispanic origin, state of residence"
Virginia,51,2018,99843,https://www.cdc.gov/nchs/data/nvsr/nvsr68/nvsr68_13-508.pdf,"NCHS final births by race and Hispanic origin, state of residence"
Washington,53,2018,86085,https://www.cdc.gov/nchs/data/nvsr/nvsr68/nvsr68_13-508.pdf,"NCHS final births by race and Hispanic origin, state of residence"
West Virginia,54,2018,18248,https://www.cdc.gov/nchs/data/nvsr/nvsr68/nvsr68_13-508.pdf,"NCHS final births by race and Hispanic origin, state of residence"
Wisconsin,55,2018,64098,https://www.cdc.gov/nchs/data/nvsr/nvsr68/nvsr68_13-508.pdf,"NCHS final births by race and Hispanic origin, state of residence"
Wyoming,56,2018,6562,https://www.cdc.gov/nchs/data/nvsr/nvsr68/nvsr68_13-508.pdf,"NCHS final births by race and Hispanic origin, state of residence"
Alabama,01,2019,58615,https://www.cdc.gov/nchs/data/nvsr/nvsr70/nvsr70-02-508.pdf,"NCHS final births by race and Hispanic origin, state of residence"
Alaska,02,2019,9822,https://www.cdc.gov/nchs/data/nvsr/nvsr70/nvsr70-02-508.pdf,"NCHS final births by race and Hispanic origin, state of residence"
Arizona,04,2019,79375,https://www.cdc.gov/nchs/data/nvsr/nvsr70/nvsr70-02-508.pdf,"NCHS final births by race and Hispanic origin, state of residence"
Arkansas,05,2019,36564,https://www.cdc.gov/nchs/data/nvsr/nvsr70/nvsr70-02-508.pdf,"NCHS final births by race and Hispanic origin, state of residence"
California,06,2019,446479,https://www.cdc.gov/nchs/data/nvsr/nvsr70/nvsr70-02-508.pdf,"NCHS final births by race and Hispanic origin, state of residence"
Colorado,08,2019,62869,https://www.cdc.gov/nchs/data/nvsr/nvsr70/nvsr70-02-508.pdf,"NCHS final births by race and Hispanic origin, state of residence"
Connecticut,09,2019,34258,https://www.cdc.gov/nchs/data/nvsr/nvsr70/nvsr70-02-508.pdf,"NCHS final births by race and Hispanic origin, state of residence"
Delaware,10,2019,10562,https://www.cdc.gov/nchs/data/nvsr/nvsr70/nvsr70-02-508.pdf,"NCHS final births by race and Hispanic origin, state of residence"
District of Columbia,11,2019,9079,https://www.cdc.gov/nchs/data/nvsr/nvsr70/nvsr70-02-508.pdf,"NCHS final births by race and Hispanic origin, state of residence"
Florida,12,2019,220002,https://www.cdc.gov/nchs/data/nvsr/nvsr70/nvsr70-02-508.pdf,"NCHS final births by race and Hispanic origin, state of residence"
Georgia,13,2019,126371,https://www.cdc.gov/nchs/data/nvsr/nvsr70/nvsr70-02-508.pdf,"NCHS final births by race and Hispanic origin, state of residence"
Hawaii,15,2019,16797,https://www.cdc.gov/nchs/data/nvsr/nvsr70/nvsr70-02-508.pdf,"NCHS final births by race and Hispanic origin, state of residence"
Idaho,16,2019,22063,https://www.cdc.gov/nchs/data/nvsr/nvsr70/nvsr70-02-508.pdf,"NCHS final births by race and Hispanic origin, state of residence"
Illinois,17,2019,140128,https://www.cdc.gov/nchs/data/nvsr/nvsr70/nvsr70-02-508.pdf,"NCHS final births by race and Hispanic origin, state of residence"
Indiana,18,2019,80859,https://www.cdc.gov/nchs/data/nvsr/nvsr70/nvsr70-02-508.pdf,"NCHS final births by race and Hispanic origin, state of residence"
Iowa,19,2019,37649,https://www.cdc.gov/nchs/data/nvsr/nvsr70/nvsr70-02-508.pdf,"NCHS final births by race and Hispanic origin, state of residence"
Kansas,20,2019,35395,https://www.cdc.gov/nchs/data/nvsr/nvsr70/nvsr70-02-508.pdf,"NCHS final births by race and Hispanic origin, state of residence"
Kentucky,21,2019,53069,https://www.cdc.gov/nchs/data/nvsr/nvsr70/nvsr70-02-508.pdf,"NCHS final births by race and Hispanic origin, state of residence"
Louisiana,22,2019,58941,https://www.cdc.gov/nchs/data/nvsr/nvsr70/nvsr70-02-508.pdf,"NCHS final births by race and Hispanic origin, state of residence"
Maine,23,2019,11779,https://www.cdc.gov/nchs/data/nvsr/nvsr70/nvsr70-02-508.pdf,"NCHS final births by race and Hispanic origin, state of residence"
Maryland,24,2019,70178,https://www.cdc.gov/nchs/data/nvsr/nvsr70/nvsr70-02-508.pdf,"NCHS final births by race and Hispanic origin, state of residence"
Massachusetts,25,2019,69117,https://www.cdc.gov/nchs/data/nvsr/nvsr70/nvsr70-02-508.pdf,"NCHS final births by race and Hispanic origin, state of residence"
Michigan,26,2019,107886,https://www.cdc.gov/nchs/data/nvsr/nvsr70/nvsr70-02-508.pdf,"NCHS final births by race and Hispanic origin, state of residence"
Minnesota,27,2019,66027,https://www.cdc.gov/nchs/data/nvsr/nvsr70/nvsr70-02-508.pdf,"NCHS final births by race and Hispanic origin, state of residence"
Mississippi,28,2019,36636,https://www.cdc.gov/nchs/data/nvsr/nvsr70/nvsr70-02-508.pdf,"NCHS final births by race and Hispanic origin, state of residence"
Missouri,29,2019,72127,https://www.cdc.gov/nchs/data/nvsr/nvsr70/nvsr70-02-508.pdf,"NCHS final births by race and Hispanic origin, state of residence"
Montana,30,2019,11079,https://www.cdc.gov/nchs/data/nvsr/nvsr70/nvsr70-02-508.pdf,"NCHS final births by race and Hispanic origin, state of residence"
Nebraska,31,2019,24755,https://www.cdc.gov/nchs/data/nvsr/nvsr70/nvsr70-02-508.pdf,"NCHS final births by race and Hispanic origin, state of residence"
Nevada,32,2019,35072,https://www.cdc.gov/nchs/data/nvsr/nvsr70/nvsr70-02-508.pdf,"NCHS final births by race and Hispanic origin, state of residence"
New Hampshire,33,2019,11839,https://www.cdc.gov/nchs/data/nvsr/nvsr70/nvsr70-02-508.pdf,"NCHS final births by race and Hispanic origin, state of residence"
New Jersey,34,2019,99585,https://www.cdc.gov/nchs/data/nvsr/nvsr70/nvsr70-02-508.pdf,"NCHS final births by race and Hispanic origin, state of residence"
New Mexico,35,2019,22960,https://www.cdc.gov/nchs/data/nvsr/nvsr70/nvsr70-02-508.pdf,"NCHS final births by race and Hispanic origin, state of residence"
New York,36,2019,221539,https://www.cdc.gov/nchs/data/nvsr/nvsr70/nvsr70-02-508.pdf,"NCHS final births by race and Hispanic origin, state of residence"
North Carolina,37,2019,118725,https://www.cdc.gov/nchs/data/nvsr/nvsr70/nvsr70-02-508.pdf,"NCHS final births by race and Hispanic origin, state of residence"
North Dakota,38,2019,10454,https://www.cdc.gov/nchs/data/nvsr/nvsr70/nvsr70-02-508.pdf,"NCHS final births by race and Hispanic origin, state of residence"
Ohio,39,2019,134461,https://www.cdc.gov/nchs/data/nvsr/nvsr70/nvsr70-02-508.pdf,"NCHS final births by race and Hispanic origin, state of residence"
Oklahoma,40,2019,49143,https://www.cdc.gov/nchs/data/nvsr/nvsr70/nvsr70-02-508.pdf,"NCHS final births by race and Hispanic origin, state of residence"
Oregon,41,2019,41858,https://www.cdc.gov/nchs/data/nvsr/nvsr70/nvsr70-02-508.pdf,"NCHS final births by race and Hispanic origin, state of residence"
Pennsylvania,42,2019,134230,https://www.cdc.gov/nchs/data/nvsr/nvsr70/nvsr70-02-508.pdf,"NCHS final births by race and Hispanic origin, state of residence"
Rhode Island,44,2019,10175,https://www.cdc.gov/nchs/data/nvsr/nvsr70/nvsr70-02-508.pdf,"NCHS final births by race and Hispanic origin, state of residence"
South Carolina,45,2019,57038,https://www.cdc.gov/nchs/data/nvsr/nvsr70/nvsr70-02-508.pdf,"NCHS final births by race and Hispanic origin, state of residence"
South Dakota,46,2019,11449,https://www.cdc.gov/nchs/data/nvsr/nvsr70/nvsr70-02-508.pdf,"NCHS final births by race and Hispanic origin, state of residence"
Tennessee,47,2019,80450,https://www.cdc.gov/nchs/data/nvsr/nvsr70/nvsr70-02-508.pdf,"NCHS final births by race and Hispanic origin, state of residence"
Texas,48,2019,377599,https://www.cdc.gov/nchs/data/nvsr/nvsr70/nvsr70-02-508.pdf,"NCHS final births by race and Hispanic origin, state of residence"
Utah,49,2019,46826,https://www.cdc.gov/nchs/data/nvsr/nvsr70/nvsr70-02-508.pdf,"NCHS final births by race and Hispanic origin, state of residence"
Vermont,50,2019,5361,https://www.cdc.gov/nchs/data/nvsr/nvsr70/nvsr70-02-508.pdf,"NCHS final births by race and Hispanic origin, state of residence"
Virginia,51,2019,97429,https://www.cdc.gov/nchs/data/nvsr/nvsr70/nvsr70-02-508.pdf,"NCHS final births by race and Hispanic origin, state of residence"
Washington,53,2019,84895,https://www.cdc.gov/nchs/data/nvsr/nvsr70/nvsr70-02-508.pdf,"NCHS final births by race and Hispanic origin, state of residence"
West Virginia,54,2019,18136,https://www.cdc.gov/nchs/data/nvsr/nvsr70/nvsr70-02-508.pdf,"NCHS final births by race and Hispanic origin, state of residence"
Wisconsin,55,2019,63270,https://www.cdc.gov/nchs/data/nvsr/nvsr70/nvsr70-02-508.pdf,"NCHS final births by race and Hispanic origin, state of residence"
Wyoming,56,2019,6565,https://www.cdc.gov/nchs/data/nvsr/nvsr70/nvsr70-02-508.pdf,"NCHS final births by race and Hispanic origin, state of residence"
Alabama,01,2020,57647,https://www.cdc.gov/nchs/data/nvsr/nvsr70/nvsr70-17.pdf,"NCHS final births by race and Hispanic origin, state of residence"
Alaska,02,2020,9469,https://www.cdc.gov/nchs/data/nvsr/nvsr70/nvsr70-17.pdf,"NCHS final births by race and Hispanic origin, state of residence"
Arizona,04,2020,76947,https://www.cdc.gov/nchs/data/nvsr/nvsr70/nvsr70-17.pdf,"NCHS final births by race and Hispanic origin, state of residence"
Arkansas,05,2020,35251,https://www.cdc.gov/nchs/data/nvsr/nvsr70/nvsr70-17.pdf,"NCHS final births by race and Hispanic origin, state of residence"
California,06,2020,420259,https://www.cdc.gov/nchs/data/nvsr/nvsr70/nvsr70-17.pdf,"NCHS final births by race and Hispanic origin, state of residence"
Colorado,08,2020,61494,https://www.cdc.gov/nchs/data/nvsr/nvsr70/nvsr70-17.pdf,"NCHS final births by race and Hispanic origin, state of residence"
Connecticut,09,2020,33460,https://www.cdc.gov/nchs/data/nvsr/nvsr70/nvsr70-17.pdf,"NCHS final births by race and Hispanic origin, state of residence"
Delaware,10,2020,10392,https://www.cdc.gov/nchs/data/nvsr/nvsr70/nvsr70-17.pdf,"NCHS final births by race and Hispanic origin, state of residence"
District of Columbia,11,2020,8874,https://www.cdc.gov/nchs/data/nvsr/nvsr70/nvsr70-17.pdf,"NCHS final births by race and Hispanic origin, state of residence"
Florida,12,2020,209671,https://www.cdc.gov/nchs/data/nvsr/nvsr70/nvsr70-17.pdf,"NCHS final births by race and Hispanic origin, state of residence"
Georgia,13,2020,122473,https://www.cdc.gov/nchs/data/nvsr/nvsr70/nvsr70-17.pdf,"NCHS final births by race and Hispanic origin, state of residence"
Hawaii,15,2020,15785,https://www.cdc.gov/nchs/data/nvsr/nvsr70/nvsr70-17.pdf,"NCHS final births by race and Hispanic origin, state of residence"
Idaho,16,2020,21533,https://www.cdc.gov/nchs/data/nvsr/nvsr70/nvsr70-17.pdf,"NCHS final births by race and Hispanic origin, state of residence"
Illinois,17,2020,133298,https://www.cdc.gov/nchs/data/nvsr/nvsr70/nvsr70-17.pdf,"NCHS final births by race and Hispanic origin, state of residence"
Indiana,18,2020,78616,https://www.cdc.gov/nchs/data/nvsr/nvsr70/nvsr70-17.pdf,"NCHS final births by race and Hispanic origin, state of residence"
Iowa,19,2020,36114,https://www.cdc.gov/nchs/data/nvsr/nvsr70/nvsr70-17.pdf,"NCHS final births by race and Hispanic origin, state of residence"
Kansas,20,2020,34376,https://www.cdc.gov/nchs/data/nvsr/nvsr70/nvsr70-17.pdf,"NCHS final births by race and Hispanic origin, state of residence"
Kentucky,21,2020,51668,https://www.cdc.gov/nchs/data/nvsr/nvsr70/nvsr70-17.pdf,"NCHS final births by race and Hispanic origin, state of residence"
Louisiana,22,2020,57328,https://www.cdc.gov/nchs/data/nvsr/nvsr70/nvsr70-17.pdf,"NCHS final births by race and Hispanic origin, state of residence"
Maine,23,2020,11539,https://www.cdc.gov/nchs/data/nvsr/nvsr70/nvsr70-17.pdf,"NCHS final births by race and Hispanic origin, state of residence"
Maryland,24,2020,68554,https://www.cdc.gov/nchs/data/nvsr/nvsr70/nvsr70-17.pdf,"NCHS final births by race and Hispanic origin, state of residence"
Massachusetts,25,2020,66428,https://www.cdc.gov/nchs/data/nvsr/nvsr70/nvsr70-17.pdf,"NCHS final births by race and Hispanic origin, state of residence"
Michigan,26,2020,104074,https://www.cdc.gov/nchs/data/nvsr/nvsr70/nvsr70-17.pdf,"NCHS final births by race and Hispanic origin, state of residence"
Minnesota,27,2020,63443,https://www.cdc.gov/nchs/data/nvsr/nvsr70/nvsr70-17.pdf,"NCHS final births by race and Hispanic origin, state of residence"
Mississippi,28,2020,35473,https://www.cdc.gov/nchs/data/nvsr/nvsr70/nvsr70-17.pdf,"NCHS final births by race and Hispanic origin, state of residence"
Missouri,29,2020,69285,https://www.cdc.gov/nchs/data/nvsr/nvsr70/nvsr70-17.pdf,"NCHS final births by race and Hispanic origin, state of residence"
Montana,30,2020,10791,https://www.cdc.gov/nchs/data/nvsr/nvsr70/nvsr70-17.pdf,"NCHS final births by race and Hispanic origin, state of residence"
Nebraska,31,2020,24291,https://www.cdc.gov/nchs/data/nvsr/nvsr70/nvsr70-17.pdf,"NCHS final births by race and Hispanic origin, state of residence"
Nevada,32,2020,33653,https://www.cdc.gov/nchs/data/nvsr/nvsr70/nvsr70-17.pdf,"NCHS final births by race and Hispanic origin, state of residence"
New Hampshire,33,2020,11791,https://www.cdc.gov/nchs/data/nvsr/nvsr70/nvsr70-17.pdf,"NCHS final births by race and Hispanic origin, state of residence"
New Jersey,34,2020,97954,https://www.cdc.gov/nchs/data/nvsr/nvsr70/nvsr70-17.pdf,"NCHS final births by race and Hispanic origin, state of residence"
New Mexico,35,2020,21903,https://www.cdc.gov/nchs/data/nvsr/nvsr70/nvsr70-17.pdf,"NCHS final births by race and Hispanic origin, state of residence"
New York,36,2020,209338,https://www.cdc.gov/nchs/data/nvsr/nvsr70/nvsr70-17.pdf,"NCHS final births by race and Hispanic origin, state of residence"
North Carolina,37,2020,116730,https://www.cdc.gov/nchs/data/nvsr/nvsr70/nvsr70-17.pdf,"NCHS final births by race and Hispanic origin, state of residence"
North Dakota,38,2020,10059,https://www.cdc.gov/nchs/data/nvsr/nvsr70/nvsr70-17.pdf,"NCHS final births by race and Hispanic origin, state of residence"
Ohio,39,2020,129191,https://www.cdc.gov/nchs/data/nvsr/nvsr70/nvsr70-17.pdf,"NCHS final births by race and Hispanic origin, state of residence"
Oklahoma,40,2020,47623,https://www.cdc.gov/nchs/data/nvsr/nvsr70/nvsr70-17.pdf,"NCHS final births by race and Hispanic origin, state of residence"
Oregon,41,2020,39820,https://www.cdc.gov/nchs/data/nvsr/nvsr70/nvsr70-17.pdf,"NCHS final births by race and Hispanic origin, state of residence"
Pennsylvania,42,2020,130693,https://www.cdc.gov/nchs/data/nvsr/nvsr70/nvsr70-17.pdf,"NCHS final births by race and Hispanic origin, state of residence"
Rhode Island,44,2020,10101,https://www.cdc.gov/nchs/data/nvsr/nvsr70/nvsr70-17.pdf,"NCHS final births by race and Hispanic origin, state of residence"
South Carolina,45,2020,55704,https://www.cdc.gov/nchs/data/nvsr/nvsr70/nvsr70-17.pdf,"NCHS final births by race and Hispanic origin, state of residence"
South Dakota,46,2020,10960,https://www.cdc.gov/nchs/data/nvsr/nvsr70/nvsr70-17.pdf,"NCHS final births by race and Hispanic origin, state of residence"
Tennessee,47,2020,78689,https://www.cdc.gov/nchs/data/nvsr/nvsr70/nvsr70-17.pdf,"NCHS final births by race and Hispanic origin, state of residence"
Texas,48,2020,368190,https://www.cdc.gov/nchs/data/nvsr/nvsr70/nvsr70-17.pdf,"NCHS final births by race and Hispanic origin, state of residence"
Utah,49,2020,45702,https://www.cdc.gov/nchs/data/nvsr/nvsr70/nvsr70-17.pdf,"NCHS final births by race and Hispanic origin, state of residence"
Vermont,50,2020,5133,https://www.cdc.gov/nchs/data/nvsr/nvsr70/nvsr70-17.pdf,"NCHS final births by race and Hispanic origin, state of residence"
Virginia,51,2020,94749,https://www.cdc.gov/nchs/data/nvsr/nvsr70/nvsr70-17.pdf,"NCHS final births by race and Hispanic origin, state of residence"
Washington,53,2020,83086,https://www.cdc.gov/nchs/data/nvsr/nvsr70/nvsr70-17.pdf,"NCHS final births by race and Hispanic origin, state of residence"
West Virginia,54,2020,17323,https://www.cdc.gov/nchs/data/nvsr/nvsr70/nvsr70-17.pdf,"NCHS final births by race and Hispanic origin, state of residence"
Wisconsin,55,2020,60594,https://www.cdc.gov/nchs/data/nvsr/nvsr70/nvsr70-17.pdf,"NCHS final births by race and Hispanic origin, state of residence"
Wyoming,56,2020,6128,https://www.cdc.gov/nchs/data/nvsr/nvsr70/nvsr70-17.pdf,"NCHS final births by race and Hispanic origin, state of residence"
Alabama,01,2021,58054,https://www.cdc.gov/nchs/data/nvsr/nvsr72/nvsr72-01.pdf,"NCHS final births by race and Hispanic origin, state of residence"
Alaska,02,2021,9367,https://www.cdc.gov/nchs/data/nvsr/nvsr72/nvsr72-01.pdf,"NCHS final births by race and Hispanic origin, state of residence"
Arizona,04,2021,77916,https://www.cdc.gov/nchs/data/nvsr/nvsr72/nvsr72-01.pdf,"NCHS final births by race and Hispanic origin, state of residence"
Arkansas,05,2021,35965,https://www.cdc.gov/nchs/data/nvsr/nvsr72/nvsr72-01.pdf,"NCHS final births by race and Hispanic origin, state of residence"
California,06,2021,420608,https://www.cdc.gov/nchs/data/nvsr/nvsr72/nvsr72-01.pdf,"NCHS final births by race and Hispanic origin, state of residence"
Colorado,08,2021,62949,https://www.cdc.gov/nchs/data/nvsr/nvsr72/nvsr72-01.pdf,"NCHS final births by race and Hispanic origin, state of residence"
Connecticut,09,2021,35670,https://www.cdc.gov/nchs/data/nvsr/nvsr72/nvsr72-01.pdf,"NCHS final births by race and Hispanic origin, state of residence"
Delaware,10,2021,10482,https://www.cdc.gov/nchs/data/nvsr/nvsr72/nvsr72-01.pdf,"NCHS final births by race and Hispanic origin, state of residence"
District of Columbia,11,2021,8660,https://www.cdc.gov/nchs/data/nvsr/nvsr72/nvsr72-01.pdf,"NCHS final births by race and Hispanic origin, state of residence"
Florida,12,2021,216260,https://www.cdc.gov/nchs/data/nvsr/nvsr72/nvsr72-01.pdf,"NCHS final births by race and Hispanic origin, state of residence"
Georgia,13,2021,124073,https://www.cdc.gov/nchs/data/nvsr/nvsr72/nvsr72-01.pdf,"NCHS final births by race and Hispanic origin, state of residence"
Hawaii,15,2021,15620,https://www.cdc.gov/nchs/data/nvsr/nvsr72/nvsr72-01.pdf,"NCHS final births by race and Hispanic origin, state of residence"
Idaho,16,2021,22427,https://www.cdc.gov/nchs/data/nvsr/nvsr72/nvsr72-01.pdf,"NCHS final births by race and Hispanic origin, state of residence"
Illinois,17,2021,132189,https://www.cdc.gov/nchs/data/nvsr/nvsr72/nvsr72-01.pdf,"NCHS final births by race and Hispanic origin, state of residence"
Indiana,18,2021,79946,https://www.cdc.gov/nchs/data/nvsr/nvsr72/nvsr72-01.pdf,"NCHS final births by race and Hispanic origin, state of residence"
Iowa,19,2021,36835,https://www.cdc.gov/nchs/data/nvsr/nvsr72/nvsr72-01.pdf,"NCHS final births by race and Hispanic origin, state of residence"
Kansas,20,2021,34705,https://www.cdc.gov/nchs/data/nvsr/nvsr72/nvsr72-01.pdf,"NCHS final births by race and Hispanic origin, state of residence"
Kentucky,21,2021,52214,https://www.cdc.gov/nchs/data/nvsr/nvsr72/nvsr72-01.pdf,"NCHS final births by race and Hispanic origin, state of residence"
Louisiana,22,2021,57437,https://www.cdc.gov/nchs/data/nvsr/nvsr72/nvsr72-01.pdf,"NCHS final births by race and Hispanic origin, state of residence"
Maine,23,2021,12006,https://www.cdc.gov/nchs/data/nvsr/nvsr72/nvsr72-01.pdf,"NCHS final births by race and Hispanic origin, state of residence"
Maryland,24,2021,68285,https://www.cdc.gov/nchs/data/nvsr/nvsr72/nvsr72-01.pdf,"NCHS final births by race and Hispanic origin, state of residence"
Massachusetts,25,2021,69137,https://www.cdc.gov/nchs/data/nvsr/nvsr72/nvsr72-01.pdf,"NCHS final births by race and Hispanic origin, state of residence"
Michigan,26,2021,104980,https://www.cdc.gov/nchs/data/nvsr/nvsr72/nvsr72-01.pdf,"NCHS final births by race and Hispanic origin, state of residence"
Minnesota,27,2021,64425,https://www.cdc.gov/nchs/data/nvsr/nvsr72/nvsr72-01.pdf,"NCHS final births by race and Hispanic origin, state of residence"
Mississippi,28,2021,35156,https://www.cdc.gov/nchs/data/nvsr/nvsr72/nvsr72-01.pdf,"NCHS final births by race and Hispanic origin, state of residence"
Missouri,29,2021,69453,https://www.cdc.gov/nchs/data/nvsr/nvsr72/nvsr72-01.pdf,"NCHS final births by race and Hispanic origin, state of residence"
Montana,30,2021,11231,https://www.cdc.gov/nchs/data/nvsr/nvsr72/nvsr72-01.pdf,"NCHS final births by race and Hispanic origin, state of residence"
Nebraska,31,2021,24609,https://www.cdc.gov/nchs/data/nvsr/nvsr72/nvsr72-01.pdf,"NCHS final births by race and Hispanic origin, state of residence"
Nevada,32,2021,33686,https://www.cdc.gov/nchs/data/nvsr/nvsr72/nvsr72-01.pdf,"NCHS final births by race and Hispanic origin, state of residence"
New Hampshire,33,2021,12625,https://www.cdc.gov/nchs/data/nvsr/nvsr72/nvsr72-01.pdf,"NCHS final births by race and Hispanic origin, state of residence"
New Jersey,34,2021,101497,https://www.cdc.gov/nchs/data/nvsr/nvsr72/nvsr72-01.pdf,"NCHS final births by race and Hispanic origin, state of residence"
New Mexico,35,2021,21391,https://www.cdc.gov/nchs/data/nvsr/nvsr72/nvsr72-01.pdf,"NCHS final births by race and Hispanic origin, state of residence"
New York,36,2021,210742,https://www.cdc.gov/nchs/data/nvsr/nvsr72/nvsr72-01.pdf,"NCHS final births by race and Hispanic origin, state of residence"
North Carolina,37,2021,120466,https://www.cdc.gov/nchs/data/nvsr/nvsr72/nvsr72-01.pdf,"NCHS final births by race and Hispanic origin, state of residence"
North Dakota,38,2021,10112,https://www.cdc.gov/nchs/data/nvsr/nvsr72/nvsr72-01.pdf,"NCHS final births by race and Hispanic origin, state of residence"
Ohio,39,2021,129791,https://www.cdc.gov/nchs/data/nvsr/nvsr72/nvsr72-01.pdf,"NCHS final births by race and Hispanic origin, state of residence"
Oklahoma,40,2021,48410,https://www.cdc.gov/nchs/data/nvsr/nvsr72/nvsr72-01.pdf,"NCHS final births by race and Hispanic origin, state of residence"
Oregon,41,2021,40914,https://www.cdc.gov/nchs/data/nvsr/nvsr72/nvsr72-01.pdf,"NCHS final births by race and Hispanic origin, state of residence"
Pennsylvania,42,2021,132622,https://www.cdc.gov/nchs/data/nvsr/nvsr72/nvsr72-01.pdf,"NCHS final births by race and Hispanic origin, state of residence"
Rhode Island,44,2021,10464,https://www.cdc.gov/nchs/data/nvsr/nvsr72/nvsr72-01.pdf,"NCHS final births by race and Hispanic origin, state of residence"
South Carolina,45,2021,57185,https://www.cdc.gov/nchs/data/nvsr/nvsr72/nvsr72-01.pdf,"NCHS final births by race and Hispanic origin, state of residence"
South Dakota,46,2021,11369,https://www.cdc.gov/nchs/data/nvsr/nvsr72/nvsr72-01.pdf,"NCHS final births by race and Hispanic origin, state of residence"
Tennessee,47,2021,81717,https://www.cdc.gov/nchs/data/nvsr/nvsr72/nvsr72-01.pdf,"NCHS final births by race and Hispanic origin, state of residence"
Texas,48,2021,373594,https://www.cdc.gov/nchs/data/nvsr/nvsr72/nvsr72-01.pdf,"NCHS final births by race and Hispanic origin, state of residence"
Utah,49,2021,46712,https://www.cdc.gov/nchs/data/nvsr/nvsr72/nvsr72-01.pdf,"NCHS final births by race and Hispanic origin, state of residence"
Vermont,50,2021,5384,https://www.cdc.gov/nchs/data/nvsr/nvsr72/nvsr72-01.pdf,"NCHS final births by race and Hispanic origin, state of residence"
Virginia,51,2021,95825,https://www.cdc.gov/nchs/data/nvsr/nvsr72/nvsr72-01.pdf,"NCHS final births by race and Hispanic origin, state of residence"
Washington,53,2021,83911,https://www.cdc.gov/nchs/data/nvsr/nvsr72/nvsr72-01.pdf,"NCHS final births by race and Hispanic origin, state of residence"
West Virginia,54,2021,17198,https://www.cdc.gov/nchs/data/nvsr/nvsr72/nvsr72-01.pdf,"NCHS final births by race and Hispanic origin, state of residence"
Wisconsin,55,2021,61781,https://www.cdc.gov/nchs/data/nvsr/nvsr72/nvsr72-01.pdf,"NCHS final births by race and Hispanic origin, state of residence"
Wyoming,56,2021,6237,https://www.cdc.gov/nchs/data/nvsr/nvsr72/nvsr72-01.pdf,"NCHS final births by race and Hispanic origin, state of residence"
