year,country,policy,population,households,living_clans,births,deaths,migrants,mean_children_per_completed_family,mean_child_investment,upward_mobility_rate,high_status_share,median_household_resources,bottom_clan_extinction_share,below_deadline_share,occupational_persistence_rate,precarious_inheritance_rate,fertility_realization_gap,political_occupation_share,medical_occupation_share,precarious_occupation_share,unemployment_rate,injury_rate,homeownership_rate,licensed_physician_share,state_sector_share,political_dynasty_share,faction_concentration,elite_marriage_share
1970,CHN,无专项生育限制,1373,300,300,0,0,0,0.0,0.0,0.0,0.00167,80.1192,0.0,0.06346,0.0,0.0,1.99503,0.0,0.02167,0.14333,0.0,0.0,0.53,0.02167,0.095,0.0,0,0.0
1970,IND,国家家庭福利/计划生育项目（简化）,1383,300,300,0,0,0,0.0,0.0,0.0,0.00333,67.3484,0.0,0.0035,0.0,0.0,2.34068,0.0,0.03333,0.16667,0.0,0.0,0.76,0.03333,0.105,0.0,0,0.0
1970,JPN,无专项生育限制,374,120,120,0,0,0,0.0,0.0,0.0,0.04167,167.5485,0.0,0.00877,0.0,0.0,0.46508,0.0,0.05833,0.08333,0.0,0.0,0.575,0.05833,0.15417,0.0,0,0.01667
1970,USA,无专项生育限制,660,200,200,0,0,0,0.0,0.0,0.0,0.035,178.5579,0.0,0.04199,0.0,0.0,0.44132,0.0,0.035,0.095,0.0,0.0,0.59,0.035,0.1475,0.0,0,0.005
1971,CHN,晚、稀、少,1410,300,300,40,3,0,0.0,6.2391,0.0,0.00167,74.5921,0.0,0.13865,0.0,0.0,1.87408,0.0,0.02167,0.13333,0.04,0.00167,0.53,0.02167,0.09333,0.0,0,0.0
1971,IND,国家家庭福利/计划生育项目（简化）,1434,300,300,52,1,0,0.0,4.3855,0.0,0.00334,64.1639,0.0,0.03559,0.0,0.0,2.19105,0.0,0.03339,0.15693,0.03005,0.00167,0.76,0.03339,0.10184,0.0,0,0.0
1971,JPN,无专项生育限制,377,120,120,3,0,0,0.0,40.2413,0.0,0.04167,176.1887,0.0,0.03556,0.0,0.0,0.43325,0.0,0.05833,0.08333,0.02917,0.0,0.575,0.05833,0.15417,0.0,0,0.01667
1971,USA,无专项生育限制,669,200,200,9,0,0,0.0,30.9145,0.0,0.035,190.3526,0.0,0.07588,0.0,0.0,0.39119,0.0,0.035,0.09,0.02,0.0025,0.59,0.035,0.145,0.0,0,0.005
1972,CHN,晚、稀、少,1438,299,300,37,3,6,0.0,5.7357,0.0,0.00167,66.9547,0.0,0.16071,0.0,0.0,1.76632,0.0,0.02174,0.1388,0.04181,0.00167,0.53177,0.02174,0.0903,0.0,0,0.0
1972,IND,国家家庭福利/计划生育项目（简化）,1479,299,300,51,3,15,0.0,3.9223,0.0,0.00335,59.7194,0.0,0.06486,0.0,0.0,2.04434,0.0,0.0335,0.14908,0.04355,0.00335,0.7592,0.0335,0.1005,0.0,0,0.0
1972,JPN,无专项生育限制,380,121,120,2,1,2,0.0,39.4384,0.0,0.04132,179.0433,0.0,0.03167,0.0,0.0,0.41192,0.0,0.05785,0.07851,0.03719,0.00413,0.57025,0.05785,0.15702,0.0,0,0.01653
1972,USA,无专项生育限制,677,201,200,3,2,11,0.0,30.7664,0.0,0.0325,197.3865,0.0,0.08683,0.0,0.0,0.36136,0.0,0.035,0.085,0.03,0.01,0.59204,0.035,0.1375,0.0,0,0.00503
1973,CHN,晚、稀、少,1466,298,300,35,2,5,0.0,5.263,0.0,0.00168,60.9104,0.0,0.18216,0.0,0.0,1.66858,0.0,0.02189,0.13636,0.04209,0.00337,0.5302,0.02189,0.09259,0.0,0,0.0
1973,IND,国家家庭福利/计划生育项目（简化）,1526,299,300,49,2,0,0.0,3.5269,0.0,0.00336,55.3585,0.0,0.08124,0.0,0.0,1.90916,0.0,0.03356,0.13926,0.05369,0.00671,0.7592,0.03356,0.10235,0.0,0,0.0
1973,JPN,无专项生育限制,388,122,120,5,0,3,0.0,38.8974,0.0,0.04098,182.056,0.0,0.02956,0.0,0.0,0.36709,0.0,0.05738,0.07787,0.02049,0.0041,0.56557,0.05738,0.16393,0.0,0,0.01639
1973,USA,无专项生育限制,682,201,200,3,0,8,0.0,30.5446,0.0,0.0325,202.4933,0.0,0.09568,0.0,0.0,0.34288,0.0,0.035,0.0825,0.0325,0.01,0.59701,0.035,0.1375,0.0,0,0.00503
1974,CHN,晚、稀、少,1489,298,300,26,3,0,0.0,4.8586,0.0,0.00168,56.2417,0.0,0.2229,0.0,0.0,1.59051,0.0,0.02189,0.13468,0.04209,0.00673,0.5302,0.02189,0.09428,0.0,0,0.0
1974,IND,国家家庭福利/计划生育项目（简化）,1573,299,300,49,2,0,0.0,3.1417,0.0,0.00336,50.057,0.0,0.10879,0.0,0.0,1.76546,0.0,0.03361,0.1395,0.05882,0.01513,0.7592,0.03361,0.1042,0.0,0,0.0
1974,JPN,无专项生育限制,390,122,120,2,0,0,0.0,38.146,0.0,0.04098,180.4596,0.0,0.03279,0.0,0.0,0.34466,0.0,0.05738,0.07787,0.02459,0.0041,0.56557,0.05738,0.16803,0.0,0,0.01639
1974,USA,无专项生育限制,684,201,200,5,3,0,0.0,31.0301,0.0,0.0325,207.6438,0.0,0.08911,0.0,0.0,0.32442,0.0,0.035,0.085,0.0425,0.0125,0.59701,0.035,0.1375,0.0,0,0.005
1975,CHN,晚、稀、少,1508,299,300,22,3,0,0.0,4.4777,0.0,0.00169,49.7897,0.0,0.26726,0.0,0.0,1.54114,0.0,0.02196,0.12838,0.05405,0.01351,0.52843,0.02196,0.09797,0.0,0,0.0
1975,IND,国家家庭福利/计划生育项目（简化）,1606,299,300,35,2,0,0.0,2.8708,0.0,0.00336,46.3419,0.0,0.14319,0.0,0.0,1.67381,0.0,0.03361,0.1395,0.05882,0.02185,0.7592,0.03361,0.10588,0.0,0,0.0
1975,JPN,无专项生育限制,394,122,120,5,1,0,0.0,37.8022,0.0,0.04098,183.3754,0.0,0.04908,0.0,0.0,0.30113,0.0,0.05738,0.07377,0.03689,0.0041,0.56557,0.05738,0.16803,0.0,0,0.01639
1975,USA,无专项生育限制,686,201,200,2,0,0,0.0,30.6419,0.0,0.0275,210.3523,0.0,0.10284,0.0,0.0,0.31127,0.0,0.035,0.09,0.03,0.015,0.59701,0.035,0.14,0.0,0,0.005
1976,CHN,晚、稀、少,1517,300,300,15,3,11,0.0,4.1771,0.15385,0.00498,43.5514,0.0,0.3184,0.53846,0.5,1.52528,0.0,0.02156,0.12935,0.05804,0.01327,0.53,0.02156,0.09453,0.0,0,0.0
1976,IND,国家家庭福利/计划生育项目（简化）,1626,298,300,26,2,4,0.0,2.6328,0.21429,0.0033,39.7991,0.0,0.17848,0.28571,0.25,1.60051,0.0,0.033,0.13531,0.06931,0.02475,0.75839,0.033,0.10891,0.0,0,0.0
1976,JPN,无专项生育限制,403,123,120,2,0,7,0.0,38.1502,0.0,0.04,184.8904,0.0,0.05096,0.5,0.0,0.28648,0.0,0.056,0.076,0.04,0.008,0.56098,0.056,0.168,0.0,0,0.01626
1976,USA,无专项生育限制,692,201,200,6,0,0,0.0,30.5216,0.0,0.02963,211.7637,0.0,0.11877,0.2,0.0,0.28395,0.0,0.03457,0.08889,0.05432,0.01728,0.59701,0.03457,0.14074,0.0,0,0.005
1977,CHN,晚、稀、少,1533,302,300,18,2,0,2.875,3.9695,0.27273,0.00489,39.9161,0.0,0.36476,0.45833,0.25,1.48571,0.0,0.02121,0.13214,0.0522,0.01958,0.53311,0.02121,0.10114,0.0,0,0.0
1977,IND,国家家庭福利/计划生育项目（简化）,1650,302,300,25,1,0,3.3684,2.4643,0.04,0.00317,34.6671,0.0,0.19747,0.25641,0.16667,1.58442,0.0,0.0317,0.13629,0.06181,0.02694,0.75166,0.0317,0.11727,0.0,0,0.0
1977,JPN,无专项生育限制,407,125,120,4,0,0,0.9091,37.3253,0.0,0.03953,186.5724,0.0,0.05714,0.57143,0.0,0.26663,0.0,0.05534,0.07905,0.04743,0.00791,0.568,0.05534,0.16601,0.0,0,0.016
1977,USA,无专项生育限制,696,201,200,4,0,0,1.2273,31.3326,0.2,0.02927,214.7125,0.0,0.1281,0.1,0.0,0.26617,0.0,0.03415,0.09512,0.05122,0.01951,0.59701,0.03415,0.14146,0.0,0,0.005
1978,CHN,晚、稀、少,1541,302,300,10,2,0,2.7419,3.7965,0.04762,0.00474,33.4896,0.0,0.4047,0.44444,0.4,1.44748,0.0,0.02054,0.13586,0.05213,0.02212,0.53311,0.02054,0.09953,0.0,0,0.0
1978,IND,国家家庭福利/计划生育项目（简化）,1667,304,300,21,4,0,3.1842,2.2834,0.06667,0.00311,29.732,0.0,0.22314,0.33333,0.18182,1.54696,0.0,0.03106,0.13975,0.05435,0.03106,0.75,0.03106,0.11801,0.0,0,0.0
1978,JPN,无专项生育限制,408,126,120,2,1,0,1.1364,37.9797,0.0,0.03861,185.141,0.0,0.0625,0.38462,0.0,0.25456,0.0,0.05405,0.07336,0.02317,0.00772,0.57143,0.05405,0.16988,0.0,0,0.01587
1978,USA,无专项生育限制,700,205,200,4,0,0,1.3529,32.216,0.18182,0.03088,214.3343,0.0,0.13248,0.19048,0.5,0.26293,0.0,0.03325,0.09264,0.04038,0.019,0.6,0.03325,0.14252,0.0,0,0.0
1979,CHN,晚、稀、少,1551,311,300,11,1,0,2.6923,3.6724,0.08,0.00456,28.5049,0.0,0.42005,0.42857,0.375,1.50334,0.0,0.01976,0.1383,0.04559,0.02128,0.53376,0.01976,0.10182,0.0,0,0.0
1979,IND,国家家庭福利/计划生育项目（简化）,1680,306,300,16,1,8,3.1228,2.1892,0.0,0.00296,25.9622,0.0,0.25424,0.33721,0.1875,1.52611,0.0,0.02963,0.13926,0.06074,0.03111,0.7451,0.02963,0.12444,0.0,0,0.0
1979,JPN,无专项生育限制,416,129,120,3,0,5,1.4062,39.5194,0.0,0.03774,192.8652,0.0,0.06306,0.4375,0.0,0.24301,0.0,0.05283,0.0717,0.04151,0.01509,0.5814,0.05283,0.16981,0.0,0,0.0155
1979,USA,无专项生育限制,697,204,200,1,1,3,1.234,32.6791,0.2,0.03073,214.2387,0.0,0.14085,0.23077,0.33333,0.25699,0.0,0.0331,0.0922,0.04728,0.01891,0.60294,0.0331,0.14184,0.0,0,0.0
1980,CHN,独生子女为主（含例外）,1554,314,300,5,2,0,2.8873,3.5364,0.125,0.00727,24.335,0.0,0.43014,0.43137,0.28571,1.49939,0.0,0.0189,0.13227,0.04651,0.02471,0.53503,0.0189,0.1032,0.0,0,0.0
1980,IND,国家家庭福利/计划生育项目（简化）,1693,313,300,14,3,2,3.2,2.1147,0.15625,0.00282,22.2417,0.0,0.27954,0.38136,0.36,1.55652,0.00141,0.02825,0.14548,0.0678,0.03107,0.7476,0.02825,0.12006,0.0,0,0.0
1980,JPN,无专项生育限制,418,131,120,2,0,0,1.3611,38.4419,0.0,0.03358,197.0044,0.0,0.06061,0.42105,0.0,0.23796,0.0,0.05224,0.07463,0.02985,0.01866,0.58779,0.05224,0.16791,0.0,0,0.01527
1980,USA,无专项生育限制,697,210,200,2,0,2,1.4091,33.4009,0.1,0.03016,205.7005,0.0,0.15306,0.27778,0.5,0.27117,0.0,0.03248,0.09745,0.04176,0.01856,0.60476,0.03248,0.14385,0.0,0,0.00481
1981,CHN,独生子女为主（含例外）,1557,324,300,6,3,0,2.9222,3.4506,0.18519,0.00699,21.4928,0.0,0.43605,0.3876,0.23077,1.57147,0.0,0.01818,0.13007,0.04895,0.03217,0.53395,0.01818,0.10909,0.0,0,0.00318
1981,IND,国家家庭福利/计划生育项目（简化）,1709,322,300,17,1,0,3.2188,2.0278,0.10714,0.00272,19.582,0.0,0.29706,0.39041,0.33333,1.60393,0.00136,0.02721,0.14014,0.06531,0.03129,0.75155,0.02721,0.12517,0.0,0,0.0
1981,JPN,无专项生育限制,419,134,120,2,1,0,1.383,39.2476,0.2,0.03901,190.0285,0.0,0.10784,0.41176,0.28571,0.2537,0.0,0.04965,0.07801,0.04255,0.01773,0.58209,0.04965,0.15957,0.0,0,0.01504
1981,USA,无专项生育限制,700,216,200,4,1,0,1.4416,34.11,0.0,0.02915,204.478,0.0,0.17045,0.35294,0.57143,0.28181,0.0,0.03139,0.09641,0.03812,0.02018,0.60648,0.03139,0.15471,0.0,0,0.00467
1982,CHN,独生子女为主（含例外）,1561,333,300,6,2,0,2.9817,3.4193,0.15556,0.00659,19.1407,0.0,0.47293,0.39655,0.26316,1.62237,0.0,0.01713,0.12648,0.06061,0.03426,0.53453,0.01713,0.11067,0.0,0,0.00311
1982,IND,国家家庭福利/计划生育项目（简化）,1725,330,300,18,2,0,3.3033,2.0045,0.16327,0.00255,18.6353,0.0,0.32286,0.34872,0.29268,1.63186,0.00128,0.02554,0.14176,0.05619,0.03193,0.74848,0.02554,0.12899,0.0,0,0.0
1982,JPN,无专项生育限制,419,138,120,0,0,0,1.431,40.3713,0.09091,0.03754,192.394,0.0,0.11111,0.42222,0.375,0.26809,0.0,0.04778,0.0785,0.04778,0.02048,0.5942,0.04778,0.157,0.0,0,0.0146
1982,USA,无专项生育限制,702,217,200,2,0,0,1.4884,34.5815,0.0,0.02845,202.3696,0.0,0.18519,0.32258,0.55556,0.27764,0.0,0.03063,0.09847,0.03282,0.02188,0.60369,0.03063,0.15536,0.0,0,0.00465
1983,CHN,独生子女为主（含例外）,1566,346,300,7,2,0,3.0229,3.4269,0.08108,0.00629,18.7195,0.0,0.49568,0.4218,0.34043,1.69485,0.0,0.01635,0.13459,0.05283,0.03648,0.53757,0.01635,0.11572,0.0,0,0.00299
1983,IND,国家家庭福利/计划生育项目（简化）,1740,349,300,17,2,0,3.3776,1.9812,0.13889,0.00367,15.615,0.0,0.317,0.35931,0.34043,1.77513,0.00122,0.02445,0.1357,0.06357,0.03178,0.74212,0.02445,0.13325,0.0,0,0.0
1983,JPN,无专项生育限制,421,140,120,2,0,0,1.3803,40.8263,0.09091,0.03618,192.9819,0.0,0.11579,0.375,0.375,0.26366,0.0,0.04605,0.08553,0.06579,0.01974,0.6,0.04605,0.16447,0.0,0,0.01439
1983,USA,无专项生育限制,705,226,200,4,1,0,1.4792,35.4841,0.06667,0.02972,203.7379,0.0,0.16774,0.33766,0.5,0.28995,0.0,0.02972,0.09979,0.03822,0.02548,0.61504,0.02972,0.15287,0.0,0,0.00448
1984,CHN,独生子女为主（含例外）,1574,358,300,11,3,0,3.0816,3.4032,0.2449,0.00593,19.5111,0.0,0.51247,0.43077,0.33333,1.74921,0.0,0.01542,0.13998,0.06762,0.03559,0.5419,0.01542,0.11981,0.0,0,0.0029
1984,IND,国家家庭福利/计划生育项目（简化）,1760,362,300,22,2,0,3.5179,1.9629,0.1087,0.00348,12.1202,0.0,0.3388,0.35018,0.31579,1.838,0.00116,0.02317,0.13441,0.073,0.0336,0.73481,0.02317,0.13557,0.0,0,0.0
1984,JPN,无专项生育限制,426,148,120,6,1,0,1.4557,42.2029,0.18182,0.0381,183.778,0.0,0.13402,0.34328,0.33333,0.28547,0.0,0.04444,0.09524,0.03175,0.02222,0.59459,0.04444,0.15873,0.0,0,0.01361
1984,USA,无专项生育限制,707,230,200,3,1,0,1.4865,36.3066,0.14286,0.03049,196.7752,0.0,0.17949,0.32653,0.41667,0.29432,0.0,0.02846,0.09553,0.05488,0.03252,0.61304,0.02846,0.14837,0.0,0,0.00441
1985,CHN,独生子女为主（含例外）,1584,380,300,10,0,0,3.1479,3.4299,0.2449,0.00673,19.6597,0.0,0.504,0.40777,0.30882,1.86871,0.0,0.0157,0.13677,0.04709,0.03924,0.54737,0.0157,0.12444,0.0,0,0.00272
1985,IND,国家家庭福利/计划生育项目（简化）,1774,376,300,26,3,9,3.5385,1.9804,0.17647,0.0033,10.859,0.0,0.38243,0.34451,0.32432,1.90019,0.0011,0.02203,0.13436,0.06498,0.03524,0.72872,0.02203,0.13656,0.0,0,0.0
1985,JPN,无专项生育限制,426,150,120,4,1,3,1.4588,41.105,0.16667,0.03704,185.6134,0.0,0.11224,0.3038,0.33333,0.28398,0.0,0.04321,0.10185,0.03086,0.02778,0.6,0.04321,0.15432,0.0,0,0.01351
1985,USA,无专项生育限制,726,240,200,8,1,12,1.5242,39.0631,0.06667,0.0293,184.2822,0.0,0.1871,0.33628,0.38462,0.2868,0.0,0.02734,0.0918,0.05273,0.03125,0.62083,0.02734,0.1543,0.0,0,0.00424
1986,CHN,独生子女为主（含例外）,1596,396,300,15,3,0,3.1979,3.5227,0.15686,0.00745,19.885,0.0,0.52417,0.40833,0.31707,1.92612,0.0,0.01489,0.1383,0.04043,0.04362,0.54798,0.01489,0.1266,0.0,0,0.00262
1986,IND,国家家庭福利/计划生育项目（简化）,1801,388,300,31,0,4,3.585,2.0245,0.16667,0.00309,11.3026,0.0,0.4,0.36294,0.32558,1.91581,0.00103,0.0206,0.12564,0.069,0.03502,0.72938,0.0206,0.13388,0.0,0,0.0
1986,JPN,无专项生育限制,430,158,120,1,1,4,1.4536,41.5563,0.0,0.03582,181.7393,0.0,0.12871,0.29213,0.4,0.32723,0.0,0.04179,0.10746,0.03284,0.03881,0.58861,0.04179,0.16119,0.0,0,0.0129
1986,USA,无专项生育限制,729,246,200,4,1,8,1.5547,38.8329,0.18519,0.03154,189.237,0.0,0.21605,0.36429,0.27273,0.28369,0.0,0.02597,0.09647,0.04453,0.0334,0.62602,0.02597,0.15399,0.0,0,0.00415
1987,CHN,独生子女为主（含例外）,1611,421,300,11,1,5,3.194,3.8656,0.24194,0.00697,19.691,0.0,0.52681,0.40284,0.29032,2.02813,0.0,0.01393,0.1403,0.03682,0.04776,0.54632,0.01393,0.12338,0.0,0,0.00246
1987,IND,国家家庭福利/计划生育项目（简化）,1821,412,300,32,3,9,3.6376,2.0344,0.22059,0.00387,12.756,0.0,0.41266,0.36797,0.33684,2.01458,0.00097,0.01936,0.12488,0.0668,0.03582,0.73058,0.01936,0.1394,0.0,0,0.0
1987,JPN,无专项生育限制,440,163,120,6,0,4,1.46,40.3939,0.375,0.03478,183.4293,0.0,0.15842,0.31959,0.38462,0.30204,0.0,0.04058,0.10725,0.02609,0.03768,0.60123,0.04058,0.17101,0.0,0,0.0125
1987,USA,无专项生育限制,731,249,200,2,0,0,1.527,39.8117,0.06667,0.03069,189.6527,0.0,0.21084,0.34839,0.25,0.29433,0.00181,0.02527,0.09928,0.03971,0.0361,0.62651,0.02527,0.14982,0.0,0,0.00408
1988,CHN,独生子女为主（含例外）,1627,439,300,18,2,0,3.2247,4.234,0.21429,0.00559,19.58,0.0,0.55193,0.41057,0.29464,2.06929,0.0,0.01305,0.13793,0.04007,0.04567,0.54214,0.01305,0.12302,0.0,0,0.00236
1988,IND,国家家庭福利/计划生育项目（简化）,1853,436,300,37,0,19,3.6624,2.0624,0.16418,0.00363,14.1455,0.0,0.43186,0.38752,0.34,2.09901,0.00091,0.01907,0.12897,0.05359,0.03633,0.71789,0.01907,0.14351,0.0,0,0.0
1988,JPN,无专项生育限制,439,166,120,4,0,5,1.4476,37.8612,0.36364,0.03989,186.0587,0.0,0.16364,0.31481,0.33333,0.30423,0.0,0.04274,0.10826,0.03419,0.03704,0.60843,0.04274,0.16524,0.0,0,0.01227
1988,USA,无专项生育限制,743,261,200,3,1,14,1.566,42.0448,0.0,0.02972,189.3079,0.0,0.20339,0.36095,0.26923,0.32336,0.00175,0.02622,0.09441,0.05245,0.04021,0.62835,0.02622,0.15385,0.0,0,0.00389
1989,CHN,独生子女为主（含例外）,1637,457,300,17,4,3,3.2369,4.4453,0.10909,0.00534,20.9097,0.0,0.56458,0.41682,0.29365,2.11143,0.00089,0.01246,0.13434,0.05427,0.04715,0.54048,0.01246,0.12722,0.0,1.0,0.00227
1989,IND,国家家庭福利/计划生育项目（简化）,1878,460,300,34,3,6,3.6838,2.0363,0.2449,0.00349,13.265,0.0,0.43617,0.39273,0.33333,2.16979,0.00087,0.01834,0.12838,0.06026,0.03843,0.70435,0.01834,0.14323,0.0,0,0.0
1989,JPN,无专项生育限制,442,172,120,3,0,0,1.4464,35.0055,0.0,0.039,189.0313,0.0,0.16379,0.31897,0.33333,0.30856,0.0,0.04178,0.10864,0.04178,0.04178,0.61628,0.04178,0.16713,0.0,0,0.01183
1989,USA,无专项生育限制,760,272,200,8,0,9,1.5747,41.9882,0.30769,0.03146,175.4979,0.0,0.19903,0.37949,0.29032,0.31763,0.00166,0.02483,0.09437,0.05795,0.04139,0.63603,0.02483,0.16225,0.0,0,0.00373
1990,CHN,独生子女为主（含例外）,1652,475,300,20,5,0,3.2701,4.8339,0.25397,0.00591,21.7768,0.0,0.57048,0.41803,0.30496,2.14182,0.00084,0.01182,0.1402,0.05152,0.05152,0.54105,0.01182,0.13091,0.0,1.0,0.00219
1990,IND,国家家庭福利/计划生育项目（简化）,1914,482,300,45,4,5,3.737,2.0755,0.15517,0.00334,14.4433,0.0,0.43204,0.38994,0.33043,2.19648,0.00167,0.01753,0.12855,0.06511,0.03923,0.71369,0.01753,0.14524,0.0,1.0,0.0
1990,JPN,无专项生育限制,455,181,120,8,0,5,1.4397,34.8065,0.25,0.04336,185.0505,0.0,0.18254,0.31452,0.375,0.30647,0.0,0.04065,0.11111,0.04878,0.04065,0.61326,0.04065,0.17073,0.0,0,0.01124
1990,USA,无专项生育限制,764,284,200,7,3,0,1.5864,40.7061,0.3,0.03481,175.1574,0.0,0.19068,0.36889,0.26471,0.33086,0.00158,0.02532,0.09177,0.06171,0.04272,0.63028,0.02532,0.15981,0.0,0,0.0036
1991,CHN,独生子女为主（含例外）,1673,496,300,20,3,4,3.2644,5.2141,0.17391,0.00558,21.0168,0.0,0.58309,0.40795,0.30189,2.18075,0.0008,0.01116,0.14741,0.04303,0.05418,0.53629,0.01116,0.13466,0.0,1.0,0.0
1991,IND,国家家庭福利/计划生育项目（简化）,1959,504,300,50,2,3,3.7842,2.1737,0.19753,0.00314,14.3948,0.0,0.4505,0.39749,0.31783,2.20565,0.00157,0.01647,0.12627,0.05961,0.04078,0.70238,0.01647,0.1451,0.0,1.0,0.0
1991,JPN,无专项生育限制,462,185,120,4,0,3,1.4355,37.3618,0.44444,0.04724,184.042,0.0,0.18382,0.32331,0.33333,0.30401,0.0,0.03937,0.11286,0.04199,0.04199,0.61622,0.03937,0.1706,0.0,0,0.01099
1991,USA,无专项生育限制,765,296,200,6,1,4,1.5879,40.7185,0.17391,0.03385,170.4941,0.0,0.19455,0.38306,0.28205,0.34636,0.00154,0.02462,0.09692,0.04462,0.04,0.62838,0.02462,0.16308,0.0,0,0.00346
1992,CHN,独生子女为主（含例外）,1683,535,300,17,2,5,3.2653,5.6015,0.16667,0.0053,18.1757,0.0,0.58412,0.40213,0.28977,2.30638,0.00076,0.01136,0.14005,0.05375,0.0545,0.51776,0.01136,0.13626,0.0,1.0,0.0
1992,IND,国家家庭福利/计划生育项目（简化）,2013,529,300,51,2,5,3.7816,2.1315,0.21569,0.00376,14.6901,0.0,0.432,0.39583,0.3209,2.21466,0.0015,0.01579,0.12932,0.0609,0.04586,0.70132,0.01579,0.14361,0.0,1.0,0.0
1992,JPN,无专项生育限制,461,186,120,3,0,4,1.4309,36.5229,0.0,0.04675,187.4386,0.0,0.1831,0.31655,0.33333,0.29673,0.0,0.03896,0.10649,0.05714,0.04416,0.61828,0.03896,0.16883,0.0,0,0.01093
1992,USA,无专项生育限制,780,304,200,11,0,4,1.59,40.2032,0.3125,0.03593,175.8755,0.0,0.1978,0.38636,0.29268,0.32905,0.0015,0.02395,0.09581,0.0479,0.04042,0.62171,0.02395,0.17066,0.0,0,0.00337
1993,CHN,独生子女为主（含例外）,1710,563,300,31,1,3,3.2653,5.6009,0.13514,0.00517,20.3835,0.0,0.57712,0.39975,0.28729,2.3394,0.00074,0.01255,0.1417,0.05018,0.05609,0.51332,0.01255,0.13727,0.0,1.0,0.0
1993,IND,国家家庭福利/计划生育项目（简化）,2063,550,300,64,7,7,3.7945,2.2721,0.3,0.00365,15.3402,0.0,0.44025,0.39242,0.30263,2.19371,0.00146,0.01606,0.13066,0.05985,0.04599,0.69455,0.01606,0.14891,0.0,1.0,0.0
1993,JPN,无专项生育限制,472,194,120,4,0,7,1.4194,36.4993,0.0,0.04337,177.0324,0.0,0.17687,0.3169,0.36842,0.30634,0.0,0.03827,0.10714,0.04082,0.04592,0.62887,0.03827,0.17602,0.0,0,0.01047
1993,USA,无专项生育限制,793,310,200,10,0,3,1.59,37.1016,0.1,0.03529,180.6538,0.0,0.2,0.38686,0.28571,0.30738,0.00441,0.02353,0.09853,0.04412,0.04559,0.61935,0.02353,0.17353,0.0,1.0,0.0099
1994,CHN,独生子女为主（含例外）,1739,596,300,28,2,3,3.2712,5.4384,0.14286,0.00503,20.5812,0.0,0.56212,0.39611,0.28261,2.37043,0.00072,0.01222,0.13731,0.05823,0.05751,0.51342,0.01222,0.14162,0.0,1.0,0.0
1994,IND,国家家庭福利/计划生育项目（简化）,2113,576,300,57,1,6,3.7966,2.1492,0.14286,0.00354,15.7714,0.0,0.42399,0.39331,0.31646,2.21886,0.00213,0.0163,0.13466,0.05811,0.05103,0.6875,0.0163,0.14458,0.0,1.0,0.0
1994,JPN,少子化支持政策（合并简化）,481,196,120,7,0,2,1.424,34.5101,0.0,0.04293,180.5137,0.0,0.14094,0.3125,0.35,0.27172,0.0,0.03807,0.11421,0.04061,0.04315,0.63265,0.03807,0.17259,0.0,0,0.01036
1994,USA,无专项生育限制,802,320,200,8,0,5,1.59,36.3965,0.0,0.03514,182.806,0.0,0.20833,0.38406,0.28571,0.30884,0.00442,0.02507,0.09587,0.05162,0.04867,0.62187,0.02507,0.17552,0.0,1.0,0.00958
1995,CHN,独生子女为主（含例外）,1762,611,300,27,2,2,3.2712,5.5177,0.23529,0.00493,21.3447,0.0,0.5728,0.39323,0.2766,2.34821,0.00071,0.01201,0.13912,0.05438,0.05932,0.51227,0.01201,0.14336,0.0,1.0,0.0
1995,IND,国家家庭福利/计划生育项目（简化）,2168,591,300,63,5,3,3.7958,2.0944,0.15556,0.00275,16.2491,0.0,0.43299,0.39145,0.31395,2.16087,0.00276,0.01589,0.13822,0.06082,0.05252,0.68697,0.01589,0.1472,0.0,0.55556,0.0
1995,JPN,少子化支持政策（合并简化）,488,200,120,1,1,7,1.4409,32.7065,0.6,0.04433,183.7743,0.0,0.14379,0.31544,0.35,0.2629,0.0,0.03741,0.10224,0.02743,0.04489,0.64,0.03741,0.17955,0.0,0,0.0102
1995,USA,无专项生育限制,804,324,200,6,2,2,1.593,35.9816,0.5,0.0365,192.5349,0.0,0.2,0.38298,0.28571,0.29887,0.00296,0.02515,0.09467,0.05473,0.0503,0.62654,0.02515,0.17899,0.0,1.0,0.00952
1996,CHN,独生子女为主（含例外）,1780,623,300,23,3,2,3.2721,5.526,0.16,0.00485,23.1458,0.0,0.57701,0.39683,0.29016,2.32155,0.0007,0.01186,0.13538,0.06001,0.06001,0.51204,0.01186,0.14864,0.0,1.0,0.0
1996,IND,国家家庭福利/计划生育项目（简化）,2210,612,300,43,3,2,3.7931,1.9439,0.32609,0.00267,15.7417,0.0,0.42841,0.39248,0.30769,2.16347,0.0027,0.01552,0.13293,0.06748,0.05263,0.68627,0.01552,0.14845,0.0,0.55556,0.0
1996,JPN,少子化支持政策（合并简化）,492,205,120,1,0,3,1.4409,32.0169,0.33333,0.0438,183.4555,0.0,0.13636,0.31579,0.35,0.27404,0.0,0.03491,0.10224,0.02993,0.04489,0.63902,0.03491,0.17456,0.0,0,0.01493
1996,USA,无专项生育限制,805,328,200,5,1,3,1.593,36.494,0.2,0.03493,199.8364,0.0,0.19504,0.38328,0.29545,0.3012,0.00446,0.02526,0.09658,0.05646,0.05052,0.6189,0.02526,0.18128,0.0,1.0,0.00943
1997,CHN,独生子女为主（含例外）,1799,633,300,22,1,2,3.2721,5.4046,0.0,0.00479,24.2293,0.0,0.58195,0.39424,0.29082,2.28824,0.00069,0.01108,0.13227,0.0644,0.06371,0.51501,0.01108,0.14404,0.0,1.0,0.0
1997,IND,国家家庭福利/计划生育项目（简化）,2286,643,300,78,2,0,3.7931,1.8021,0.21212,0.00326,15.3584,0.0,0.43497,0.39253,0.2963,2.15237,0.00266,0.01527,0.13347,0.05312,0.05445,0.67807,0.01527,0.14807,0.0,0.55556,0.0
1997,JPN,少子化支持政策（合并简化）,499,207,120,6,1,2,1.4453,30.1741,0.5,0.04567,183.1649,0.0,0.13907,0.3141,0.33333,0.23941,0.0,0.03491,0.10224,0.0399,0.05237,0.63768,0.03491,0.17955,0.0,0,0.01485
1997,USA,无专项生育限制,809,332,200,4,0,4,1.5909,37.3862,0.0,0.03483,202.4512,0.0,0.18978,0.38408,0.29545,0.3024,0.00447,0.02683,0.09836,0.05663,0.05216,0.61446,0.02683,0.18182,0.0,1.0,0.00932
1998,CHN,独生子女为主（含例外）,1816,650,300,15,1,3,3.2644,5.5066,0.42857,0.00609,23.9152,0.0,0.58173,0.39258,0.29146,2.29176,0.00069,0.011,0.13058,0.07354,0.06529,0.51231,0.011,0.13952,0.0,1.0,0.0
1998,IND,国家家庭福利/计划生育项目（简化）,2341,666,300,64,5,4,3.7924,1.6968,0.25,0.00322,16.748,0.0,0.43234,0.3931,0.3057,2.1293,0.00264,0.01516,0.13184,0.05537,0.05669,0.67868,0.01516,0.15293,0.0,0.55556,0.0
1998,JPN,少子化支持政策（合并简化）,506,208,120,4,1,4,1.4651,30.619,0.0,0.04276,186.3263,0.0,0.13333,0.30818,0.33333,0.2264,0.0,0.03465,0.10149,0.0495,0.05693,0.63942,0.03465,0.17574,0.0,0,0.01478
1998,USA,无专项生育限制,809,338,200,4,1,3,1.5939,35.5803,0.33333,0.03618,209.1642,0.0,0.20073,0.38983,0.28261,0.31714,0.00454,0.02572,0.10287,0.03631,0.05446,0.60059,0.02572,0.18306,0.0,1.0,0.01223
1999,CHN,独生子女为主（含例外）,1839,665,300,27,0,4,3.2241,5.6142,0.22222,0.00603,25.3226,0.0,0.57843,0.39251,0.29756,2.27266,0.0,0.01168,0.13255,0.0728,0.06731,0.5188,0.01168,0.13874,0.0,0,0.0
1999,IND,国家家庭福利/计划生育项目（简化）,2408,686,300,68,1,0,3.7687,1.5846,0.17391,0.00318,18.1092,0.0,0.43333,0.39017,0.31122,2.09488,0.00261,0.01565,0.13299,0.05606,0.05867,0.67347,0.01565,0.1545,0.0,0.55556,0.0
1999,JPN,少子化支持政策（合并简化）,512,210,120,1,1,6,1.4885,30.9606,0.25,0.04186,192.6474,0.0,0.14474,0.30675,0.33333,0.22016,0.0,0.03704,0.10123,0.0321,0.05432,0.64286,0.03704,0.17778,0.0,0,0.01471
1999,USA,无专项生育限制,811,340,200,5,1,2,1.595,35.8475,0.25,0.03463,211.1106,0.0,0.19331,0.3913,0.29787,0.30296,0.00459,0.02603,0.09954,0.04441,0.05666,0.6,0.02603,0.1853,0.0,1.0,0.01216
2000,CHN,独生子女为主（含例外）,1860,684,300,24,1,6,3.1881,5.1972,0.0,0.006,27.2394,0.0,0.58093,0.39048,0.30435,2.26778,0.0,0.01257,0.13478,0.07682,0.06913,0.52193,0.01257,0.13478,0.0,0,0.0
2000,IND,国家家庭福利/计划生育项目（简化）,2446,700,300,47,1,8,3.75,1.5626,0.15,0.00314,17.9615,0.0,0.44494,0.3913,0.31527,2.07155,0.00461,0.01581,0.12846,0.05797,0.06324,0.67286,0.01581,0.15613,0.0,0.38889,0.0
2000,JPN,少子化支持政策（合并简化）,518,215,120,2,0,4,1.5,29.638,0.0,0.04138,200.1029,0.0,0.14286,0.30488,0.33333,0.22256,0.0,0.03342,0.11054,0.02057,0.05141,0.63721,0.03342,0.17738,0.0,0,0.01435
2000,USA,无专项生育限制,822,343,200,6,1,6,1.592,34.0299,0.4,0.03571,213.0202,0.0,0.20307,0.39474,0.29787,0.28649,0.00794,0.02698,0.1,0.0619,0.05714,0.60058,0.02698,0.1873,0.0,0.5,0.01205
2001,CHN,独生子女为主（含例外）,1880,698,300,19,2,3,3.1318,5.3217,0.09091,0.00596,26.8318,0.0,0.57743,0.39226,0.30332,2.25256,0.00142,0.01137,0.13646,0.0661,0.07249,0.52149,0.01137,0.14286,0.0,1.0,0.0
2001,IND,国家家庭福利/计划生育项目（简化）,2502,720,300,57,3,2,3.7338,1.5312,0.0,0.00312,18.324,0.0,0.43888,0.38993,0.32195,2.04808,0.00468,0.01538,0.12441,0.0602,0.06555,0.66806,0.01538,0.15652,0.0,0.38889,0.0
2001,JPN,少子化支持政策（合并简化）,519,215,120,3,0,2,1.4779,29.087,0.33333,0.04128,200.6157,0.0,0.13077,0.2994,0.31818,0.2198,0.0,0.03261,0.11141,0.01359,0.04891,0.63256,0.03261,0.18207,0.0,0,0.01435
2001,USA,无专项生育限制,825,343,200,6,0,3,1.5762,32.3682,0.5,0.03429,215.0862,0.0,0.21514,0.39216,0.29787,0.27154,0.00657,0.02791,0.09195,0.05911,0.05583,0.60058,0.02791,0.18719,0.0,0.5,0.00904
2002,CHN,独生子女为主（含例外）,1883,705,300,17,2,12,3.0526,5.442,0.6,0.00597,26.9979,0.0,0.58184,0.3923,0.29907,2.23579,0.00146,0.01023,0.1344,0.0672,0.07305,0.51348,0.01023,0.14974,0.0,1.0,0.0
2002,IND,国家家庭福利/计划生育项目（简化）,2556,727,300,61,4,15,3.6883,1.5219,0.54545,0.00372,17.8961,0.0,0.44365,0.38966,0.31731,1.98459,0.00616,0.01369,0.13142,0.05681,0.06639,0.66713,0.01369,0.15674,0.0,0.3125,0.0
2002,JPN,少子化支持政策（合并简化）,533,221,120,1,0,19,1.4823,28.2895,0.0,0.04251,207.0776,0.0,0.15702,0.30178,0.30435,0.22399,0.0,0.02521,0.10924,0.03361,0.04762,0.62896,0.02521,0.19048,0.0,0,0.01395
2002,USA,无专项生育限制,833,345,200,6,0,12,1.5742,33.0278,0.0,0.03281,212.2637,0.0,0.23554,0.39677,0.29787,0.25957,0.00846,0.02707,0.10491,0.05753,0.05922,0.6,0.02707,0.18105,0.0,0.55556,0.00601
2003,CHN,独生子女为主（含例外）,1901,718,300,19,2,11,2.9152,5.4036,0.0,0.00529,26.6482,0.0,0.57434,0.39153,0.30233,2.23575,0.00149,0.01046,0.1435,0.05456,0.07474,0.50975,0.01046,0.15247,0.0,1.0,0.0
2003,IND,国家家庭福利/计划生育项目（简化）,2603,741,300,52,5,0,3.6283,1.5467,0.4375,0.0043,17.1449,0.0,0.4396,0.39126,0.31308,1.95127,0.00625,0.01389,0.12778,0.05556,0.06458,0.66532,0.01389,0.1625,0.0,0.3125,0.00141
2003,JPN,少子化支持政策（合并简化）,539,221,120,4,0,4,1.4718,26.7769,0.0,0.04222,207.8922,0.0,0.15789,0.29825,0.29167,0.20553,0.0,0.02865,0.10029,0.03438,0.04871,0.62896,0.02865,0.19484,0.0,0,0.01389
2003,USA,无专项生育限制,836,347,200,7,1,9,1.5741,32.5698,0.0,0.03276,216.3821,0.0,0.23529,0.39936,0.29787,0.24151,0.00879,0.02812,0.10545,0.04218,0.06503,0.60231,0.02812,0.19156,0.0,0.55556,0.00601
2004,CHN,独生子女为主（含例外）,1909,729,300,9,4,3,2.8459,5.3782,0.2,0.00527,26.7189,0.0,0.58075,0.39466,0.30556,2.22386,0.00152,0.01064,0.14286,0.05547,0.07371,0.50754,0.01064,0.14894,0.0,1.0,0.0
2004,IND,国家家庭福利/计划生育项目（简化）,2649,750,300,51,0,5,3.5994,1.4646,0.28571,0.00428,16.2149,0.0,0.44909,0.39263,0.31193,1.90609,0.00707,0.01201,0.13004,0.06572,0.07138,0.664,0.01201,0.16184,0.0,0.3125,0.00139
2004,JPN,少子化支持政策（合并简化）,543,224,120,0,0,4,1.4774,28.4818,0.5,0.04167,209.6256,0.0,0.15385,0.2948,0.29167,0.2049,0.0,0.03003,0.1021,0.04805,0.04805,0.63393,0.03003,0.2042,0.0,0,0.0137
2004,USA,无专项生育限制,836,348,200,3,1,2,1.5475,33.5479,0.0,0.03276,225.1573,0.0,0.22222,0.40506,0.29167,0.23711,0.00917,0.02569,0.10459,0.04587,0.06422,0.5977,0.02569,0.19817,0.0,0.55556,0.00601
2005,CHN,独生子女为主（含例外）,1912,736,300,9,2,4,2.7757,5.4796,0.28571,0.00526,26.1458,0.0,0.58194,0.3949,0.30556,2.21548,0.00235,0.01095,0.14073,0.06568,0.08053,0.50272,0.01095,0.14855,0.0,0.55556,0.0
2005,IND,国家家庭福利/计划生育项目（简化）,2695,764,300,51,5,0,3.545,1.3768,0.29412,0.00424,15.1751,0.0,0.44875,0.39204,0.3139,1.87968,0.00721,0.01009,0.13843,0.06273,0.0721,0.65838,0.01009,0.1615,0.0,0.3125,0.00137
2005,JPN,少子化支持政策（合并简化）,548,227,120,4,1,2,1.4815,28.8636,0.0,0.04148,202.1587,0.0,0.17021,0.29885,0.28,0.19712,0.0,0.0254,0.10159,0.04762,0.04762,0.62996,0.0254,0.21587,0.0,0,0.01357
2005,USA,无专项生育限制,840,351,200,2,0,2,1.5263,33.9624,0.4,0.03244,220.9517,0.0,0.18478,0.40498,0.29167,0.23907,0.01308,0.0243,0.11402,0.02617,0.07103,0.59259,0.0243,0.2,0.0,0.52,0.00593
2006,CHN,独生子女为主（含例外）,1917,739,300,13,2,6,2.6761,5.3316,0.33333,0.00591,26.278,0.0,0.57923,0.39737,0.31364,2.1891,0.00241,0.00964,0.14378,0.06185,0.08273,0.50203,0.00964,0.14779,0.0,0.55556,0.0
2006,IND,国家家庭福利/计划生育项目（简化）,2738,771,300,44,4,3,3.4821,1.354,0.19048,0.00419,15.0406,0.0,0.46029,0.39444,0.31579,1.83451,0.00802,0.00802,0.13786,0.05835,0.07877,0.65629,0.00802,0.16484,0.0,0.3125,0.00136
2006,JPN,少子化支持政策（合并简化）,552,229,120,2,1,3,1.4881,28.6699,0.28571,0.04497,198.2753,0.0,0.17582,0.30939,0.25,0.19389,0.0,0.02667,0.10667,0.05,0.05,0.62445,0.02667,0.21,0.0,0,0.01351
2006,USA,无专项生育限制,841,355,200,1,0,0,1.5064,35.0938,0.75,0.03366,218.2946,0.0,0.18129,0.40615,0.30612,0.24786,0.01359,0.0233,0.11068,0.03689,0.07573,0.58873,0.0233,0.2,0.0,0.52,0.00587
2007,CHN,独生子女为主（含例外）,1921,739,300,9,2,3,2.6,5.2887,0.33333,0.00589,26.1603,0.0,0.55918,0.3978,0.3139,2.15483,0.00247,0.00822,0.14391,0.06332,0.0847,0.50203,0.00822,0.15049,0.0,0.55556,0.0
2007,IND,国家家庭福利/计划生育项目（简化）,2764,781,300,33,3,4,3.4574,1.329,0.48,0.00413,15.1117,0.0,0.47031,0.39456,0.31489,1.82197,0.00812,0.00738,0.14096,0.06863,0.0797,0.65429,0.00738,0.16236,0.0,0.3125,0.00134
2007,JPN,少子化支持政策（合并简化）,562,235,120,3,0,7,1.4686,30.2562,0.16667,0.04403,195.0895,0.0,0.18182,0.30481,0.23333,0.19717,0.00678,0.02712,0.11186,0.02712,0.04407,0.61702,0.02712,0.20678,0.0,0.5,0.01316
2007,USA,无专项生育限制,842,356,200,3,2,0,1.4939,35.6499,0.25,0.03333,222.7819,0.0,0.17391,0.40841,0.3,0.24128,0.01212,0.02424,0.10303,0.04848,0.07475,0.58708,0.02424,0.19596,0.0,0.52,0.00587
2008,CHN,独生子女为主（含例外）,1928,746,300,10,1,2,2.4955,5.1975,0.2,0.00584,27.0363,0.0,0.55947,0.39684,0.3114,2.14103,0.00253,0.00842,0.14153,0.05729,0.08256,0.49866,0.00842,0.14912,0.0,0.55556,0.0
2008,IND,国家家庭福利/计划生育项目（简化）,2789,787,300,31,2,4,3.4123,1.2996,0.14286,0.00408,13.8718,0.0,0.48627,0.39203,0.30738,1.80121,0.00817,0.00668,0.14477,0.06162,0.07944,0.65311,0.00668,0.16704,0.0,0.3125,0.00134
2008,JPN,少子化支持政策（合并简化）,568,240,120,2,2,6,1.5,30.1658,1.0,0.04348,186.9548,0.0,0.18987,0.30159,0.22581,0.19354,0.00702,0.02807,0.11579,0.03509,0.05263,0.60833,0.02807,0.2,0.0,0.5,0.01299
2008,USA,无专项生育限制,845,357,200,3,0,0,1.484,35.6664,0.16667,0.03306,225.2555,0.0,0.19718,0.40708,0.3,0.23243,0.01282,0.0235,0.11111,0.04701,0.07265,0.58543,0.0235,0.19872,0.0,0.52,0.00585
2009,CHN,独生子女为主（含例外）,1930,748,300,8,1,5,2.4103,5.1242,0.36364,0.00647,26.6342,0.0,0.55556,0.39648,0.30736,2.12357,0.00258,0.00861,0.13941,0.05766,0.08003,0.49733,0.00861,0.14802,0.0,0.55556,0.0
2009,IND,国家家庭福利/计划生育项目（简化）,2817,793,300,30,0,6,3.3652,1.3026,0.32143,0.00402,12.7825,0.0,0.50508,0.39123,0.30645,1.76876,0.00898,0.00674,0.14222,0.06587,0.0771,0.65195,0.00674,0.16916,0.0,0.28395,0.00133
2009,JPN,少子化支持政策（合并简化）,572,245,120,1,0,3,1.5185,30.5613,0.28571,0.04472,181.679,0.0,0.17105,0.31122,0.29412,0.20633,0.00735,0.01838,0.12132,0.02206,0.06618,0.6,0.01838,0.20221,0.0,0.5,0.02119
2009,USA,无专项生育限制,853,358,200,5,1,4,1.4679,36.9482,0.0,0.03151,225.4103,0.0,0.21552,0.40643,0.3,0.21787,0.01119,0.02013,0.10291,0.05369,0.0783,0.5838,0.02013,0.20358,0.0,0.5,0.00585
2010,CHN,独生子女为主（含例外）,1929,752,300,8,5,4,2.3538,5.2688,0.23529,0.00643,26.8724,0.0,0.56215,0.39866,0.30544,2.1044,0.00441,0.00794,0.14638,0.05732,0.08025,0.49601,0.00794,0.14903,0.0,0.5,0.0
2010,IND,国家家庭福利/计划生育项目（简化）,2841,803,300,28,2,2,3.3241,1.3028,0.19444,0.00394,12.3234,0.0,0.51277,0.39432,0.31034,1.76444,0.00975,0.00525,0.14093,0.06972,0.07496,0.64508,0.00525,0.16567,0.0,0.28395,0.00131
2010,JPN,少子化支持政策（合并简化）,579,249,120,1,0,6,1.5309,30.4469,0.2,0.04374,178.091,0.0,0.21127,0.31343,0.27778,0.20899,0.01103,0.01838,0.11765,0.02941,0.07353,0.59438,0.01838,0.19485,0.0,0.55556,0.02083
2010,USA,无专项生育限制,852,361,200,0,1,0,1.4652,36.7556,0.0,0.03142,220.7039,0.0,0.19792,0.4087,0.3,0.2233,0.01166,0.02098,0.10956,0.03263,0.07226,0.58172,0.02098,0.20979,0.0,0.5,0.00581
2011,CHN,独生子女为主（含例外）,1932,758,300,7,1,3,2.2706,5.2339,0.21429,0.00702,26.5006,0.0,0.55705,0.3981,0.30705,2.08552,0.0045,0.00809,0.14658,0.05755,0.07644,0.49208,0.00809,0.14748,0.0,0.5,0.0
2011,IND,国家家庭福利/计划生育项目（简化）,2877,816,300,39,3,10,3.2644,1.319,0.1,0.00332,11.3585,0.0,0.52762,0.39214,0.3037,1.75615,0.00967,0.00446,0.14275,0.06914,0.07584,0.64093,0.00446,0.16283,0.0,0.28395,0.00129
2011,JPN,少子化支持政策（合并简化）,584,251,120,3,0,8,1.5174,30.8728,0.25,0.04536,171.2352,0.0,0.21127,0.3122,0.27778,0.2027,0.01141,0.01901,0.13308,0.01901,0.07224,0.59363,0.01901,0.18251,0.0,0.55556,0.02066
2011,USA,无专项生育限制,856,364,200,3,0,5,1.4371,39.2552,0.7,0.03235,222.4484,0.0,0.18889,0.4,0.28846,0.22684,0.0119,0.02143,0.10714,0.03095,0.07619,0.58242,0.02143,0.22619,0.0,0.5,0.00865
2012,CHN,独生子女为主（含例外）,1937,761,300,9,2,2,2.2096,5.3405,0.22222,0.00696,25.682,0.0,0.55435,0.39329,0.30204,2.06565,0.00457,0.00731,0.1362,0.0713,0.08135,0.48883,0.00731,0.14717,0.0,0.5,0.0
2012,IND,国家家庭福利/计划生育项目（简化）,2902,829,300,32,7,0,3.2604,1.3264,0.325,0.00325,10.9739,0.0,0.54757,0.39088,0.29537,1.75075,0.00957,0.00368,0.13834,0.06843,0.07358,0.63691,0.00368,0.16556,0.0,0.28395,0.00127
2012,JPN,少子化支持政策（合并简化）,586,255,120,2,0,4,1.5048,27.7331,0.1,0.04449,167.53,0.0,0.21053,0.33023,0.27778,0.20818,0.01141,0.01901,0.11787,0.03422,0.06464,0.58824,0.01901,0.18251,0.0,0.55556,0.02033
2012,USA,无专项生育限制,858,368,200,2,2,2,1.4214,39.7565,0.375,0.032,222.6066,0.0,0.20652,0.39945,0.28302,0.23678,0.0122,0.02195,0.10244,0.02683,0.08293,0.57337,0.02195,0.21951,0.0,0.5,0.00857
2013,CHN,独生子女为主（含例外）,1941,764,300,6,2,0,2.1608,5.5793,0.29412,0.00689,25.8531,0.0,0.5814,0.39358,0.3012,2.04333,0.00464,0.00743,0.13463,0.06964,0.07892,0.48691,0.00743,0.15042,0.0,0.5,0.0
2013,IND,国家家庭福利/计划生育项目（简化）,2927,839,300,30,5,0,3.2397,1.3664,0.2,0.00317,10.7032,0.0,0.58721,0.39337,0.29392,1.744,0.00795,0.00362,0.13666,0.07375,0.07086,0.63647,0.00362,0.16703,0.0,0.28395,0.00126
2013,JPN,少子化支持政策（合并简化）,588,257,120,2,0,0,1.4907,28.1669,0.0,0.04207,168.269,0.0,0.2125,0.33484,0.30769,0.2065,0.01154,0.01923,0.12692,0.03462,0.06923,0.58755,0.01923,0.17692,0.0,0.55556,0.02016
2013,USA,无专项生育限制,859,373,200,3,2,0,1.4019,41.4341,0.33333,0.03316,219.7366,0.0,0.21875,0.39566,0.2807,0.24342,0.01259,0.02015,0.10327,0.03023,0.08564,0.56836,0.02015,0.20907,0.0,0.5,0.0085
2014,CHN,独生子女为主（含例外）,1945,769,300,10,4,2,2.0896,5.7776,0.13333,0.00685,27.0539,0.0,0.59244,0.39276,0.30159,2.02146,0.0047,0.00659,0.13829,0.07338,0.07714,0.48375,0.00659,0.14958,0.0,0.5,0.0
2014,IND,国家家庭福利/计划生育项目（简化）,2942,845,300,22,3,4,3.2141,1.3899,0.21277,0.0031,10.0993,0.0,0.60232,0.39652,0.29967,1.72774,0.00789,0.00358,0.13548,0.07814,0.07097,0.6355,0.00358,0.16631,0.0,0.28395,0.00125
2014,JPN,少子化支持政策（合并简化）,592,259,120,4,2,2,1.4773,28.2677,0.0,0.03985,166.8086,0.0,0.21519,0.33482,0.3,0.20147,0.01186,0.01186,0.12648,0.03953,0.0751,0.58301,0.01186,0.16996,0.0,0.55556,0.02008
2014,USA,无专项生育限制,867,378,200,6,2,4,1.3994,42.8252,0.25,0.03255,216.2589,0.0,0.2451,0.40157,0.31148,0.233,0.01496,0.01995,0.10973,0.03491,0.08479,0.57143,0.01995,0.21197,0.0,0.52,0.00843
2015,CHN,独生子女为主（含例外）,1942,775,300,1,6,2,2.0344,6.0866,0.13793,0.00675,27.201,0.0,0.63008,0.39242,0.30116,2.02004,0.00459,0.00826,0.14141,0.06244,0.07622,0.48129,0.00826,0.15243,0.0,0.5,0.0
2015,IND,国家家庭福利/计划生育项目（简化）,2954,870,300,20,5,3,3.1962,1.4427,0.25806,0.00302,9.8162,0.0,0.63585,0.39613,0.29467,1.78036,0.0069,0.00345,0.13112,0.08144,0.06901,0.62414,0.00345,0.16632,0.0,0.28125,0.00122
2015,JPN,少子化支持政策（合并简化）,596,263,120,2,3,5,1.4756,29.1277,0.0,0.03933,161.5258,0.0,0.20732,0.34061,0.29268,0.20074,0.01544,0.01544,0.13127,0.03861,0.08494,0.58555,0.01544,0.16988,0.0,0.625,0.02
2015,USA,无专项生育限制,863,381,200,2,2,4,1.3891,41.6547,0.33333,0.03359,212.7933,0.0,0.21905,0.39949,0.29688,0.2367,0.01737,0.01737,0.1067,0.04218,0.07692,0.56955,0.01737,0.2134,0.0,0.52,0.0084
2016,CHN,全面两孩,1945,780,300,13,4,8,2.0138,6.2828,0.25926,0.00668,27.9193,0.0,0.61753,0.39276,0.29588,2.00091,0.0045,0.00811,0.13964,0.05676,0.07748,0.47692,0.00811,0.15766,0.0,0.5,0.0
2016,IND,国家家庭福利/计划生育项目（简化）,2978,889,300,29,2,3,3.177,1.4721,0.09091,0.00294,9.8739,0.0,0.63653,0.39948,0.29358,1.79918,0.00667,0.00334,0.13476,0.07138,0.06738,0.6153,0.00334,0.16811,0.0,0.30864,0.00119
2016,JPN,少子化支持政策（合并简化）,595,265,120,1,2,0,1.4756,29.5656,0.42857,0.03896,160.5184,0.0,0.22892,0.33051,0.29268,0.1976,0.01894,0.01515,0.13258,0.03788,0.09091,0.58868,0.01515,0.17424,0.0,0.625,0.02
2016,USA,无专项生育限制,874,389,200,2,0,9,1.4036,39.3523,0.125,0.0354,206.4095,0.0,0.22124,0.40399,0.29688,0.23734,0.01932,0.01691,0.10386,0.05556,0.08213,0.56812,0.01691,0.21256,0.0,0.52,0.00824
2017,CHN,全面两孩,1966,795,300,22,1,0,1.991,6.1564,0.22222,0.00598,27.6649,0.0,0.61364,0.39478,0.3,1.98444,0.00528,0.00792,0.13456,0.05805,0.07652,0.46792,0.00792,0.16271,0.0,0.52,0.0
2017,IND,国家家庭福利/计划生育项目（简化）,3000,901,300,39,9,8,3.1519,1.5542,0.08065,0.00288,10.5717,0.0,0.64856,0.40149,0.29619,1.78904,0.00578,0.00321,0.13744,0.0668,0.06872,0.60932,0.00321,0.1702,0.0,0.34375,0.00118
2017,JPN,少子化支持政策（合并简化）,602,270,120,3,1,5,1.4934,29.856,0.0,0.0386,155.9354,0.0,0.2439,0.32911,0.29268,0.19539,0.0188,0.01504,0.12406,0.05263,0.09023,0.58148,0.01504,0.17293,0.0,0.625,0.01969
2017,USA,无专项生育限制,877,390,200,2,2,3,1.4036,39.1688,0.0,0.03388,205.1982,0.0,0.22609,0.40541,0.30303,0.23198,0.01896,0.01896,0.11374,0.04028,0.08294,0.56923,0.01896,0.21327,0.0,0.52,0.00826
2018,CHN,全面两孩,1970,800,300,13,6,3,1.9675,5.8896,0.3,0.00653,27.6707,0.0,0.62921,0.39735,0.30072,1.96254,0.00519,0.00779,0.13506,0.05108,0.07965,0.46375,0.00779,0.1645,0.0,0.52,0.0
2018,IND,国家家庭福利/计划生育项目（简化）,3024,915,300,31,5,2,3.1445,1.576,0.19512,0.00283,11.1458,0.0,0.66172,0.40544,0.3,1.77792,0.00564,0.00313,0.13793,0.06019,0.07273,0.60219,0.00313,0.17116,0.0,0.34375,0.00117
2018,JPN,少子化支持政策（合并简化）,604,272,120,1,0,1,1.5022,30.2875,0.0,0.03839,153.6007,0.0,0.26582,0.33473,0.29268,0.19334,0.01866,0.01493,0.12313,0.02985,0.10448,0.58088,0.01493,0.18284,0.0,0.625,0.01961
2018,USA,无专项生育限制,880,396,200,2,3,4,1.4035,37.489,0.5,0.03483,203.5885,0.0,0.2605,0.40436,0.30303,0.23974,0.01865,0.01865,0.11189,0.0373,0.08159,0.56818,0.01865,0.21911,0.0,0.52,0.0082
2019,CHN,全面两孩,1982,807,300,22,5,5,1.9549,5.887,0.42857,0.00766,28.0613,0.0,0.60791,0.39707,0.29749,1.9276,0.00512,0.00768,0.13567,0.05461,0.08276,0.45849,0.00768,0.16212,0.0,0.52,0.0
2019,IND,国家家庭福利/计划生育项目（简化）,3042,934,300,24,8,2,3.1293,1.6893,0.22368,0.00274,11.684,0.0,0.67069,0.40555,0.30245,1.79917,0.00598,0.00299,0.13517,0.06459,0.07656,0.59529,0.00299,0.17045,0.0,0.34375,0.00115
2019,JPN,少子化支持政策（合并简化）,604,274,120,0,0,0,1.4957,28.9646,0.4,0.03804,155.0854,0.0,0.2561,0.32787,0.27907,0.19604,0.01832,0.01465,0.12454,0.04029,0.10623,0.58029,0.01465,0.17949,0.0,0.625,0.01946
2019,USA,无专项生育限制,885,401,200,4,2,3,1.396,39.0859,0.4,0.03585,203.3121,0.0,0.28333,0.40431,0.31343,0.23538,0.01839,0.01839,0.11494,0.03908,0.08046,0.57107,0.01839,0.22299,0.0,0.52,0.01351
2020,CHN,全面两孩,1997,815,300,14,1,2,1.954,5.9868,0.46154,0.0076,29.5757,0.0,0.6121,0.39775,0.30282,1.896,0.00506,0.00759,0.13755,0.05401,0.08354,0.45521,0.00759,0.16287,0.0,0.52,0.0
2020,IND,国家家庭福利/计划生育项目（简化）,3065,952,300,33,7,3,3.1212,1.7702,0.18333,0.00267,12.5568,0.0,0.66289,0.40536,0.30239,1.80721,0.00521,0.0029,0.13607,0.06659,0.07528,0.58508,0.0029,0.16676,0.0,0.34375,0.00113
2020,JPN,少子化支持政策（合并简化）,602,274,120,2,2,2,1.4638,27.5908,0.0,0.03797,151.685,0.0,0.2381,0.3253,0.27907,0.1895,0.01805,0.01444,0.12635,0.03971,0.1083,0.58029,0.01444,0.17329,0.0,0.625,0.01961
2020,USA,无专项生育限制,888,404,200,3,3,3,1.3966,38.3105,0.2,0.03563,204.7902,0.0,0.26016,0.40426,0.31343,0.23246,0.0181,0.0181,0.11538,0.04525,0.08145,0.56931,0.0181,0.21719,0.0,0.52,0.01351
2021,CHN,三孩及配套支持,2009,823,300,17,2,3,1.9499,5.9381,0.32143,0.00691,29.3261,0.0,0.56066,0.39764,0.3069,1.87105,0.00495,0.00826,0.13625,0.05285,0.08753,0.44957,0.00826,0.1635,0.0,0.52,0.0
2021,IND,国家家庭福利/计划生育项目（简化）,3081,973,300,35,8,11,3.1221,1.8088,0.07463,0.00304,13.5699,0.0,0.66975,0.4042,0.30233,1.8239,0.00504,0.0028,0.1327,0.08007,0.07783,0.5776,0.0028,0.16573,0.0,0.34375,0.00111
2021,JPN,少子化支持政策（合并简化）,612,278,120,2,0,8,1.4603,28.2521,1.0,0.04278,157.0705,0.0,0.21176,0.328,0.27907,0.18492,0.01754,0.01404,0.12281,0.02807,0.10526,0.58273,0.01404,0.18246,0.0,0.625,0.02317
2021,USA,无专项生育限制,895,406,200,3,2,16,1.4,40.3924,0.0,0.03182,203.2772,0.0,0.28,0.40749,0.33333,0.22101,0.01798,0.01798,0.1191,0.05393,0.08315,0.56897,0.01798,0.21124,0.0,0.52,0.01081
2022,CHN,三孩及配套支持,2016,832,300,20,6,11,1.9504,5.3271,0.29167,0.00685,29.9347,0.0,0.55452,0.39567,0.30405,1.84005,0.00658,0.00905,0.12911,0.06497,0.08964,0.44591,0.00905,0.16694,0.0,0.38889,0.0
2022,IND,国家家庭福利/计划生育项目（简化）,3122,991,300,37,3,15,3.1104,1.838,0.24444,0.00298,14.2897,0.0,0.67557,0.40252,0.30556,1.80878,0.00495,0.00275,0.13861,0.07261,0.07976,0.57114,0.00275,0.16227,0.0,0.34375,0.00109
2022,JPN,少子化支持政策（合并简化）,613,280,120,2,2,5,1.4463,29.7567,1.0,0.04433,151.2989,0.0,0.25287,0.33202,0.26667,0.1857,0.0173,0.01384,0.11765,0.0519,0.10381,0.575,0.01384,0.18685,0.0,0.625,0.02308
2022,USA,无专项生育限制,896,410,200,2,0,9,1.392,38.3587,0.2,0.03045,202.3097,0.0,0.28346,0.40741,0.34286,0.22869,0.01806,0.02257,0.11738,0.04966,0.08804,0.56585,0.02257,0.2167,0.0,0.52,0.0107
2023,CHN,三孩及配套支持,2025,837,300,17,0,8,1.9505,5.1271,0.41176,0.00681,30.9283,0.0,0.56024,0.39588,0.301,1.80523,0.0074,0.00986,0.13065,0.06409,0.09039,0.44325,0.00986,0.17173,0.0,0.42857,0.0
2023,IND,国家家庭福利/计划生育项目（简化）,3167,1013,300,48,6,11,3.0916,1.8591,0.29091,0.00375,15.4323,0.0,0.66868,0.40347,0.30751,1.79957,0.00485,0.0027,0.13646,0.06742,0.07713,0.56269,0.0027,0.16343,0.0,0.34375,0.00107
2023,JPN,少子化支持政策（合并简化）,618,284,120,3,3,5,1.4512,30.0506,0.66667,0.04218,149.1215,0.0,0.25,0.33203,0.25,0.18217,0.01379,0.01724,0.11034,0.06207,0.1,0.57394,0.01724,0.18621,0.0,1.0,0.02308
2023,USA,无专项生育限制,899,412,200,3,0,4,1.3831,37.5842,0.5,0.03023,199.1257,0.0,0.27273,0.40868,0.33803,0.23125,0.01806,0.02257,0.10384,0.06321,0.08578,0.56311,0.02257,0.2167,0.0,0.52,0.01064
2024,CHN,三孩及配套支持,2028,845,300,19,10,6,1.952,4.9228,0.26667,0.00681,31.3022,0.0,0.5638,0.39593,0.299,1.78058,0.00749,0.00915,0.12978,0.05657,0.09151,0.44379,0.00915,0.17471,0.0,0.42857,0.00129
2024,IND,国家家庭福利/计划生育项目（简化）,3206,1036,300,49,6,8,3.0949,1.7977,0.24138,0.00368,16.4312,0.0,0.66898,0.40575,0.30751,1.78981,0.0058,0.00264,0.13509,0.06438,0.07757,0.55502,0.00264,0.16359,0.09091,0.32,0.00104
2024,JPN,少子化支持政策（合并简化）,629,291,120,3,1,9,1.4476,28.0703,1.0,0.04325,144.8168,0.0,0.25806,0.33333,0.25,0.18619,0.01361,0.01701,0.09864,0.06122,0.09864,0.56701,0.01701,0.18027,0.0,1.0,0.02256
2024,USA,无专项生育限制,896,415,200,0,4,5,1.3838,35.7865,0.5,0.03012,195.39,0.0,0.2782,0.40766,0.33333,0.23648,0.01606,0.02064,0.1055,0.04817,0.08716,0.55904,0.02064,0.22018,0.0,0.52,0.00533
2025,CHN,三孩及配套支持,2044,851,300,22,7,1,1.9579,4.6022,0.31579,0.00676,32.3858,0.0,0.56772,0.39405,0.29801,1.73667,0.00753,0.01004,0.12552,0.06611,0.0887,0.44183,0.01004,0.17992,0.0,0.42857,0.00129
2025,IND,国家家庭福利/计划生育项目（简化）,3244,1060,300,47,6,7,3.0906,1.8944,0.10417,0.00362,16.8926,0.0,0.67713,0.40698,0.30876,1.79137,0.00574,0.00261,0.13316,0.07572,0.07885,0.5434,0.00261,0.16397,0.09091,0.32,0.00102
2025,JPN,少子化支持政策（合并简化）,624,292,120,1,3,3,1.4435,26.2633,0.25,0.0434,141.6545,0.0,0.24444,0.33588,0.2449,0.19053,0.01031,0.02062,0.10653,0.03436,0.10309,0.56507,0.02062,0.17869,0.0,1.0,0.02642
2025,USA,无专项生育限制,901,419,200,3,3,5,1.3972,34.8977,0.28571,0.03099,190.7664,0.0,0.27941,0.41242,0.33333,0.23438,0.01818,0.02045,0.11136,0.03864,0.09091,0.56086,0.02045,0.225,0.0,0.52,0.00531
2026,CHN,三孩及配套支持,2059,861,300,20,3,2,1.9579,4.6822,0.33333,0.00731,32.2399,0.0,0.54755,0.39439,0.29934,1.72025,0.00683,0.01025,0.1298,0.06063,0.08967,0.43554,0.01025,0.18019,0.0,0.38889,0.00128
2026,IND,国家家庭福利/计划生育项目（简化）,3280,1081,300,45,6,3,3.0829,1.9736,0.22449,0.00356,17.6937,0.0,0.67943,0.407,0.30425,1.77779,0.00675,0.00208,0.13499,0.07217,0.07996,0.53654,0.00208,0.16719,0.07692,0.28926,0.00101
2026,JPN,少子化支持政策（合并简化）,625,293,120,1,2,2,1.44,26.8898,0.5,0.04498,144.4093,0.0,0.25581,0.33333,0.2449,0.18705,0.01031,0.02062,0.09622,0.03093,0.10309,0.56655,0.02062,0.17869,0.0,1.0,0.02652
2026,USA,无专项生育限制,905,424,200,3,2,3,1.395,34.1705,0.33333,0.03207,184.1132,0.0,0.28788,0.4141,0.33333,0.23347,0.01831,0.01831,0.11213,0.0389,0.09611,0.55896,0.01831,0.22654,0.0,0.52,0.00526
2027,CHN,三孩及配套支持,2070,874,300,16,8,3,1.9623,4.7528,0.0,0.0073,32.4017,0.0,0.56305,0.39501,0.29739,1.70306,0.00691,0.01037,0.12705,0.0605,0.09421,0.43249,0.01037,0.17459,0.0,0.38889,0.00127
2027,IND,国家家庭福利/计划生育项目（简化）,3318,1110,300,47,2,7,3.0788,2.0244,0.23529,0.0035,17.4974,0.0,0.66952,0.40665,0.30736,1.789,0.0072,0.00206,0.13529,0.06996,0.07767,0.52883,0.00206,0.16872,0.14286,0.28926,0.00098
2027,JPN,少子化支持政策（合并简化）,626,295,120,3,2,0,1.4365,27.7697,0.2,0.04475,147.2386,0.0,0.26966,0.32714,0.24,0.18739,0.01083,0.01805,0.09386,0.02527,0.10469,0.5661,0.01805,0.18773,0.0,1.0,0.02652
2027,USA,无专项生育限制,906,431,200,1,4,4,1.4011,32.7402,0.5,0.03199,182.322,0.0,0.29688,0.41228,0.32877,0.2398,0.01887,0.01887,0.11085,0.03774,0.09434,0.55684,0.01887,0.22877,0.0,0.52,0.00524
2028,CHN,三孩及配套支持,2078,877,300,18,11,9,1.9554,4.5323,0.23077,0.00673,32.8566,0.0,0.56977,0.39564,0.2987,1.67225,0.00797,0.00974,0.12223,0.07086,0.09212,0.43444,0.00974,0.17803,0.0,0.42857,0.00128
2028,IND,国家家庭福利/计划生育项目（简化）,3353,1136,300,58,14,9,3.0693,1.9401,0.2,0.00347,18.3794,0.0,0.66315,0.40336,0.30621,1.79006,0.00724,0.00207,0.13754,0.06929,0.07653,0.51673,0.00207,0.16443,0.14286,0.28926,0.00193
2028,JPN,少子化支持政策（合并简化）,628,296,120,2,2,2,1.4506,26.412,0.0,0.04452,144.3043,0.0,0.27059,0.33088,0.2549,0.1779,0.01515,0.01515,0.08333,0.04924,0.10606,0.56757,0.01515,0.18939,0.0,1.0,0.02652
2028,USA,无专项生育限制,913,433,200,6,5,6,1.4011,33.8358,0.0,0.03188,180.5977,0.0,0.29839,0.41357,0.32432,0.22463,0.01442,0.02163,0.10817,0.05529,0.09375,0.55889,0.02163,0.22356,0.0,0.55556,0.00526
2029,CHN,三孩及配套支持,2083,881,300,16,10,13,1.9514,4.4273,0.33333,0.00619,35.2079,0.0,0.56973,0.3974,0.30323,1.65019,0.00726,0.00998,0.12069,0.05717,0.09437,0.43473,0.00998,0.17967,0.0,0.38889,0.00128
2029,IND,国家家庭福利/计划生育项目（简化）,3387,1157,300,52,15,5,3.0636,1.8714,0.3,0.00383,18.9774,0.0,0.66241,0.40331,0.30737,1.77655,0.00624,0.00208,0.13528,0.0744,0.07492,0.51253,0.00208,0.16493,0.16667,0.26,0.00191
2029,JPN,少子化支持政策（合并简化）,635,303,120,3,1,5,1.4457,26.9732,0.33333,0.04569,139.4831,0.0,0.27381,0.32727,0.2549,0.18513,0.01544,0.01544,0.09266,0.04633,0.09653,0.56106,0.01544,0.18533,0.0,1.0,0.02602
2029,USA,无专项生育限制,907,434,200,1,6,5,1.4038,33.4227,0.5,0.03088,182.1768,0.0,0.27869,0.41176,0.32432,0.22958,0.01238,0.02228,0.10149,0.06683,0.09158,0.5576,0.02228,0.21782,0.0,0.55556,0.00532
2030,CHN,三孩及配套支持,2094,888,300,20,8,5,1.9517,4.415,0.4,0.00618,34.9276,0.0,0.57313,0.39813,0.30323,1.62022,0.00659,0.01035,0.12418,0.05174,0.09595,0.43018,0.01035,0.17592,0.0,0.36,0.00128
2030,IND,国家家庭福利/计划生育项目（简化）,3418,1174,300,51,8,12,3.0544,1.8694,0.19355,0.00344,18.4945,0.0,0.66131,0.40353,0.30689,1.76263,0.00579,0.00211,0.13947,0.07,0.07579,0.50341,0.00211,0.16526,0.18182,0.30864,0.00188
2030,JPN,少子化支持政策（合并简化）,638,306,120,1,2,8,1.4525,27.1666,1.0,0.04706,136.6106,0.0,0.28049,0.32491,0.2549,0.18608,0.01186,0.01581,0.09091,0.03557,0.10672,0.56209,0.01581,0.19368,0.0,1.0,0.02222
2030,USA,无专项生育限制,913,438,200,2,5,9,1.3984,33.5445,0.66667,0.03298,182.7794,0.0,0.30579,0.41126,0.31169,0.23117,0.0102,0.02041,0.11224,0.06378,0.09439,0.55708,0.02041,0.21173,0.0,0.5,0.00796
2031,CHN,三孩及配套支持,2108,892,300,23,7,2,1.9547,4.5853,0.25,0.00618,35.2855,0.0,0.57585,0.398,0.30547,1.58905,0.0068,0.00972,0.12536,0.05928,0.09427,0.42489,0.00972,0.17784,0.0,0.36,0.00128
2031,IND,国家家庭福利/计划生育项目（简化）,3459,1189,300,50,9,0,3.0361,1.8475,0.2,0.00341,18.0614,0.0,0.65909,0.40349,0.30992,1.737,0.00531,0.00159,0.14066,0.06741,0.0759,0.49958,0.00159,0.16614,0.1,0.30864,0.00187
2031,JPN,少子化支持政策（合并简化）,642,309,120,3,3,4,1.4549,27.8174,1.0,0.04523,133.8787,0.0,0.24,0.32374,0.2549,0.18127,0.0125,0.01667,0.08333,0.04167,0.10833,0.56311,0.01667,0.20417,0.0,1.0,0.02222
2031,USA,无专项生育限制,907,438,200,2,6,2,1.3979,32.6617,0.2,0.03191,182.8842,0.0,0.29825,0.41113,0.32051,0.22191,0.01326,0.02387,0.11406,0.0504,0.09284,0.55708,0.02387,0.22281,0.0,0.5,0.00809
2032,CHN,三孩及配套支持,2102,897,300,15,12,9,1.952,4.6286,0.125,0.00622,35.1025,0.0,0.5627,0.39716,0.30547,1.5744,0.00714,0.00816,0.12857,0.0449,0.09592,0.42586,0.00816,0.18367,0.0,0.375,0.00129
2032,IND,国家家庭福利/计划生育项目（简化）,3480,1201,300,45,15,9,3.0248,1.8267,0.21429,0.00339,18.9118,0.0,0.64381,0.40508,0.31365,1.71959,0.00487,0.00108,0.14494,0.06923,0.07463,0.49792,0.00108,0.16982,0.11111,0.34375,0.00186
2032,JPN,少子化支持政策（合并简化）,656,314,120,2,2,14,1.4627,28.7968,0.0,0.04139,129.4319,0.0,0.27778,0.32258,0.25,0.18031,0.01288,0.01288,0.09442,0.05579,0.1073,0.56051,0.01288,0.20172,0.0,1.0,0.01818
2032,USA,无专项生育限制,911,441,200,3,3,4,1.3974,32.335,0.0,0.03195,179.6211,0.0,0.28571,0.41113,0.32051,0.20817,0.00852,0.02557,0.1108,0.05682,0.09091,0.55556,0.02557,0.21875,0.0,0.5,0.00809
2033,CHN,三孩及配套支持,2113,901,300,20,8,7,1.9514,4.6527,0.25,0.00622,35.2282,0.0,0.55921,0.39915,0.30547,1.55087,0.00859,0.00859,0.11923,0.04619,0.09237,0.42619,0.00859,0.1826,0.0,0.44,0.00129
2033,IND,国家家庭福利/计划生育项目（简化）,3517,1214,300,60,14,9,3.0037,1.8196,0.17143,0.00375,18.9754,0.0,0.63942,0.40331,0.30862,1.68919,0.00441,0.0011,0.14262,0.07104,0.07159,0.49341,0.0011,0.1652,0.125,0.38776,0.00093
2033,JPN,少子化支持政策（合并简化）,657,317,120,1,6,6,1.489,22.9021,0.0,0.03954,125.3036,0.0,0.22857,0.31915,0.24528,0.17958,0.00877,0.01316,0.09649,0.02632,0.10526,0.56467,0.01316,0.19737,0.0,1.0,0.0146
2033,USA,无专项生育限制,911,442,200,2,6,4,1.3916,30.8632,0.0,0.03199,178.045,0.0,0.31313,0.40851,0.32051,0.20254,0.00885,0.0236,0.10914,0.05605,0.09145,0.5543,0.0236,0.22124,0.0,0.5,0.00813
2034,CHN,三孩及配套支持,2129,912,300,14,8,14,1.9505,4.4748,0.125,0.0062,34.4731,0.0,0.5614,0.39902,0.31013,1.53309,0.00903,0.0079,0.1219,0.04853,0.09481,0.42215,0.0079,0.1851,0.0,0.44,0.00128
2034,IND,国家家庭福利/计划生育项目（简化）,3547,1225,300,48,9,9,2.982,1.8157,0.03448,0.00373,19.521,0.0,0.63573,0.40385,0.30938,1.66343,0.00394,0.00113,0.14752,0.06869,0.06982,0.49143,0.00113,0.16948,0.14286,0.5,0.00092
2034,JPN,少子化支持政策（合并简化）,652,318,120,2,7,0,1.4854,22.7532,0.0,0.03987,126.6987,0.0,0.22388,0.3169,0.24528,0.17929,0.00922,0.01382,0.09677,0.04608,0.09217,0.56289,0.01382,0.19355,0.0,1.0,0.01493
2034,USA,无专项生育限制,911,443,199,3,2,5,1.3928,28.8735,0.0,0.03321,175.9818,0.0,0.35227,0.40678,0.32051,0.19724,0.00929,0.02477,0.10526,0.07121,0.09288,0.55756,0.02477,0.22291,0.0,0.5,0.00811
2035,CHN,三孩及配套支持,2138,914,300,14,5,0,1.9549,4.5441,0.0,0.0062,33.9969,0.0,0.55472,0.39874,0.30818,1.5065,0.0095,0.00831,0.12114,0.06057,0.09739,0.42232,0.00831,0.1829,0.0,0.44,0.00128
2035,IND,国家家庭福利/计划生育项目（简化）,3569,1246,300,29,7,6,2.9622,1.7175,0.16667,0.0037,19.331,0.0,0.6356,0.40298,0.30724,1.67135,0.00284,0.00114,0.14545,0.06989,0.06818,0.48315,0.00114,0.16648,0.2,0.44,0.00091
2035,JPN,少子化支持政策（合并简化）,649,318,120,0,4,7,1.4801,23.9121,1.0,0.03827,124.2597,0.0,0.22222,0.31818,0.24528,0.17404,0.00957,0.01435,0.09091,0.04306,0.08612,0.56604,0.01435,0.19139,0.0,1.0,0.01509
2035,USA,无专项生育限制,908,442,199,1,3,3,1.3903,29.2483,0.66667,0.03325,176.6733,0.0,0.35802,0.40632,0.31646,0.19354,0.01,0.03,0.12,0.02667,0.09,0.56335,0.03,0.21667,0.0,0.5,0.00817
2036,CHN,三孩及配套支持,2137,914,300,19,12,8,1.9473,4.5437,0.2,0.00679,32.984,0.0,0.5749,0.39875,0.30841,1.48163,0.01135,0.00757,0.11728,0.05296,0.09962,0.42013,0.00757,0.18663,0.11111,0.33333,0.0013
2036,IND,国家家庭福利/计划生育项目（简化）,3592,1266,300,45,19,3,2.9433,1.7098,0.28571,0.0037,19.1907,0.0,0.6206,0.40156,0.30545,1.66838,0.00348,0.00116,0.14675,0.06555,0.07135,0.47946,0.00116,0.16589,0.16667,0.44,0.0009
2036,JPN,少子化支持政策（合并简化）,648,321,120,0,3,8,1.4769,21.4188,0.0,0.03808,125.1351,0.0,0.21875,0.3218,0.24528,0.17292,0.00505,0.01515,0.10101,0.0202,0.08081,0.56698,0.01515,0.19697,0.0,1.0,0.01509
2036,USA,无专项生育限制,914,448,199,1,4,13,1.396,27.6109,0.0,0.03294,165.4269,0.0,0.34146,0.40333,0.3125,0.20227,0.00709,0.02837,0.13475,0.02837,0.07801,0.55357,0.02837,0.21631,0.0,0.5,0.00811
2037,CHN,三孩及配套支持,2134,913,299,11,14,0,1.9487,4.4728,0.0,0.00684,32.2383,0.00667,0.56889,0.39917,0.30841,1.46468,0.01233,0.00685,0.11507,0.06575,0.10411,0.4195,0.00685,0.19452,0.11111,0.33333,0.00131
2037,IND,国家家庭福利/计划生育项目（简化）,3619,1282,300,39,8,6,2.92,1.7362,0.10526,0.00405,19.0,0.0,0.62016,0.4013,0.30636,1.65621,0.00421,0.0012,0.15264,0.0595,0.07091,0.47738,0.0012,0.16526,0.14286,0.44,0.00089
2037,JPN,少子化支持政策（合并简化）,644,319,120,3,8,3,1.4786,22.6698,0.0,0.0384,121.3811,0.0,0.20312,0.32646,0.24528,0.16653,0.00538,0.01613,0.09677,0.01613,0.0914,0.56426,0.01613,0.19355,0.0,1.0,0.01538
2037,USA,无专项生育限制,915,448,199,2,4,3,1.3915,25.4174,0.5,0.03294,162.8339,0.0,0.34568,0.40166,0.3125,0.19614,0.01145,0.01908,0.13359,0.04198,0.07634,0.55134,0.01908,0.23282,0.0,0.33333,0.00815
2038,CHN,三孩及配套支持,2132,910,299,10,12,8,1.9548,4.4729,0.07692,0.0074,30.8958,0.00667,0.58716,0.40041,0.31173,1.43734,0.01331,0.00888,0.12278,0.06065,0.09615,0.41648,0.00888,0.18935,0.11111,0.33333,0.00133
2038,IND,国家家庭福利/计划生育项目（简化）,3645,1295,300,46,17,7,2.9026,1.7444,0.17857,0.00404,19.1314,0.0,0.60573,0.4004,0.30608,1.64339,0.00428,0.00061,0.15211,0.06781,0.0672,0.47413,0.00061,0.16371,0.14286,0.44,0.00089
2038,JPN,少子化支持政策（合并简化）,643,322,120,1,3,5,1.4718,23.989,1.0,0.03846,117.5608,0.0,0.16667,0.32877,0.24528,0.17302,0.01136,0.01136,0.09659,0.02273,0.08523,0.56211,0.01136,0.19318,0.0,0.5,0.01544
2038,USA,无专项生育限制,910,448,199,0,7,8,1.3818,26.2513,0.33333,0.03306,161.8651,0.0,0.35,0.39918,0.30488,0.19994,0.0119,0.01984,0.12698,0.03571,0.07143,0.54911,0.01984,0.22619,0.0,0.33333,0.00824
2039,CHN,三孩及配套支持,2126,913,299,9,16,3,1.9454,4.4316,0.22727,0.00793,31.2545,0.00667,0.57778,0.39851,0.31098,1.42916,0.01061,0.00758,0.12273,0.0697,0.08939,0.4184,0.00758,0.18939,0.14286,0.33333,0.00134
2039,IND,国家家庭福利/计划生育项目（简化）,3667,1302,300,45,16,7,2.8988,1.8107,0.18421,0.00437,19.3509,0.0,0.60168,0.39992,0.30597,1.61864,0.00492,0.00061,0.15058,0.07437,0.06515,0.47312,0.00061,0.1598,0.125,0.44,0.00089
2039,JPN,少子化支持政策（合并简化）,645,323,119,0,5,7,1.4757,25.4233,0.33333,0.04,121.3831,0.01667,0.17308,0.33559,0.25926,0.1728,0.00565,0.0113,0.0904,0.03955,0.0791,0.56656,0.0113,0.18079,0.0,1.0,0.01556
2039,USA,无专项生育限制,898,447,198,1,12,1,1.3713,26.4869,0.0,0.03226,157.3534,0.01,0.36364,0.40082,0.30488,0.20404,0.01224,0.02041,0.13061,0.0449,0.06122,0.5481,0.02041,0.21224,0.0,0.33333,0.0056
2040,CHN,三孩及配套支持,2130,916,299,15,12,3,1.9372,4.3615,0.35714,0.00848,30.5218,0.00667,0.5907,0.39812,0.31003,1.42267,0.01095,0.00782,0.12207,0.06416,0.0892,0.41376,0.00782,0.18623,0.14286,0.33333,0.00135
2040,IND,国家家庭福利/计划生育项目（简化）,3688,1311,300,42,19,6,2.8703,1.8709,0.22222,0.00436,18.6704,0.0,0.61778,0.39961,0.30642,1.60001,0.00312,0.0,0.15783,0.07236,0.06301,0.4714,0.0,0.16282,0.2,0.375,0.00089
2040,JPN,少子化支持政策（合并简化）,637,324,119,0,9,9,1.4878,24.5871,0.5,0.04047,118.3555,0.01667,0.19231,0.33333,0.25926,0.17544,0.00559,0.01117,0.09497,0.01676,0.08939,0.5679,0.01117,0.18436,0.0,1.0,0.01606
2040,USA,无专项生育限制,893,446,198,2,7,0,1.3672,26.5415,0.5,0.03245,153.8596,0.01,0.33333,0.40122,0.3012,0.20357,0.01224,0.02041,0.12653,0.05714,0.06531,0.54709,0.02041,0.21224,0.0,0.33333,0.00565
2041,CHN,三孩及配套支持,2134,924,299,8,5,9,1.9356,4.2414,0.17391,0.00841,29.3384,0.00667,0.61395,0.39802,0.30816,1.41448,0.00949,0.00791,0.13449,0.06804,0.08703,0.41017,0.00791,0.19304,0.16667,0.28,0.00134
2041,IND,国家家庭福利/计划生育项目（简化）,3697,1312,300,34,12,17,2.8582,1.8985,0.33333,0.00472,18.026,0.0,0.62308,0.40062,0.30797,1.57808,0.00382,0.0,0.15213,0.06365,0.06047,0.47104,0.0,0.15913,0.16667,0.44,0.0009
2041,JPN,少子化支持政策（合并简化）,630,325,119,0,11,4,1.4948,24.5304,0.0,0.04096,114.2259,0.01667,0.14583,0.33333,0.25926,0.18179,0.01143,0.01143,0.09714,0.02286,0.10286,0.56308,0.01143,0.18286,0.0,1.0,0.01653
2041,USA,无专项生育限制,893,448,198,1,9,8,1.3654,27.682,0.6,0.03241,149.9917,0.01,0.38356,0.39919,0.29762,0.20576,0.0121,0.02016,0.1371,0.04435,0.06855,0.54241,0.02016,0.21371,0.0,0.55556,0.00573
2042,CHN,三孩及配套支持,2127,926,299,8,11,8,1.9321,4.3028,0.33333,0.0084,28.7961,0.00667,0.63208,0.39739,0.30723,1.40384,0.00803,0.00642,0.13804,0.05618,0.08668,0.41253,0.00642,0.19262,0.2,0.375,0.0
2042,IND,国家家庭福利/计划生育项目（简化）,3712,1325,300,26,16,5,2.8288,1.8781,0.18519,0.00469,17.8454,0.0,0.64058,0.40069,0.31059,1.58193,0.0045,0.0,0.14984,0.07203,0.06174,0.46566,0.0,0.16013,0.14286,0.33333,0.00089
2042,JPN,少子化支持政策（合并简化）,624,321,118,0,9,3,1.4879,26.0189,0.25,0.04281,114.034,0.03333,0.14583,0.33555,0.27273,0.18222,0.01124,0.01685,0.10112,0.02247,0.10112,0.56698,0.01685,0.19101,0.0,1.0,0.01674
2042,USA,无专项生育限制,881,442,196,1,9,4,1.3614,27.1849,0.5,0.03277,148.7315,0.01,0.41176,0.4,0.2907,0.20076,0.00826,0.02066,0.13636,0.03719,0.07025,0.54299,0.02066,0.19835,0.0,0.5,0.00583
2043,CHN,三孩及配套支持,2106,925,299,5,26,0,1.9259,4.3081,0.3125,0.00845,27.8829,0.00667,0.65566,0.39651,0.30746,1.41293,0.00809,0.00647,0.14887,0.0534,0.08091,0.41081,0.00647,0.18932,0.2,0.375,0.0
2043,IND,国家家庭福利/计划生育项目（简化）,3717,1332,299,29,23,7,2.8203,1.9494,0.15625,0.00467,17.6161,0.00667,0.66223,0.39924,0.30948,1.57241,0.00579,0.0,0.15122,0.07336,0.06692,0.46021,0.0,0.15637,0.11111,0.3125,0.00179
2043,JPN,少子化支持政策（合并简化）,615,318,118,2,8,3,1.4777,25.9711,0.5,0.0434,111.8179,0.03333,0.15217,0.33663,0.26786,0.16427,0.00581,0.01744,0.11047,0.00581,0.09884,0.57547,0.01744,0.18605,0.0,0,0.01724
2043,USA,无专项生育限制,876,443,196,3,12,4,1.3557,27.5031,0.2,0.03297,142.9916,0.01,0.44776,0.40198,0.29545,0.20099,0.0081,0.02024,0.1417,0.03644,0.06883,0.53725,0.02024,0.19433,0.0,0.5,0.00588
2044,CHN,三孩及配套支持,2095,924,299,8,16,3,1.9125,4.4739,0.10526,0.00845,27.4307,0.00667,0.64486,0.39553,0.30769,1.40821,0.00806,0.00645,0.15484,0.04516,0.07903,0.40693,0.00645,0.18387,0.2,0.375,0.0
2044,IND,国家家庭福利/计划生育项目（简化）,3729,1334,299,33,18,7,2.804,2.0274,0.25714,0.005,16.7003,0.00667,0.67627,0.39962,0.30906,1.54942,0.0064,0.0,0.15429,0.0749,0.06594,0.45952,0.0,0.15045,0.2,0.35802,0.00179
2044,JPN,少子化支持政策（合并简化）,601,312,116,0,14,10,1.4896,27.7001,0.33333,0.04433,112.5568,0.05,0.16667,0.33333,0.26786,0.15693,0.0,0.01754,0.11696,0.02924,0.09942,0.56731,0.01754,0.18713,0.0,0,0.01778
2044,USA,无专项生育限制,863,443,195,0,19,10,1.3589,26.7119,0.5,0.03474,141.5699,0.02,0.46032,0.40039,0.29213,0.20065,0.004,0.024,0.12,0.06,0.064,0.53499,0.024,0.184,0.0,1.0,0.00615
2045,CHN,三孩及配套支持,2091,932,298,13,19,2,1.9169,4.7714,0.125,0.00732,28.2435,0.01333,0.63348,0.39469,0.30702,1.40349,0.00808,0.00485,0.15024,0.04847,0.07916,0.40665,0.00485,0.17771,0.2,0.375,0.0
2045,IND,国家家庭福利/计划生育项目（简化）,3717,1327,299,19,25,6,2.7897,2.046,0.28261,0.00497,16.3268,0.00667,0.69165,0.40207,0.30609,1.53609,0.00632,0.0,0.15044,0.07712,0.07206,0.45893,0.0,0.14791,0.2,0.35802,0.00181
2045,JPN,少子化支持政策（合并简化）,594,310,116,1,8,0,1.4861,25.9151,0.5,0.0448,110.5606,0.05,0.19048,0.33117,0.26786,0.16133,0.0,0.01786,0.1131,0.04762,0.10119,0.56774,0.01786,0.18452,0.0,0,0.0181
2045,USA,无专项生育限制,857,444,193,2,12,4,1.3661,27.332,0.33333,0.03483,132.7866,0.03,0.44776,0.39766,0.28889,0.20152,0.00391,0.01953,0.12109,0.04688,0.05859,0.52928,0.01953,0.19531,0.0,1.0,0.00625
2046,CHN,三孩及配套支持,2084,932,298,10,19,2,1.9049,4.8785,0.17647,0.00732,27.7582,0.01333,0.63478,0.39612,0.30946,1.39585,0.00637,0.00637,0.14809,0.05573,0.07643,0.40343,0.00637,0.17357,0.25,0.375,0.0
2046,IND,国家家庭福利/计划生育项目（简化）,3701,1330,299,24,30,10,2.7826,2.076,0.19149,0.00495,15.969,0.00667,0.70052,0.40174,0.30651,1.5445,0.00623,0.00062,0.15265,0.0785,0.06854,0.45489,0.00062,0.14206,0.2,0.3125,0.00181
2046,JPN,少子化支持政策（合并简化）,586,311,115,1,15,10,1.4704,28.3814,0.5,0.04537,106.7587,0.05,0.32558,0.32692,0.26786,0.17156,0.0,0.01744,0.09884,0.05814,0.09884,0.56592,0.01744,0.19767,0.0,0,0.0186
2046,USA,无专项生育限制,851,445,193,0,8,2,1.357,27.016,0.0,0.03504,130.5046,0.03,0.50746,0.39883,0.28889,0.21381,0.01186,0.01976,0.11462,0.05138,0.05929,0.52809,0.01976,0.18972,0.0,0.33333,0.00631
2047,CHN,三孩及配套支持,2088,930,298,16,22,20,1.9022,5.0424,0.2,0.00788,29.6296,0.01333,0.61826,0.39555,0.30704,1.37068,0.00466,0.00621,0.14907,0.0559,0.07453,0.4086,0.00621,0.17547,0.33333,0.33333,0.0
2047,IND,国家家庭福利/计划生育项目（简化）,3698,1344,298,26,19,20,2.7669,2.167,0.3617,0.00491,16.3482,0.00667,0.7121,0.40071,0.30252,1.5469,0.00613,0.00061,0.15389,0.06499,0.06867,0.45312,0.00061,0.1404,0.2,0.3125,0.00181
2047,JPN,少子化支持政策（合并简化）,583,309,115,2,7,2,1.4577,26.2556,0.0,0.0457,108.8098,0.05,0.34146,0.32588,0.26786,0.17049,0.0,0.01765,0.1,0.05294,0.1,0.56311,0.01765,0.18824,0.0,0,0.01869
2047,USA,无专项生育限制,842,440,192,2,9,2,1.3498,27.494,0.25,0.03409,126.541,0.04,0.49275,0.39768,0.28571,0.21238,0.01181,0.01969,0.11024,0.05118,0.07087,0.52727,0.01969,0.19291,0.0,0.33333,0.00639
2048,CHN,三孩及配套支持,2081,932,298,14,25,4,1.8863,4.977,0.2381,0.00788,30.4053,0.01333,0.61111,0.39597,0.30748,1.36049,0.00453,0.00755,0.14955,0.05136,0.071,0.40558,0.00755,0.17372,0.33333,0.33333,0.0
2048,IND,国家家庭福利/计划生育项目（简化）,3704,1357,298,29,21,2,2.7537,2.2776,0.2619,0.00453,16.6151,0.00667,0.72333,0.40007,0.30017,1.55079,0.00542,0.0006,0.14389,0.07887,0.06984,0.45026,0.0006,0.14148,0.22222,0.3125,0.00181
2048,JPN,少子化支持政策（合并简化）,572,306,115,0,10,3,1.4291,28.5315,0.0,0.04655,107.4619,0.05,0.34211,0.32484,0.26786,0.17699,0.0,0.01796,0.1018,0.05389,0.1018,0.55882,0.01796,0.18563,0.0,0,0.01896
2048,USA,无专项生育限制,827,435,191,2,16,1,1.3433,28.233,0.5,0.03594,126.4396,0.05,0.49296,0.39464,0.28571,0.20752,0.01172,0.01953,0.11328,0.04688,0.07031,0.53333,0.01953,0.19531,0.0,0.33333,0.0098
2049,CHN,三孩及配套支持,2079,937,298,10,14,6,1.879,5.1532,0.14286,0.00788,29.188,0.01333,0.61961,0.39685,0.30748,1.34916,0.00595,0.00893,0.14881,0.05357,0.0744,0.40342,0.00893,0.16964,0.25,0.375,0.0
2049,IND,国家家庭福利/计划生育项目（简化）,3704,1373,298,26,21,15,2.7389,2.3086,0.20455,0.00449,16.1496,0.00667,0.72638,0.39986,0.30049,1.5668,0.00534,0.00059,0.14421,0.07834,0.06944,0.44428,0.00059,0.14184,0.22222,0.3125,0.00179
2049,JPN,少子化支持政策（合并简化）,559,298,114,1,11,3,1.4088,30.7255,0.25,0.04554,107.4025,0.05,0.35,0.33019,0.2807,0.17342,0.0,0.01775,0.10059,0.05325,0.10059,0.55369,0.01775,0.18935,0.0,0,0.01942
2049,USA,无专项生育限制,831,438,191,5,7,12,1.3547,27.6791,0.0,0.03594,122.816,0.05,0.48571,0.39504,0.28571,0.20447,0.01181,0.01969,0.1063,0.05512,0.0748,0.52968,0.01969,0.20866,0.0,0.33333,0.0098
2050,CHN,三孩及配套支持,2071,943,298,10,20,2,1.8742,5.4137,0.27778,0.00788,29.3205,0.01333,0.6194,0.39976,0.3079,1.34302,0.00877,0.00877,0.14912,0.04971,0.07456,0.40297,0.00877,0.17105,0.16667,0.28,0.0
2050,IND,国家家庭福利/计划生育项目（简化）,3694,1379,298,31,34,11,2.7073,2.4369,0.25926,0.00481,16.5959,0.00667,0.72756,0.40136,0.30244,1.57835,0.00522,0.00058,0.14161,0.07835,0.06907,0.44525,0.00058,0.14219,0.22222,0.3125,0.00179
2050,JPN,少子化支持政策（合并简化）,549,297,111,0,14,8,1.4,29.6086,0.33333,0.04633,105.9067,0.08333,0.36364,0.3271,0.2807,0.19207,0.0,0.01744,0.09884,0.05814,0.09302,0.54545,0.01744,0.18605,0.0,0,0.01463
2050,USA,无专项生育限制,821,435,191,3,14,9,1.3507,25.8153,0.42857,0.03636,122.5257,0.05,0.5,0.3936,0.28261,0.20552,0.01154,0.01923,0.11538,0.04231,0.07308,0.52874,0.01923,0.21538,0.0,0.33333,0.01007
2051,CHN,三孩及配套支持,2061,940,297,8,16,2,1.871,5.3602,0.23529,0.00789,29.7712,0.01333,0.63177,0.40107,0.30728,1.33434,0.00863,0.00863,0.14676,0.04892,0.07626,0.4,0.00863,0.17122,0.16667,0.28,0.0
2051,IND,国家家庭福利/计划生育项目（简化）,3703,1384,298,28,18,1,2.6871,2.5319,0.24444,0.00477,16.9343,0.00667,0.72477,0.40234,0.30671,1.57013,0.00513,0.00057,0.14139,0.08153,0.0667,0.44292,0.00057,0.14196,0.22222,0.3125,0.00177
2051,JPN,少子化支持政策（合并简化）,545,296,110,2,7,1,1.4142,29.7316,0.25,0.04457,105.7147,0.08333,0.34783,0.32615,0.2807,0.19336,0.0,0.01714,0.10286,0.05143,0.09143,0.5473,0.01714,0.18857,0.0,0,0.01471
2051,USA,无专项生育限制,805,424,187,1,19,2,1.3333,26.3017,0.75,0.03831,121.0922,0.06,0.51316,0.39252,0.2766,0.20811,0.01172,0.01953,0.12109,0.03516,0.07031,0.52123,0.01953,0.21875,0.0,0.33333,0.01014
2052,CHN,三孩及配套支持,2059,943,296,17,21,2,1.8545,5.6557,0.26316,0.00901,30.6489,0.02,0.63668,0.40129,0.304,1.31734,0.00851,0.00851,0.14184,0.05248,0.07518,0.39873,0.00851,0.17305,0.16667,0.28,0.0
2052,IND,国家家庭福利/计划生育项目（简化）,3704,1393,298,25,24,0,2.6755,2.5861,0.34,0.00472,17.497,0.00667,0.71707,0.40461,0.31034,1.56708,0.00673,0.00056,0.14406,0.07848,0.06783,0.44078,0.00056,0.14742,0.16667,0.2562,0.00175
2052,JPN,少子化支持政策（合并简化）,536,291,110,1,12,2,1.4151,28.7377,0.0,0.04339,104.6882,0.08333,0.36364,0.32515,0.2807,0.18065,0.0,0.01775,0.11243,0.02959,0.08876,0.54639,0.01775,0.17751,0.0,0,0.01508
2052,USA,无专项生育限制,784,419,185,0,17,4,1.3411,24.1672,0.0,0.03919,119.7156,0.07,0.48052,0.39332,0.28421,0.21412,0.01181,0.01969,0.12992,0.03543,0.07087,0.52267,0.01969,0.22047,0.0,0.33333,0.01045
2053,CHN,三孩及配套支持,2059,942,296,18,24,6,1.8443,5.5154,0.2,0.009,30.1795,0.02,0.63934,0.40069,0.30079,1.29447,0.0083,0.0083,0.14246,0.05256,0.07884,0.40021,0.0083,0.18119,0.16667,0.28,0.0
2053,IND,国家家庭福利/计划生育项目（简化）,3697,1392,298,26,27,6,2.6605,2.671,0.22917,0.00504,18.5443,0.00667,0.71637,0.40382,0.30817,1.54147,0.00667,0.00056,0.14564,0.07727,0.06837,0.44325,0.00056,0.14564,0.16667,0.2562,0.00175
2053,JPN,少子化支持政策（合并简化）,526,291,108,1,12,1,1.4189,27.739,0.2,0.04591,106.2994,0.11667,0.3617,0.32931,0.2931,0.1779,0.0,0.02381,0.11905,0.02381,0.07738,0.54983,0.02381,0.18452,0.0,0,0.01562
2053,USA,无专项生育限制,771,410,185,0,12,1,1.3378,25.175,1.0,0.03978,121.1138,0.07,0.48684,0.39556,0.28125,0.21212,0.01205,0.01606,0.12851,0.04016,0.06827,0.52439,0.01606,0.2249,0.0,0.33333,0.01056
2054,CHN,三孩及配套支持,2060,949,296,19,19,9,1.8315,5.589,0.1875,0.00958,30.7443,0.02,0.63898,0.40161,0.3013,1.28258,0.00972,0.00833,0.13889,0.05556,0.08194,0.39937,0.00833,0.18333,0.14286,0.27778,0.0
2054,IND,国家家庭福利/计划生育项目（简化）,3698,1396,298,29,25,3,2.6396,2.7352,0.19512,0.00501,19.465,0.00667,0.72334,0.40236,0.31003,1.53036,0.00718,0.00055,0.14862,0.07624,0.06906,0.4384,0.00055,0.14696,0.15385,0.22222,0.00174
2054,JPN,少子化支持政策（合并简化）,521,290,107,0,8,7,1.4242,30.8478,0.0,0.046,107.9185,0.13333,0.41176,0.32836,0.2931,0.16649,0.0,0.02312,0.13873,0.02312,0.08092,0.54483,0.02312,0.17919,0.0,0,0.01596
2054,USA,无专项生育限制,761,405,185,1,10,7,1.3235,24.8278,0.66667,0.03883,119.6066,0.07,0.5,0.39522,0.27551,0.21331,0.0122,0.01626,0.12602,0.03659,0.06911,0.52346,0.01626,0.21545,0.0,0.33333,0.01071
2055,CHN,三孩及配套支持,2043,945,296,19,27,11,1.8153,5.7806,0.15,0.00967,31.8739,0.02,0.63551,0.39989,0.30179,1.25979,0.00824,0.00962,0.14148,0.05769,0.08379,0.39365,0.00962,0.18407,0.16667,0.27778,0.0
2055,IND,国家家庭福利/计划生育项目（简化）,3690,1399,297,28,27,13,2.6253,2.8694,0.21053,0.00498,20.3845,0.00667,0.70954,0.40207,0.30792,1.51883,0.00709,0.00055,0.14948,0.0742,0.06929,0.43674,0.00055,0.14675,0.15385,0.22222,0.00174
2055,JPN,少子化支持政策（合并简化）,515,284,107,0,12,10,1.4247,30.4264,0.0,0.04435,106.6928,0.13333,0.44444,0.32641,0.2931,0.16532,0.0,0.02299,0.12069,0.05172,0.06897,0.53873,0.02299,0.17241,0.0,0,0.01622
2055,USA,无专项生育限制,760,402,183,0,13,12,1.3279,22.0314,0.5,0.03878,118.1792,0.07,0.50685,0.3956,0.27273,0.2128,0.0123,0.01639,0.11885,0.04918,0.06967,0.52239,0.01639,0.20902,0.0,0.33333,0.01071
2056,CHN,三孩及配套支持,2033,935,296,16,28,16,1.7911,6.1237,0.35714,0.00974,32.0401,0.02,0.65075,0.39955,0.29723,1.22025,0.00828,0.00966,0.13931,0.06069,0.08276,0.39144,0.00966,0.18207,0.16667,0.27778,0.0
2056,IND,国家家庭福利/计划生育项目（简化）,3680,1406,297,33,30,13,2.6159,2.9896,0.2766,0.00563,20.7183,0.00667,0.70895,0.40334,0.30702,1.50974,0.00706,0.00054,0.14984,0.0646,0.07058,0.42959,0.00054,0.15092,0.15385,0.22222,0.00174
2056,JPN,少子化支持政策（合并简化）,515,283,106,2,11,9,1.418,29.8885,0.0,0.04462,103.5806,0.15,0.46296,0.32544,0.2931,0.17547,0.0,0.02339,0.11111,0.06433,0.07018,0.53004,0.02339,0.18713,0.0,0,0.01579
2056,USA,无专项生育限制,742,395,182,1,21,2,1.3197,20.3707,0.25,0.03819,119.6726,0.08,0.50667,0.39455,0.27273,0.20893,0.0122,0.01626,0.10976,0.05285,0.06911,0.52405,0.01626,0.21138,0.0,0.33333,0.01115
2057,CHN,三孩及配套支持,2028,929,294,16,21,0,1.7642,6.007,0.4,0.01034,32.9622,0.03333,0.65579,0.39955,0.29602,1.18861,0.00822,0.00959,0.13288,0.0589,0.08493,0.39182,0.00959,0.18767,0.16667,0.27778,0.0
2057,IND,国家家庭福利/计划生育项目（简化）,3684,1412,297,40,30,6,2.6004,3.1249,0.28571,0.00531,20.9589,0.00667,0.69774,0.40356,0.30592,1.50696,0.00707,0.00054,0.14573,0.07341,0.07287,0.42635,0.00054,0.14954,0.15385,0.22222,0.00173
2057,JPN,少子化支持政策（合并简化）,512,279,106,1,10,6,1.4048,25.2219,0.0,0.04312,100.6531,0.15,0.44231,0.32544,0.2931,0.16904,0.0,0.02395,0.11377,0.02994,0.06587,0.53763,0.02395,0.19162,0.0,0,0.01596
2057,USA,无专项生育限制,725,387,181,1,18,0,1.3194,21.8327,0.0,0.03913,117.5067,0.08,0.51389,0.39564,0.27273,0.21113,0.01255,0.01255,0.10879,0.05439,0.06695,0.51938,0.01255,0.20502,0.0,0.33333,0.01154
2058,CHN,三孩及配套支持,2017,927,293,15,21,11,1.7532,5.7795,0.21053,0.0098,33.6371,0.03333,0.65766,0.40088,0.2973,1.16009,0.00826,0.00826,0.13912,0.05647,0.08402,0.39051,0.00826,0.18044,0.16667,0.27778,0.0
2058,IND,国家家庭福利/计划生育项目（简化）,3698,1425,297,40,27,9,2.5951,3.1081,0.2619,0.00495,21.2344,0.00667,0.68956,0.40418,0.30868,1.49793,0.00704,0.00054,0.14727,0.07851,0.07093,0.41825,0.00054,0.14781,0.15385,0.22314,0.00172
2058,JPN,少子化支持政策（合并简化）,505,275,104,2,9,4,1.4073,23.8363,0.0,0.04175,97.6335,0.18333,0.46,0.32743,0.28814,0.16904,0.0,0.02516,0.1195,0.03774,0.06289,0.53818,0.02516,0.20126,0.0,0,0.01604
2058,USA,无专项生育限制,710,375,179,0,19,6,1.3143,23.7485,0.0,0.04148,118.8627,0.08,0.5,0.39674,0.27273,0.21306,0.0087,0.0087,0.1,0.06087,0.06957,0.52,0.0087,0.18696,0.0,0.5,0.01172
2059,CHN,三孩及配套支持,1996,924,293,13,34,0,1.7342,6.1307,0.16667,0.00992,34.453,0.03333,0.67069,0.39989,0.30097,1.14143,0.00836,0.00975,0.14345,0.0571,0.08357,0.39177,0.00975,0.17549,0.16667,0.27778,0.0
2059,IND,国家家庭福利/计划生育项目（简化）,3712,1431,297,45,25,8,2.5845,3.2823,0.14286,0.00494,21.8238,0.00667,0.67759,0.40473,0.31092,1.47769,0.00707,0.00054,0.14783,0.07554,0.0712,0.41999,0.00054,0.14837,0.07692,0.20661,0.00171
2059,JPN,少子化支持政策（合并简化）,498,268,104,3,15,5,1.3667,22.7672,0.33333,0.04237,105.3905,0.18333,0.44231,0.33041,0.28814,0.16314,0.0,0.02548,0.10828,0.05732,0.06369,0.55224,0.02548,0.21019,0.0,0,0.01604
2059,USA,无专项生育限制,694,366,177,1,18,3,1.2915,25.2247,0.66667,0.04387,119.6469,0.09,0.5,0.3982,0.27,0.2181,0.00446,0.00893,0.09821,0.06696,0.07143,0.51913,0.00893,0.19196,0.0,1.0,0.012
2060,CHN,三孩及配套支持,1991,926,293,15,20,0,1.7251,6.461,0.3,0.00998,34.4764,0.03333,0.66981,0.40044,0.3012,1.11015,0.0084,0.01261,0.13866,0.05602,0.08964,0.39093,0.01261,0.17367,0.16667,0.27778,0.0
2060,IND,国家家庭福利/计划生育项目（简化）,3707,1435,296,31,32,4,2.5675,3.407,0.14634,0.00493,22.8852,0.01333,0.67516,0.40456,0.30929,1.46998,0.00763,0.00055,0.14558,0.07634,0.07143,0.41672,0.00055,0.14995,0.07143,0.19444,0.0017
2060,JPN,少子化支持政策（合并简化）,493,265,101,1,9,7,1.3617,19.2319,0.5,0.04506,107.6649,0.21667,0.41509,0.3314,0.28814,0.16577,0.00654,0.03268,0.11765,0.04575,0.05882,0.55849,0.03268,0.22222,0.0,1.0,0.01622
2060,USA,无专项生育限制,679,356,174,1,17,3,1.2844,25.8148,0.0,0.04341,116.0574,0.09,0.45455,0.3982,0.27,0.21744,0.00476,0.00476,0.08095,0.07619,0.07619,0.51124,0.00476,0.17619,0.0,1.0,0.0123
2061,CHN,三孩及配套支持,1976,916,293,11,27,1,1.7056,6.7886,0.11111,0.01008,34.5409,0.03333,0.67628,0.39957,0.30072,1.08433,0.00719,0.01295,0.13381,0.05468,0.09353,0.38865,0.01295,0.17986,0.2,0.36,0.0
2061,IND,国家家庭福利/计划生育项目（简化）,3720,1446,296,41,26,2,2.558,3.4656,0.34884,0.00458,23.4843,0.01333,0.66045,0.40473,0.30812,1.45985,0.00826,0.00055,0.14868,0.07874,0.07104,0.41217,0.00055,0.14758,0.06667,0.23077,0.00169
2061,JPN,少子化支持政策（合并简化）,486,264,100,1,10,2,1.3574,17.666,0.0,0.0393,103.5726,0.21667,0.42,0.3314,0.28814,0.16595,0.00667,0.03333,0.11333,0.04667,0.06,0.56061,0.03333,0.22,0.0,1.0,0.01657
2061,USA,无专项生育限制,663,348,172,0,15,1,1.2722,25.391,0.0,0.04279,114.1612,0.1,0.45902,0.40036,0.27,0.22382,0.00503,0.00503,0.07538,0.06533,0.07035,0.51724,0.00503,0.17588,0.0,1.0,0.01255
2062,CHN,三孩及配套支持,1968,910,292,16,27,9,1.6756,6.4095,0.25,0.01013,34.2355,0.03333,0.68269,0.40043,0.30189,1.06866,0.00876,0.01168,0.13139,0.06423,0.09197,0.39011,0.01168,0.17956,0.33333,0.38889,0.0
2062,IND,国家家庭福利/计划生育项目（简化）,3741,1453,295,54,26,11,2.5516,3.399,0.2973,0.00456,24.2632,0.01333,0.64895,0.40474,0.3102,1.42885,0.00779,0.00111,0.14905,0.08231,0.0723,0.40812,0.00111,0.14572,0.14286,0.25,0.00168
2062,JPN,少子化支持政策（合并简化）,486,261,99,1,7,6,1.3377,18.903,1.0,0.04167,105.6887,0.23333,0.46,0.33237,0.28814,0.16221,0.0069,0.02759,0.12414,0.03448,0.06207,0.56322,0.02759,0.2069,0.0,1.0,0.01667
2062,USA,无专项生育限制,647,340,170,0,14,2,1.2579,24.1223,0.5,0.04214,114.6353,0.11,0.43103,0.39893,0.27,0.22844,0.0,0.00524,0.06806,0.06806,0.06806,0.52647,0.00524,0.18325,0.0,0,0.01288
2063,CHN,三孩及配套支持,1955,904,291,10,23,0,1.6689,6.531,0.2,0.00961,34.2542,0.04,0.68977,0.4015,0.29907,1.04477,0.00898,0.01048,0.12275,0.06138,0.08832,0.38938,0.01048,0.18114,0.33333,0.38889,0.0
2063,IND,国家家庭福利/计划生育项目（简化）,3751,1459,294,45,33,2,2.5355,3.3823,0.1875,0.00457,25.0527,0.01333,0.64109,0.40304,0.30863,1.41022,0.00678,0.00113,0.14689,0.08588,0.07458,0.40507,0.00113,0.1452,0.16667,0.26,0.00168
2063,JPN,少子化支持政策（合并简化）,481,257,99,0,5,0,1.3348,19.5744,0.0,0.03991,102.5181,0.23333,0.45652,0.33237,0.28814,0.16103,0.00694,0.02778,0.11806,0.04167,0.05556,0.56031,0.02778,0.20833,0.0,1.0,0.01117
2063,USA,无专项生育限制,634,333,167,2,17,2,1.2412,24.7048,0.0,0.04312,114.3723,0.12,0.41071,0.39821,0.27,0.23233,0.0,0.00549,0.08242,0.07143,0.06593,0.53453,0.00549,0.17033,0.0,0,0.01322
2064,CHN,三孩及配套支持,1940,898,291,9,24,0,1.6495,6.4681,0.375,0.0091,34.3838,0.04,0.68243,0.40192,0.29837,1.01945,0.00916,0.01069,0.12519,0.05802,0.08244,0.38753,0.01069,0.18626,0.33333,0.38889,0.0
2064,IND,国家家庭福利/计划生育项目（简化）,3756,1462,293,33,28,0,2.5129,3.426,0.33333,0.00457,24.9494,0.02,0.62611,0.40427,0.30965,1.39287,0.00683,0.00114,0.15253,0.07968,0.07684,0.40424,0.00114,0.14286,0.16667,0.26,0.00167
2064,JPN,少子化支持政策（合并简化）,473,254,99,0,8,0,1.317,20.1393,0.0,0.04063,99.6323,0.23333,0.48837,0.33237,0.28814,0.16167,0.00719,0.02878,0.11511,0.05036,0.05755,0.56299,0.02878,0.22302,0.0,1.0,0.01143
2064,USA,无专项生育限制,615,319,165,0,19,0,1.2308,26.8408,0.0,0.04437,117.2621,0.12,0.4,0.39858,0.27723,0.23248,0.0,0.00562,0.08427,0.08989,0.06742,0.53292,0.00562,0.17416,0.0,0,0.01351
2065,CHN,三孩及配套支持,1931,895,291,10,19,4,1.6398,6.5816,0.5,0.00917,33.8103,0.04,0.6807,0.4017,0.29698,0.9863,0.00932,0.00932,0.12422,0.0528,0.0854,0.38994,0.00932,0.1941,0.33333,0.38889,0.0
2065,IND,国家家庭福利/计划生育项目（简化）,3771,1474,293,46,26,7,2.5027,3.3868,0.39286,0.00457,25.2223,0.02,0.60751,0.40502,0.31076,1.37222,0.00698,0.00116,0.15058,0.07849,0.07791,0.39959,0.00116,0.1436,0.16667,0.26,0.00166
2065,JPN,少子化支持政策（合并简化）,465,251,97,0,13,7,1.2883,20.143,0.0,0.04128,100.3996,0.23333,0.5,0.33141,0.28814,0.16385,0.00763,0.03053,0.10687,0.06107,0.05344,0.55777,0.03053,0.23664,0.0,1.0,0.0117
2065,USA,无专项生育限制,604,314,164,0,11,4,1.2169,29.5913,0.25,0.04318,115.9106,0.12,0.42308,0.39753,0.27451,0.2284,0.0,0.00578,0.05202,0.09249,0.07514,0.53185,0.00578,0.17919,0.0,0,0.01376
2066,CHN,三孩及配套支持,1916,884,290,15,28,2,1.6296,7.0077,0.375,0.00991,34.2215,0.04,0.67658,0.40106,0.29493,0.94429,0.00945,0.00945,0.11654,0.05669,0.08031,0.38914,0.00945,0.19055,0.33333,0.38889,0.0
2066,IND,国家家庭福利/计划生育项目（简化）,3788,1473,293,44,18,13,2.488,3.2944,0.3,0.00456,25.8185,0.02,0.60766,0.40498,0.31225,1.33605,0.00886,0.00177,0.15239,0.07147,0.07915,0.4053,0.00177,0.14412,0.13333,0.23077,0.00167
2066,JPN,少子化支持政策（合并简化）,470,253,96,1,6,10,1.2902,21.0055,1.0,0.04348,99.0377,0.25,0.46512,0.33333,0.28814,0.16154,0.00781,0.02344,0.10156,0.05469,0.05469,0.55336,0.02344,0.23438,0.0,1.0,0.0117
2066,USA,无专项生育限制,594,309,164,0,11,11,1.2276,30.0983,0.0,0.04042,112.1818,0.12,0.45833,0.39753,0.27451,0.2345,0.0,0.00595,0.06548,0.07143,0.06548,0.53398,0.00595,0.17857,0.0,0,0.01395
2067,CHN,三孩及配套支持,1898,880,290,7,20,7,1.6258,7.3177,0.15385,0.00998,34.0264,0.04,0.68846,0.40095,0.29224,0.92436,0.00969,0.00969,0.10501,0.06139,0.07916,0.38977,0.00969,0.19225,0.33333,0.38889,0.0
2067,IND,国家家庭福利/计划生育项目（简化）,3781,1471,293,33,38,6,2.4717,3.307,0.1875,0.0046,26.1103,0.02,0.61696,0.40429,0.31275,1.31088,0.00911,0.00182,0.15614,0.06683,0.07776,0.40517,0.00182,0.14399,0.13333,0.23077,0.00169
2067,JPN,少子化支持政策（合并简化）,466,251,95,0,6,2,1.2946,20.5916,0.33333,0.04358,99.6547,0.25,0.42857,0.33333,0.28814,0.15906,0.00787,0.02362,0.10236,0.07087,0.05512,0.55378,0.02362,0.23622,0.0,1.0,0.01183
2067,USA,无专项生育限制,585,303,161,1,15,7,1.2359,32.6813,0.0,0.03915,111.3964,0.12,0.45833,0.39895,0.27184,0.23879,0.0,0.00602,0.06627,0.07229,0.07229,0.53795,0.00602,0.19277,0.0,0,0.01415
2068,CHN,三孩及配套支持,1883,878,289,6,21,0,1.6183,7.5411,0.2,0.01005,33.3871,0.04667,0.6902,0.40042,0.29385,0.91135,0.00825,0.0099,0.11386,0.05611,0.08581,0.39066,0.0099,0.18812,0.4,0.36,0.0
2068,IND,国家家庭福利/计划生育项目（简化）,3788,1471,293,35,24,4,2.4377,3.4013,0.375,0.00493,26.2542,0.02,0.61181,0.4052,0.31373,1.28963,0.00983,0.00184,0.15243,0.07007,0.07867,0.40245,0.00184,0.1469,0.125,0.2449,0.00169
2068,JPN,少子化支持政策（合并简化）,456,245,93,2,14,2,1.2798,21.1039,1.0,0.04471,96.6651,0.26667,0.41026,0.33523,0.28814,0.15425,0.0082,0.02459,0.10656,0.07377,0.04918,0.56327,0.02459,0.2459,0.0,1.0,0.0122
2068,USA,无专项生育限制,586,303,161,2,3,2,1.2369,36.2058,0.0,0.03922,112.8314,0.12,0.47826,0.39895,0.27184,0.2355,0.00629,0.00629,0.06289,0.06918,0.06918,0.53795,0.00629,0.20126,0.0,1.0,0.01402
2069,CHN,三孩及配套支持,1865,876,289,11,29,0,1.6245,7.9041,0.1875,0.01077,32.9568,0.04667,0.684,0.40073,0.2912,0.89201,0.00825,0.0099,0.11881,0.06601,0.08251,0.39155,0.0099,0.18977,0.4,0.36,0.00158
2069,IND,国家家庭福利/计划生育项目（简化）,3792,1478,293,26,19,3,2.4324,3.2938,0.16667,0.00492,25.7893,0.02,0.60469,0.40473,0.31388,1.27838,0.00812,0.00187,0.1549,0.07683,0.07933,0.40122,0.00187,0.14241,0.15385,0.2562,0.00168
2069,JPN,少子化支持政策（合并简化）,441,237,89,1,16,0,1.277,22.1158,0.0,0.046,95.6506,0.3,0.35897,0.33146,0.28814,0.14142,0.00833,0.025,0.10833,0.05,0.04167,0.56118,0.025,0.25833,0.0,1.0,0.01266
2069,USA,无专项生育限制,577,298,158,1,13,3,1.2234,32.359,0.0,0.03978,113.5976,0.14,0.46341,0.3993,0.27184,0.23218,0.0,0.00654,0.07843,0.03922,0.0719,0.54362,0.00654,0.20915,0.0,0,0.01422
2070,CHN,三孩及配套支持,1847,869,287,8,26,4,1.626,8.2759,0.42857,0.01085,33.2441,0.06,0.68699,0.40041,0.29083,0.86376,0.00825,0.0099,0.12046,0.06106,0.08251,0.3901,0.0099,0.19307,0.4,0.36,0.00159
2070,IND,国家家庭福利/计划生育项目（简化）,3803,1487,292,29,18,4,2.4228,3.3627,0.35714,0.00524,25.8941,0.02667,0.60629,0.40518,0.31443,1.27153,0.00699,0.00254,0.15438,0.0864,0.07624,0.40282,0.00254,0.14041,0.18182,0.28,0.00167
2070,JPN,少子化支持政策（合并简化）,429,232,85,0,14,2,1.2913,22.8073,0.0,0.04726,95.0995,0.3,0.38889,0.33053,0.28814,0.15448,0.00855,0.01709,0.10256,0.06838,0.04274,0.55603,0.01709,0.25641,0.0,1.0,0.01935
2070,USA,无专项生育限制,566,292,156,0,9,2,1.223,30.6009,0.5,0.04228,113.4801,0.16,0.46154,0.39965,0.27184,0.22569,0.0,0.00676,0.06757,0.05405,0.07432,0.54795,0.00676,0.19595,0.0,0,0.01456
2071,CHN,三孩及配套支持,1828,865,287,4,24,5,1.6309,8.5558,0.4,0.0103,33.0174,0.06,0.68619,0.40092,0.29111,0.84939,0.0067,0.01005,0.12563,0.04858,0.08208,0.39075,0.01005,0.19263,0.25,0.375,0.00161
2071,IND,国家家庭福利/计划生育项目（简化）,3813,1498,292,32,17,5,2.4118,3.4485,0.23077,0.00523,25.2939,0.02667,0.61206,0.40531,0.31458,1.25237,0.00513,0.00257,0.15202,0.08724,0.07633,0.39987,0.00257,0.1424,0.25,0.22449,0.00167
2071,JPN,少子化支持政策（合并简化）,429,230,84,0,5,5,1.3107,23.1062,0.0,0.04715,92.2466,0.3,0.36111,0.32961,0.28814,0.15314,0.00862,0.01724,0.09483,0.09483,0.05172,0.56087,0.01724,0.25862,0.0,1.0,0.01923
2071,USA,无专项生育限制,560,291,155,0,5,9,1.2022,34.6688,0.2,0.04236,116.8617,0.17,0.5,0.40138,0.27885,0.23133,0.0,0.0,0.09286,0.07857,0.08571,0.54639,0.0,0.21429,0.0,0,0.01463
2072,CHN,三孩及配套支持,1809,858,287,6,29,4,1.6366,8.5357,0.3,0.0104,32.9053,0.06,0.68534,0.40092,0.29204,0.8117,0.00662,0.00993,0.12086,0.06457,0.08609,0.3951,0.00993,0.18709,0.25,0.375,0.00165
2072,IND,国家家庭福利/计划生育项目（简化）,3812,1499,292,33,30,4,2.4102,3.4899,0.32143,0.00524,24.7409,0.02667,0.6208,0.40441,0.31472,1.2339,0.00522,0.00261,0.15841,0.07888,0.07757,0.40294,0.00261,0.14407,0.25,0.22449,0.00167
2072,JPN,少子化支持政策（合并简化）,421,224,79,0,8,0,1.3103,24.3224,1.0,0.04798,89.4792,0.33333,0.4375,0.32869,0.28814,0.15949,0.00885,0.0177,0.0885,0.0708,0.0531,0.55804,0.0177,0.25664,0.0,1.0,0.01935
2072,USA,无专项生育限制,549,287,155,2,13,0,1.2015,39.0694,0.0,0.04307,119.9357,0.17,0.525,0.40034,0.27885,0.22593,0.0,0.0,0.09286,0.07143,0.08571,0.55052,0.0,0.20714,0.0,0,0.01508
2073,CHN,三孩及配套支持,1793,859,285,6,25,5,1.643,8.387,0.25,0.01049,33.1637,0.06,0.6652,0.40081,0.29139,0.78999,0.00661,0.00992,0.12066,0.06777,0.08926,0.38999,0.00992,0.18512,0.25,0.375,0.00166
2073,IND,国家家庭福利/计划生育项目（简化）,3789,1501,292,16,32,7,2.3906,3.6118,0.17857,0.00526,24.9671,0.02667,0.61375,0.40566,0.31486,1.22428,0.00529,0.00264,0.15796,0.07403,0.07469,0.40306,0.00264,0.14607,0.25,0.22449,0.00168
2073,JPN,少子化支持政策（合并简化）,419,223,78,1,6,3,1.3366,20.803,1.0,0.05063,87.7914,0.33333,0.37931,0.32687,0.28333,0.15429,0.00917,0.01835,0.09174,0.08257,0.04587,0.56502,0.01835,0.27523,0.0,1.0,0.01923
2073,USA,无专项生育限制,532,283,152,0,18,5,1.1778,41.0185,0.0,0.0444,114.1686,0.17,0.5,0.39966,0.27885,0.22578,0.0,0.0,0.09559,0.08088,0.09559,0.55124,0.0,0.19853,0.0,0,0.02116
2074,CHN,三孩及配套支持,1767,849,285,10,31,5,1.6485,8.7477,0.16667,0.00995,34.4202,0.06,0.66667,0.40171,0.29451,0.75496,0.00658,0.00987,0.12664,0.06743,0.08553,0.3934,0.00987,0.18586,0.25,0.375,0.00172
2074,IND,国家家庭福利/计划生育项目（简化）,3764,1500,291,23,41,7,2.3797,3.6757,0.27273,0.00497,25.248,0.02667,0.61111,0.40594,0.31579,1.21352,0.00535,0.00268,0.1573,0.07965,0.07697,0.41067,0.00268,0.14257,0.25,0.22449,0.0017
2074,JPN,少子化支持政策（合并简化）,422,223,78,0,4,7,1.3301,19.8151,0.5,0.0529,92.6143,0.33333,0.39286,0.32507,0.28333,0.14813,0.00901,0.01802,0.09009,0.03604,0.04505,0.56502,0.01802,0.28829,0.0,1.0,0.01923
2074,USA,无专项生育限制,530,280,152,1,8,5,1.1767,44.6257,1.0,0.04466,113.6208,0.17,0.52778,0.39897,0.27885,0.22315,0.0,0.0,0.12409,0.05109,0.08759,0.55357,0.0,0.18978,0.0,0,0.02083
2075,CHN,三孩及配套支持,1745,840,284,5,27,0,1.6602,9.5824,0.26316,0.01067,34.425,0.06667,0.66957,0.40289,0.29718,0.72703,0.0081,0.00972,0.12804,0.05835,0.08428,0.39762,0.00972,0.18152,0.2,0.28,0.00175
2075,IND,国家家庭福利/计划生育项目（简化）,3763,1499,291,25,28,2,2.3659,3.8077,0.43478,0.00497,25.204,0.02667,0.61413,0.40533,0.31343,1.19501,0.00537,0.00269,0.15984,0.06447,0.07589,0.41828,0.00269,0.14036,0.25,0.25,0.0017
2075,JPN,少子化支持政策（合并简化）,412,223,76,1,10,3,1.3155,19.0657,0.0,0.05412,90.1392,0.36667,0.41379,0.32329,0.27869,0.15524,0.00901,0.01802,0.11712,0.03604,0.04505,0.56054,0.01802,0.27928,0.0,1.0,0.02
2075,USA,无专项生育限制,520,276,151,0,9,1,1.1787,40.3286,0.0,0.04554,111.0497,0.18,0.53125,0.39897,0.27885,0.22632,0.0,0.0,0.1037,0.04444,0.08889,0.55435,0.0,0.2,0.0,0,0.02151
2076,CHN,三孩及配套支持,1724,835,281,5,25,5,1.6667,10.0965,0.26316,0.01072,34.477,0.06667,0.66953,0.40355,0.29828,0.7094,0.00805,0.00966,0.13527,0.05636,0.08696,0.3988,0.00966,0.17713,0.2,0.28,0.00177
2076,IND,国家家庭福利/计划生育项目（简化）,3763,1494,290,33,31,2,2.3606,3.8768,0.37037,0.00498,25.4696,0.03333,0.60799,0.40482,0.31188,1.17539,0.00605,0.00336,0.15333,0.07128,0.07532,0.42436,0.00336,0.13853,0.22222,0.23457,0.00171
2076,JPN,少子化支持政策（合并简化）,405,221,74,1,9,1,1.3107,24.1237,0.0,0.05497,90.5368,0.4,0.36667,0.3224,0.27419,0.14732,0.00909,0.01818,0.13636,0.00909,0.04545,0.56109,0.01818,0.29091,0.0,1.0,0.02069
2076,USA,无专项生育限制,515,276,151,1,8,4,1.1648,39.4651,0.5,0.04591,107.8844,0.18,0.55882,0.39761,0.27885,0.22304,0.0,0.0,0.0963,0.05185,0.08148,0.54348,0.0,0.2,0.0,0,0.02186
2077,CHN,三孩及配套支持,1709,828,279,5,18,8,1.669,10.3942,0.22222,0.01006,33.9033,0.07333,0.66524,0.40244,0.29638,0.68502,0.0079,0.00948,0.13586,0.05529,0.08689,0.39734,0.00948,0.17694,0.2,0.28,0.00179
2077,IND,国家家庭福利/计划生育项目（简化）,3761,1492,290,25,24,3,2.3473,3.9193,0.2963,0.00531,25.6758,0.03333,0.61194,0.40406,0.31258,1.15291,0.00674,0.00337,0.15037,0.07485,0.08024,0.4256,0.00337,0.14026,0.2,0.22,0.00171
2077,JPN,少子化支持政策（合并简化）,396,217,73,1,13,3,1.3202,26.3045,0.0,0.05898,89.2715,0.4,0.4,0.32425,0.27419,0.15357,0.00909,0.01818,0.12727,0.01818,0.04545,0.56221,0.01818,0.28182,0.0,1.0,0.02113
2077,USA,无专项生育限制,507,273,145,0,10,2,1.1705,42.0031,0.0,0.04453,108.4767,0.2,0.58824,0.39864,0.27885,0.22687,0.0,0.0,0.10606,0.04545,0.07576,0.54212,0.0,0.20455,0.0,0,0.02247
2078,CHN,三孩及配套支持,1679,806,278,9,33,6,1.6799,11.2615,0.1875,0.01022,34.1237,0.08,0.64979,0.40223,0.29536,0.64973,0.00937,0.00937,0.13281,0.05781,0.08438,0.39702,0.00937,0.17188,0.16667,0.27778,0.00182
2078,IND,国家家庭福利/计划生育项目（简化）,3744,1495,289,16,29,4,2.3301,4.0549,0.32258,0.00531,25.591,0.04,0.60829,0.40547,0.31356,1.15038,0.00672,0.00336,0.14987,0.07796,0.08333,0.42475,0.00336,0.13844,0.2,0.23457,0.00171
2078,JPN,少子化支持政策（合并简化）,398,216,73,1,7,8,1.305,24.6649,0.0,0.05851,94.7249,0.4,0.45161,0.32075,0.26562,0.15298,0.00885,0.0177,0.14159,0.0354,0.0531,0.55556,0.0177,0.27434,0.0,1.0,0.02055
2078,USA,无专项生育限制,495,268,141,2,16,2,1.1693,40.504,0.0,0.04574,110.3513,0.22,0.57576,0.39796,0.27885,0.20377,0.0,0.0,0.10606,0.04545,0.07576,0.54478,0.0,0.20455,0.0,0,0.02367
2079,CHN,三孩及配套支持,1657,802,275,4,28,2,1.6824,11.3652,0.5625,0.01097,33.92,0.08667,0.65432,0.4025,0.29498,0.63312,0.01235,0.00926,0.13272,0.05556,0.08796,0.40399,0.00926,0.17438,0.25,0.30612,0.00183
2079,IND,国家家庭福利/计划生育项目（简化）,3722,1494,288,17,35,6,2.3266,4.1555,0.4,0.00597,26.4171,0.04667,0.60606,0.40694,0.31667,1.14647,0.00669,0.00335,0.14793,0.0743,0.08367,0.42637,0.00335,0.13855,0.2,0.23457,0.00171
2079,JPN,少子化支持政策（合并简化）,395,215,71,1,6,2,1.3131,24.3706,0.0,0.05898,94.5127,0.41667,0.46667,0.31989,0.26562,0.15115,0.00909,0.01818,0.14545,0.01818,0.05455,0.54884,0.01818,0.28182,0.0,1.0,0.02069
2079,USA,无专项生育限制,482,259,138,0,13,6,1.1633,33.9974,0.0,0.04487,109.6348,0.22,0.58333,0.39898,0.27885,0.20234,0.0,0.0,0.10687,0.06107,0.08397,0.55985,0.0,0.18321,0.0,0,0.02424
2080,CHN,三孩及配套支持,1646,803,273,8,21,2,1.6867,11.0064,0.33333,0.01238,34.3917,0.09333,0.62651,0.40105,0.29436,0.61494,0.01221,0.00916,0.12824,0.04122,0.09313,0.40349,0.00916,0.17863,0.25,0.30612,0.00184
2080,IND,国家家庭福利/计划生育项目（简化）,3698,1492,287,15,33,6,2.3191,4.3952,0.35897,0.00596,26.5949,0.04667,0.60687,0.40849,0.31925,1.1429,0.00598,0.00332,0.14352,0.07375,0.07841,0.42359,0.00332,0.14352,0.22222,0.28125,0.00171
2080,JPN,少子化支持政策（合并简化）,391,214,69,0,7,3,1.3265,26.256,0.5,0.0593,91.1657,0.45,0.5,0.32086,0.26154,0.14739,0.00893,0.01786,0.13393,0.02679,0.05357,0.5514,0.01786,0.27679,0.0,1.0,0.01389
2080,USA,无专项生育限制,475,254,136,0,8,5,1.1618,32.7013,0.0,0.04121,108.4859,0.23,0.52941,0.39898,0.27885,0.20254,0.0,0.0,0.10236,0.07087,0.09449,0.56299,0.0,0.18898,0.0,0,0.01852
2081,CHN,三孩及配套支持,1630,788,273,9,23,12,1.6802,11.4679,0.38462,0.0132,35.1581,0.09333,0.62449,0.40095,0.29314,0.5948,0.01216,0.0076,0.11854,0.05319,0.09726,0.40102,0.0076,0.17933,0.25,0.30612,0.00186
2081,IND,国家家庭福利/计划生育项目（简化）,3666,1487,285,17,40,9,2.3073,4.5082,0.33333,0.00663,27.07,0.06,0.60566,0.40895,0.31781,1.13065,0.0066,0.0033,0.1471,0.06992,0.07586,0.42636,0.0033,0.14512,0.2,0.25926,0.00173
2081,JPN,少子化支持政策（合并简化）,379,207,68,0,14,2,1.3262,29.902,0.5,0.06061,88.927,0.45,0.5,0.3254,0.26154,0.16843,0.00877,0.00877,0.12281,0.04386,0.07018,0.54589,0.00877,0.26316,0.0,1.0,0.01399
2081,USA,无专项生育限制,473,251,133,1,12,9,1.1799,33.0059,1.0,0.04139,105.4283,0.23,0.52941,0.39831,0.27885,0.18805,0.0,0.0,0.11024,0.06299,0.09449,0.56972,0.0,0.18898,0.0,0,0.01875
2082,CHN,三孩及配套支持,1596,774,269,6,40,0,1.6702,12.3294,0.06667,0.01344,34.8844,0.10667,0.628,0.40047,0.29339,0.58689,0.01054,0.00753,0.12952,0.06325,0.09639,0.39276,0.00753,0.16867,0.28571,0.27778,0.00187
2082,IND,国家家庭福利/计划生育项目（简化）,3642,1485,283,17,41,0,2.304,4.6448,0.32258,0.00699,28.2612,0.06667,0.61278,0.40903,0.31829,1.12534,0.00655,0.00328,0.1481,0.06881,0.07798,0.42492,0.00328,0.14351,0.2,0.25926,0.00259
2082,JPN,少子化支持政策（合并简化）,374,202,66,3,8,0,1.3098,30.1816,0.0,0.05915,90.2118,0.46667,0.47059,0.3254,0.26154,0.14913,0.01802,0.00901,0.11712,0.04505,0.07207,0.5495,0.00901,0.25225,0.0,1.0,0.01429
2082,USA,无专项生育限制,459,245,129,0,14,0,1.1581,34.745,1.0,0.03812,108.2287,0.24,0.51515,0.39932,0.27885,0.17954,0.0,0.0,0.12195,0.04878,0.08943,0.58367,0.0,0.19512,0.0,0,0.01935
2083,CHN,三孩及配套支持,1571,759,269,7,28,6,1.6733,12.5661,0.09091,0.01292,35.7156,0.10667,0.62992,0.40075,0.29363,0.57211,0.0104,0.00892,0.13373,0.05795,0.09807,0.39526,0.00892,0.16939,0.14286,0.30612,0.00188
2083,IND,国家家庭福利/计划生育项目（简化）,3619,1475,280,20,37,6,2.2857,4.7623,0.25,0.00699,28.1247,0.08,0.6106,0.41017,0.31771,1.10099,0.00713,0.00324,0.14582,0.07259,0.07518,0.42644,0.00324,0.14064,0.18182,0.26,0.00261
2083,JPN,少子化支持政策（合并简化）,373,200,65,0,9,8,1.3077,27.2179,1.0,0.05949,88.9887,0.46667,0.5,0.32454,0.26154,0.14834,0.0177,0.0177,0.11504,0.02655,0.0708,0.55,0.0177,0.28319,0.0,1.0,0.01439
2083,USA,无专项生育限制,453,245,127,0,8,2,1.1595,34.8839,0.0,0.03864,108.6612,0.25,0.5,0.39932,0.27885,0.18817,0.0,0.0,0.11667,0.05833,0.1,0.58776,0.0,0.18333,0.0,0,0.01948
2084,CHN,三孩及配套支持,1559,755,268,9,21,0,1.6733,12.9421,0.375,0.01297,37.7355,0.11333,0.62977,0.40056,0.29592,0.54281,0.01183,0.00888,0.13018,0.05621,0.09763,0.39735,0.00888,0.17456,0.25,0.30612,0.00191
2084,IND,国家家庭福利/计划生育项目（简化）,3605,1474,276,21,37,2,2.2748,5.1299,0.32692,0.00695,29.7144,0.10667,0.60664,0.40985,0.31603,1.08827,0.00765,0.00255,0.1434,0.07011,0.07584,0.42673,0.00255,0.14277,0.16667,0.26,0.00262
2084,JPN,少子化支持政策（合并简化）,368,197,64,0,5,0,1.3146,25.1053,0.0,0.06,90.6524,0.48333,0.42857,0.32546,0.26866,0.15582,0.0177,0.0177,0.10619,0.04425,0.07965,0.56345,0.0177,0.26549,0.0,1.0,0.01429
2084,USA,无专项生育限制,441,238,125,0,10,2,1.1644,35.0255,0.0,0.03972,108.5167,0.25,0.55172,0.39932,0.27885,0.19068,0.0,0.0,0.07759,0.09483,0.08621,0.58403,0.0,0.18103,0.0,0,0.01987
2085,CHN,三孩及配套支持,1543,751,266,3,23,4,1.6786,13.1156,0.3,0.01378,40.0153,0.12,0.61654,0.40056,0.29615,0.53601,0.01045,0.00746,0.13284,0.05522,0.09851,0.3968,0.00746,0.17164,0.28571,0.38889,0.0038
2085,IND,国家家庭福利/计划生育项目（简化）,3576,1474,272,16,41,4,2.2587,5.3546,0.20455,0.00728,29.5134,0.13333,0.60377,0.4108,0.31849,1.08125,0.00763,0.00254,0.14812,0.06484,0.0801,0.43351,0.00254,0.14304,0.16667,0.26,0.00263
2085,JPN,少子化支持政策（合并简化）,362,195,63,1,9,2,1.3239,23.9547,0.0,0.06105,93.5385,0.48333,0.36111,0.32723,0.26866,0.15892,0.01786,0.00893,0.125,0.0625,0.08036,0.55385,0.00893,0.26786,0.0,1.0,0.01439
2085,USA,无专项生育限制,428,234,124,1,12,2,1.1667,35.2277,1.0,0.04096,107.14,0.26,0.57143,0.40034,0.27885,0.17442,0.0,0.0,0.07273,0.1,0.08182,0.5812,0.0,0.19091,0.0,0,0.02098
2086,CHN,三孩及配套支持,1518,731,263,9,27,7,1.6923,13.2273,0.44444,0.01327,41.925,0.13333,0.60769,0.4012,0.29697,0.50084,0.00904,0.00753,0.12952,0.05873,0.09488,0.40219,0.00753,0.16867,0.33333,0.36,0.00385
2086,IND,国家家庭福利/计划生育项目（简化）,3575,1483,272,30,30,1,2.255,5.6029,0.3125,0.00761,29.8849,0.13333,0.60033,0.41148,0.31969,1.073,0.00824,0.00254,0.14585,0.07102,0.08244,0.43088,0.00254,0.14268,0.15385,0.26,0.00261
2086,JPN,少子化支持政策（合并简化）,354,188,61,1,12,7,1.3155,24.2549,0.0,0.06306,91.3284,0.51667,0.37143,0.32723,0.26866,0.14947,0.01802,0.00901,0.12613,0.04505,0.08108,0.54255,0.00901,0.25225,0.0,1.0,0.01471
2086,USA,无专项生育限制,428,237,120,0,5,5,1.177,33.1571,0.0,0.04096,104.1544,0.28,0.53846,0.40034,0.27885,0.16774,0.0,0.0,0.08257,0.10092,0.08257,0.5865,0.0,0.19266,0.0,0,0.02143
2087,CHN,三孩及配套支持,1482,708,260,4,38,2,1.7052,13.4128,0.4,0.01433,44.3421,0.14667,0.59615,0.40119,0.29839,0.47878,0.00766,0.00766,0.13323,0.0536,0.09801,0.40254,0.00766,0.16998,0.2,0.375,0.00386
2087,IND,国家家庭福利/计划生育项目（简化）,3571,1489,270,23,27,0,2.2528,5.8722,0.19565,0.00723,31.0479,0.14,0.60645,0.41197,0.31833,1.06282,0.00873,0.00249,0.1409,0.07918,0.08292,0.43116,0.00249,0.14152,0.21429,0.26,0.0026
2087,JPN,少子化支持政策（合并简化）,350,186,59,1,7,2,1.2934,23.4081,0.0,0.06402,92.698,0.55,0.41176,0.32723,0.26866,0.13594,0.00917,0.00917,0.12844,0.04587,0.08257,0.54839,0.00917,0.23853,0.0,1.0,0.01504
2087,USA,无专项生育限制,418,230,117,0,10,0,1.1682,33.3023,0.0,0.03457,101.4629,0.29,0.53846,0.40034,0.27885,0.16762,0.00971,0.0,0.1068,0.06796,0.08738,0.59565,0.0,0.17476,1.0,0,0.0219
2088,CHN,三孩及配套支持,1459,691,256,6,29,0,1.716,13.5714,0.28571,0.01449,47.1182,0.16,0.57752,0.40183,0.29779,0.45472,0.00768,0.00922,0.13057,0.05837,0.10292,0.40666,0.00922,0.1659,0.2,0.375,0.00389
2088,IND,国家家庭福利/计划生育项目（简化）,3548,1483,266,23,46,0,2.2453,6.0461,0.27273,0.00724,31.4267,0.16,0.60031,0.41054,0.31568,1.04736,0.00739,0.00246,0.14048,0.07332,0.08133,0.43291,0.00246,0.14171,0.25,0.28125,0.0026
2088,JPN,少子化支持政策（合并简化）,343,182,57,0,7,0,1.3091,23.0282,1.0,0.05901,96.9569,0.55,0.41935,0.32637,0.26866,0.13548,0.00943,0.00943,0.13208,0.0566,0.08491,0.54396,0.00943,0.23585,0.0,1.0,0.01538
2088,USA,无专项生育限制,405,221,113,0,13,0,1.1517,33.5098,0.0,0.03061,106.1673,0.33,0.58333,0.40034,0.27885,0.16562,0.01042,0.0,0.11458,0.03125,0.08333,0.60181,0.0,0.1875,1.0,0,0.02239
2089,CHN,三孩及配套支持,1445,688,250,5,27,8,1.7188,13.4836,0.28571,0.01465,48.8907,0.17333,0.56863,0.40146,0.29779,0.44551,0.0108,0.00926,0.12654,0.05401,0.09568,0.40116,0.00926,0.1713,0.28571,0.38889,0.00385
2089,IND,国家家庭福利/计划生育项目（简化）,3521,1476,264,19,38,8,2.2463,6.3224,0.35484,0.00727,31.9461,0.16667,0.59404,0.41061,0.31472,1.03007,0.0068,0.00309,0.14224,0.06679,0.08411,0.43157,0.00309,0.13915,0.27273,0.30612,0.00174
2089,JPN,少子化支持政策（合并简化）,336,179,55,0,8,1,1.3333,24.7072,1.0,0.06013,95.5071,0.56667,0.3871,0.32552,0.26471,0.13352,0.00971,0.00971,0.13592,0.03883,0.08738,0.54749,0.00971,0.23301,0.0,1.0,0.01587
2089,USA,无专项生育限制,396,215,109,0,8,1,1.1463,28.0826,0.0,0.03125,109.2819,0.36,0.54545,0.40135,0.28571,0.16229,0.01075,0.0,0.10753,0.03226,0.08602,0.6093,0.0,0.1828,1.0,0,0.02273
2090,CHN,三孩及配套支持,1432,686,249,4,19,6,1.7266,14.0756,0.42857,0.01554,49.4466,0.17333,0.58498,0.40154,0.29719,0.43901,0.0125,0.00937,0.11406,0.05781,0.09688,0.39504,0.00937,0.17656,0.25,0.38889,0.00385
2090,IND,国家家庭福利/计划生育项目（简化）,3502,1476,262,24,37,6,2.2373,6.478,0.42424,0.00696,33.864,0.18,0.59565,0.41117,0.31529,1.02165,0.00559,0.0031,0.14029,0.0689,0.08504,0.42818,0.0031,0.14277,0.22222,0.27778,0.00087
2090,JPN,少子化支持政策（合并简化）,334,178,53,0,4,2,1.321,20.0592,0.0,0.05696,94.0964,0.58333,0.375,0.32383,0.26087,0.13942,0.0099,0.0099,0.11881,0.0297,0.08911,0.55056,0.0099,0.24752,0.0,1.0,0.01575
2090,USA,无专项生育限制,382,205,103,1,17,2,1.1531,29.6113,0.5,0.03235,114.3248,0.41,0.57895,0.40168,0.28302,0.1594,0.01099,0.0,0.08791,0.04396,0.08791,0.62439,0.0,0.18681,1.0,0,0.02362
2091,CHN,三孩及配套支持,1420,685,249,5,19,6,1.7247,14.639,0.36364,0.01639,51.253,0.17333,0.57874,0.40135,0.29659,0.4226,0.01097,0.0094,0.11599,0.04859,0.10345,0.39416,0.0094,0.18182,0.28571,0.36,0.00383
2091,IND,国家家庭福利/计划生育项目（简化）,3490,1477,260,24,35,7,2.217,6.6159,0.08333,0.00732,34.5663,0.19333,0.59219,0.41166,0.31401,1.01789,0.00503,0.00314,0.14016,0.06411,0.08485,0.43196,0.00314,0.14205,0.125,0.27778,0.00087
2091,JPN,少子化支持政策（合并简化）,325,175,53,0,9,0,1.327,23.242,0.5,0.06149,96.7571,0.58333,0.39394,0.32216,0.26087,0.14277,0.01,0.01,0.13,0.03,0.09,0.54857,0.01,0.26,0.0,1.0,0.01626
2091,USA,无专项生育限制,373,198,99,0,8,1,1.1799,30.0853,1.0,0.03306,116.0949,0.44,0.5625,0.40268,0.28037,0.15754,0.0119,0.0,0.07143,0.05952,0.07143,0.62121,0.0,0.21429,1.0,0,0.024
2092,CHN,三孩及配套支持,1411,680,247,9,19,1,1.7214,14.9558,0.55556,0.01572,53.6544,0.18,0.57422,0.40153,0.296,0.39699,0.00791,0.00949,0.12025,0.04114,0.10127,0.39412,0.00949,0.18038,0.2,0.55556,0.00384
2092,IND,国家家庭福利/计划生育项目（简化）,3472,1473,260,23,40,1,2.201,6.6926,0.39286,0.00768,35.7764,0.19333,0.59062,0.41063,0.31342,1.0141,0.00572,0.00318,0.14104,0.0737,0.08513,0.43381,0.00318,0.14485,0.11111,0.22449,0.00087
2092,JPN,少子化支持政策（合并简化）,321,174,52,0,4,0,1.3125,23.7953,0.0,0.0623,96.7368,0.6,0.41379,0.32216,0.26087,0.14512,0.01042,0.01042,0.125,0.03125,0.10417,0.54598,0.01042,0.25,0.0,1.0,0.01667
2092,USA,无专项生育限制,355,189,94,0,18,0,1.1878,30.1939,0.0,0.03478,115.6408,0.44,0.5625,0.40268,0.28037,0.16354,0.0122,0.0,0.09756,0.03659,0.07317,0.61905,0.0,0.20732,1.0,0,0.02564
2093,CHN,三孩及配套支持,1387,669,242,8,32,6,1.7248,15.4915,0.25,0.01609,55.4842,0.2,0.57438,0.40215,0.29741,0.38814,0.00813,0.00813,0.1187,0.05203,0.09756,0.39462,0.00813,0.18211,0.2,0.55556,0.00576
2093,IND,国家家庭福利/计划生育项目（简化）,3456,1474,257,24,38,8,2.1935,6.7833,0.36667,0.0067,36.942,0.2,0.57538,0.41056,0.31185,0.99594,0.00642,0.00321,0.1457,0.0751,0.08601,0.43691,0.00321,0.14442,0.1,0.21875,0.00087
2093,JPN,少子化支持政策（合并简化）,318,174,52,1,6,2,1.2981,24.6964,0.0,0.0596,94.3171,0.6,0.37037,0.32134,0.26087,0.13659,0.01031,0.01031,0.12371,0.01031,0.10309,0.54023,0.01031,0.23711,0.0,1.0,0.00862
2093,USA,无专项生育限制,346,184,93,0,9,0,1.1921,30.307,0.0,0.03571,114.9191,0.45,0.42857,0.40268,0.28037,0.16758,0.01266,0.0,0.10127,0.08861,0.06329,0.63043,0.0,0.20253,1.0,0,0.02609
2094,CHN,三孩及配套支持,1373,659,237,5,21,10,1.7383,16.1847,0.5,0.01629,54.5265,0.20667,0.56897,0.40197,0.2988,0.38044,0.00825,0.00825,0.11881,0.0462,0.09406,0.39605,0.00825,0.18152,0.2,0.55556,0.00578
2094,IND,国家家庭福利/计划生育项目（简化）,3445,1471,254,27,34,8,2.1823,6.5655,0.21875,0.00738,37.2097,0.20667,0.54697,0.41008,0.31443,0.97844,0.00646,0.00323,0.14544,0.07563,0.08533,0.43848,0.00323,0.14415,0.1,0.21875,0.0026
2094,JPN,少子化支持政策（合并简化）,318,173,52,0,3,3,1.3125,25.295,0.0,0.0596,95.291,0.6,0.36,0.32134,0.26087,0.13462,0.01099,0.01099,0.10989,0.01099,0.0989,0.53757,0.01099,0.23077,0.0,1.0,0.00855
2094,USA,无专项生育限制,336,180,92,0,9,5,1.1897,23.6578,0.0,0.03343,110.259,0.45,0.28571,0.40134,0.28037,0.16356,0.01333,0.0,0.14667,0.04,0.08,0.62778,0.0,0.21333,1.0,0,0.02679
2095,CHN,三孩及配套支持,1350,651,236,1,22,2,1.7302,17.2868,0.16667,0.01653,54.6078,0.20667,0.54839,0.40268,0.2996,0.37305,0.00839,0.00839,0.11745,0.05369,0.09396,0.40092,0.00839,0.18456,0.2,0.55556,0.00594
2095,IND,国家家庭福利/计划生育项目（简化）,3430,1471,253,25,38,2,2.1803,6.5648,0.2,0.0071,38.1205,0.21333,0.5425,0.41027,0.31379,0.96932,0.00528,0.0033,0.1438,0.0752,0.08707,0.44052,0.0033,0.14578,0.125,0.22222,0.00259
2095,JPN,少子化支持政策（合并简化）,320,174,52,0,2,4,1.2975,27.7365,0.5,0.05882,94.2373,0.6,0.44828,0.32225,0.25714,0.15552,0.01087,0.01087,0.09783,0.01087,0.09783,0.52874,0.01087,0.20652,0.0,1.0,0.00833
2095,USA,无专项生育限制,328,179,90,0,8,0,1.1919,22.5299,0.0,0.03427,110.5229,0.46,0.25,0.40134,0.28037,0.17672,0.01333,0.0,0.14667,0.04,0.08,0.6257,0.0,0.22667,1.0,0,0.02752
2096,CHN,三孩及配套支持,1342,643,231,5,16,3,1.7203,18.0653,0.81818,0.01738,59.0902,0.21333,0.53555,0.40249,0.2996,0.35529,0.00849,0.00849,0.10357,0.06791,0.09168,0.41213,0.00849,0.19015,0.2,0.55556,0.00592
2096,IND,国家家庭福利/计划生育项目（简化）,3412,1465,253,23,38,3,2.1688,6.9946,0.61905,0.00715,38.3433,0.21333,0.53438,0.40946,0.31288,0.95027,0.00539,0.00337,0.15094,0.06402,0.08491,0.43959,0.00337,0.14623,0.125,0.22222,0.00262
2096,JPN,少子化支持政策（合并简化）,316,171,52,0,3,1,1.2866,30.3333,0.0,0.05941,96.1413,0.6,0.41379,0.32143,0.25714,0.16116,0.01124,0.01124,0.07865,0.02247,0.10112,0.52047,0.01124,0.21348,0.0,1.0,0.00826
2096,USA,无专项生育限制,323,177,87,1,7,1,1.2,22.0677,0.0,0.03481,108.4228,0.47,0.16667,0.40234,0.28037,0.15991,0.01449,0.0,0.13043,0.05797,0.07246,0.63277,0.0,0.2029,1.0,0,0.0283
2097,CHN,三孩及配套支持,1332,634,226,5,16,5,1.7052,19.1075,0.33333,0.01669,59.5312,0.23333,0.52475,0.40275,0.2998,0.34073,0.01042,0.00868,0.10243,0.07118,0.08854,0.4164,0.00868,0.1875,0.16667,0.375,0.00594
2097,IND,国家家庭福利/计划生育项目（简化）,3410,1469,253,27,22,7,2.1637,7.4413,0.33333,0.00716,38.8903,0.21333,0.52215,0.40906,0.31168,0.93202,0.00684,0.00342,0.14579,0.06639,0.08077,0.43975,0.00342,0.14511,0.1,0.22449,0.00263
2097,JPN,少子化支持政策（合并简化）,309,167,51,2,9,0,1.2632,21.2751,0.0,0.05763,99.5288,0.61667,0.42308,0.32061,0.25714,0.15632,0.01176,0.01176,0.08235,0.08235,0.10588,0.52695,0.01176,0.22353,0.0,1.0,0.00847
2097,USA,无专项生育限制,325,177,86,2,6,6,1.2047,23.4927,0.0,0.03492,110.0127,0.48,0.25,0.40234,0.28037,0.14125,0.01449,0.0,0.13043,0.07246,0.08696,0.62147,0.0,0.21739,1.0,0,0.02885
2098,CHN,三孩及配套支持,1321,623,223,6,17,0,1.7057,20.9166,0.16667,0.01685,60.717,0.23333,0.5445,0.403,0.2998,0.32412,0.00883,0.00707,0.10777,0.07067,0.08657,0.41091,0.00707,0.18551,0.2,0.55556,0.00596
2098,IND,国家家庭福利/计划生育项目（简化）,3396,1471,250,21,33,2,2.1503,7.4243,0.46667,0.00751,38.362,0.22,0.52006,0.40922,0.31256,0.92565,0.00623,0.00415,0.14464,0.06159,0.08374,0.43848,0.00415,0.14464,0.11111,0.22222,0.00263
2098,JPN,少子化支持政策（合并简化）,304,164,51,0,5,0,1.2649,20.8237,0.0,0.05498,99.3576,0.61667,0.42308,0.3198,0.25714,0.14818,0.01205,0.01205,0.07229,0.06024,0.10843,0.54268,0.01205,0.21687,0.0,1.0,0.00862
2098,USA,无专项生育限制,321,177,85,0,6,2,1.2281,21.6228,0.0,0.03514,106.7123,0.48,0.30769,0.40266,0.28704,0.14101,0.0,0.0,0.12121,0.12121,0.09091,0.62147,0.0,0.21212,0.0,0,0.0297
2099,CHN,三孩及配套支持,1308,620,221,4,14,5,1.7023,21.4099,0.4,0.01784,63.3357,0.24667,0.54696,0.403,0.29921,0.31606,0.00912,0.00547,0.11314,0.04927,0.07847,0.4129,0.00547,0.18248,0.2,0.55556,0.00601
2099,IND,国家家庭福利/计划生育项目（简化）,3385,1473,250,27,37,1,2.1426,7.7769,0.3913,0.00789,39.0639,0.22,0.51815,0.40913,0.31169,0.90331,0.00563,0.00423,0.14085,0.0669,0.08521,0.43652,0.00423,0.14437,0.125,0.28,0.00264
2099,JPN,少子化支持政策（合并简化）,303,164,50,0,5,4,1.2649,22.0371,1.0,0.05536,97.6881,0.63333,0.4,0.31899,0.25714,0.15363,0.01235,0.01235,0.08642,0.03704,0.09877,0.54878,0.01235,0.23457,0.0,1.0,0.0087
2099,USA,无专项生育限制,313,173,84,0,8,0,1.2367,22.2361,0.0,0.03595,103.5109,0.49,0.35714,0.40365,0.28704,0.14363,0.0,0.0,0.10769,0.16923,0.07692,0.62428,0.0,0.21538,0.0,0,0.02062
2100,CHN,三孩及配套支持,1300,615,219,6,16,2,1.688,22.2011,0.22222,0.01962,66.0135,0.24667,0.54545,0.4036,0.30137,0.30004,0.00738,0.00554,0.11808,0.04059,0.07565,0.41463,0.00554,0.1845,0.0,0.55556,0.00605
2100,IND,国家家庭福利/计划生育项目（简化）,3361,1461,249,27,46,5,2.1226,8.0056,0.5,0.00868,39.7911,0.22667,0.52249,0.40875,0.31014,0.88894,0.00647,0.00432,0.14029,0.06403,0.08705,0.43874,0.00432,0.14604,0.11111,0.28,0.00265
2100,JPN,少子化支持政策（合并简化）,303,163,50,0,3,7,1.255,19.7655,1.0,0.0519,95.4756,0.63333,0.375,0.31818,0.25714,0.15259,0.0,0.01266,0.10127,0.03797,0.10127,0.54601,0.01266,0.22785,0.0,0,0.0087
2100,USA,无专项生育限制,306,172,83,0,7,0,1.2289,25.2666,0.0,0.03654,104.2499,0.5,0.53333,0.40563,0.28704,0.17223,0.0,0.0,0.125,0.14062,0.07812,0.62791,0.0,0.1875,0.0,0,0.01053
